z,x,y,relative_path
6,32,21,map/tiles/6/32/21.png
6,32,22,map/tiles/6/32/22.png
6,32,23,map/tiles/6/32/23.png
6,33,21,map/tiles/6/33/21.png
6,33,22,map/tiles/6/33/22.png
6,33,23,map/tiles/6/33/23.png
7,65,42,map/tiles/7/65/42.png
7,65,43,map/tiles/7/65/43.png
7,65,44,map/tiles/7/65/44.png
7,65,45,map/tiles/7/65/45.png
7,65,46,map/tiles/7/65/46.png
7,66,42,map/tiles/7/66/42.png
7,66,43,map/tiles/7/66/43.png
7,66,44,map/tiles/7/66/44.png
7,66,45,map/tiles/7/66/45.png
7,66,46,map/tiles/7/66/46.png
7,67,42,map/tiles/7/67/42.png
7,67,43,map/tiles/7/67/43.png
7,67,44,map/tiles/7/67/44.png
7,67,45,map/tiles/7/67/45.png
7,67,46,map/tiles/7/67/46.png
8,130,85,map/tiles/8/130/85.png
8,130,86,map/tiles/8/130/86.png
8,130,87,map/tiles/8/130/87.png
8,130,88,map/tiles/8/130/88.png
8,130,89,map/tiles/8/130/89.png
8,130,90,map/tiles/8/130/90.png
8,130,91,map/tiles/8/130/91.png
8,130,92,map/tiles/8/130/92.png
8,131,85,map/tiles/8/131/85.png
8,131,86,map/tiles/8/131/86.png
8,131,87,map/tiles/8/131/87.png
8,131,88,map/tiles/8/131/88.png
8,131,89,map/tiles/8/131/89.png
8,131,90,map/tiles/8/131/90.png
8,131,91,map/tiles/8/131/91.png
8,131,92,map/tiles/8/131/92.png
8,132,85,map/tiles/8/132/85.png
8,132,86,map/tiles/8/132/86.png
8,132,87,map/tiles/8/132/87.png
8,132,88,map/tiles/8/132/88.png
8,132,89,map/tiles/8/132/89.png
8,132,90,map/tiles/8/132/90.png
8,132,91,map/tiles/8/132/91.png
8,132,92,map/tiles/8/132/92.png
8,133,85,map/tiles/8/133/85.png
8,133,86,map/tiles/8/133/86.png
8,133,87,map/tiles/8/133/87.png
8,133,88,map/tiles/8/133/88.png
8,133,89,map/tiles/8/133/89.png
8,133,90,map/tiles/8/133/90.png
8,133,91,map/tiles/8/133/91.png
8,133,92,map/tiles/8/133/92.png
8,134,85,map/tiles/8/134/85.png
8,134,86,map/tiles/8/134/86.png
8,134,87,map/tiles/8/134/87.png
8,134,88,map/tiles/8/134/88.png
8,134,89,map/tiles/8/134/89.png
8,134,90,map/tiles/8/134/90.png
8,134,91,map/tiles/8/134/91.png
8,134,92,map/tiles/8/134/92.png
8,135,85,map/tiles/8/135/85.png
8,135,86,map/tiles/8/135/86.png
8,135,87,map/tiles/8/135/87.png
8,135,88,map/tiles/8/135/88.png
8,135,89,map/tiles/8/135/89.png
8,135,90,map/tiles/8/135/90.png
8,135,91,map/tiles/8/135/91.png
8,135,92,map/tiles/8/135/92.png
9,261,171,map/tiles/9/261/171.png
9,261,172,map/tiles/9/261/172.png
9,261,173,map/tiles/9/261/173.png
9,261,174,map/tiles/9/261/174.png
9,261,175,map/tiles/9/261/175.png
9,261,176,map/tiles/9/261/176.png
9,261,177,map/tiles/9/261/177.png
9,261,178,map/tiles/9/261/178.png
9,261,179,map/tiles/9/261/179.png
9,261,180,map/tiles/9/261/180.png
9,261,181,map/tiles/9/261/181.png
9,261,182,map/tiles/9/261/182.png
9,261,183,map/tiles/9/261/183.png
9,261,184,map/tiles/9/261/184.png
9,262,171,map/tiles/9/262/171.png
9,262,172,map/tiles/9/262/172.png
9,262,173,map/tiles/9/262/173.png
9,262,174,map/tiles/9/262/174.png
9,262,175,map/tiles/9/262/175.png
9,262,176,map/tiles/9/262/176.png
9,262,177,map/tiles/9/262/177.png
9,262,178,map/tiles/9/262/178.png
9,262,179,map/tiles/9/262/179.png
9,262,180,map/tiles/9/262/180.png
9,262,181,map/tiles/9/262/181.png
9,262,182,map/tiles/9/262/182.png
9,262,183,map/tiles/9/262/183.png
9,262,184,map/tiles/9/262/184.png
9,263,171,map/tiles/9/263/171.png
9,263,172,map/tiles/9/263/172.png
9,263,173,map/tiles/9/263/173.png
9,263,174,map/tiles/9/263/174.png
9,263,175,map/tiles/9/263/175.png
9,263,176,map/tiles/9/263/176.png
9,263,177,map/tiles/9/263/177.png
9,263,178,map/tiles/9/263/178.png
9,263,179,map/tiles/9/263/179.png
9,263,180,map/tiles/9/263/180.png
9,263,181,map/tiles/9/263/181.png
9,263,182,map/tiles/9/263/182.png
9,263,183,map/tiles/9/263/183.png
9,263,184,map/tiles/9/263/184.png
9,264,171,map/tiles/9/264/171.png
9,264,172,map/tiles/9/264/172.png
9,264,173,map/tiles/9/264/173.png
9,264,174,map/tiles/9/264/174.png
9,264,175,map/tiles/9/264/175.png
9,264,176,map/tiles/9/264/176.png
9,264,177,map/tiles/9/264/177.png
9,264,178,map/tiles/9/264/178.png
9,264,179,map/tiles/9/264/179.png
9,264,180,map/tiles/9/264/180.png
9,264,181,map/tiles/9/264/181.png
9,264,182,map/tiles/9/264/182.png
9,264,183,map/tiles/9/264/183.png
9,264,184,map/tiles/9/264/184.png
9,265,171,map/tiles/9/265/171.png
9,265,172,map/tiles/9/265/172.png
9,265,173,map/tiles/9/265/173.png
9,265,174,map/tiles/9/265/174.png
9,265,175,map/tiles/9/265/175.png
9,265,176,map/tiles/9/265/176.png
9,265,177,map/tiles/9/265/177.png
9,265,178,map/tiles/9/265/178.png
9,265,179,map/tiles/9/265/179.png
9,265,180,map/tiles/9/265/180.png
9,265,181,map/tiles/9/265/181.png
9,265,182,map/tiles/9/265/182.png
9,265,183,map/tiles/9/265/183.png
9,265,184,map/tiles/9/265/184.png
9,266,171,map/tiles/9/266/171.png
9,266,172,map/tiles/9/266/172.png
9,266,173,map/tiles/9/266/173.png
9,266,174,map/tiles/9/266/174.png
9,266,175,map/tiles/9/266/175.png
9,266,176,map/tiles/9/266/176.png
9,266,177,map/tiles/9/266/177.png
9,266,178,map/tiles/9/266/178.png
9,266,179,map/tiles/9/266/179.png
9,266,180,map/tiles/9/266/180.png
9,266,181,map/tiles/9/266/181.png
9,266,182,map/tiles/9/266/182.png
9,266,183,map/tiles/9/266/183.png
9,266,184,map/tiles/9/266/184.png
9,267,171,map/tiles/9/267/171.png
9,267,172,map/tiles/9/267/172.png
9,267,173,map/tiles/9/267/173.png
9,267,174,map/tiles/9/267/174.png
9,267,175,map/tiles/9/267/175.png
9,267,176,map/tiles/9/267/176.png
9,267,177,map/tiles/9/267/177.png
9,267,178,map/tiles/9/267/178.png
9,267,179,map/tiles/9/267/179.png
9,267,180,map/tiles/9/267/180.png
9,267,181,map/tiles/9/267/181.png
9,267,182,map/tiles/9/267/182.png
9,267,183,map/tiles/9/267/183.png
9,267,184,map/tiles/9/267/184.png
9,268,171,map/tiles/9/268/171.png
9,268,172,map/tiles/9/268/172.png
9,268,173,map/tiles/9/268/173.png
9,268,174,map/tiles/9/268/174.png
9,268,175,map/tiles/9/268/175.png
9,268,176,map/tiles/9/268/176.png
9,268,177,map/tiles/9/268/177.png
9,268,178,map/tiles/9/268/178.png
9,268,179,map/tiles/9/268/179.png
9,268,180,map/tiles/9/268/180.png
9,268,181,map/tiles/9/268/181.png
9,268,182,map/tiles/9/268/182.png
9,268,183,map/tiles/9/268/183.png
9,268,184,map/tiles/9/268/184.png
9,269,171,map/tiles/9/269/171.png
9,269,172,map/tiles/9/269/172.png
9,269,173,map/tiles/9/269/173.png
9,269,174,map/tiles/9/269/174.png
9,269,175,map/tiles/9/269/175.png
9,269,176,map/tiles/9/269/176.png
9,269,177,map/tiles/9/269/177.png
9,269,178,map/tiles/9/269/178.png
9,269,179,map/tiles/9/269/179.png
9,269,180,map/tiles/9/269/180.png
9,269,181,map/tiles/9/269/181.png
9,269,182,map/tiles/9/269/182.png
9,269,183,map/tiles/9/269/183.png
9,269,184,map/tiles/9/269/184.png
9,270,171,map/tiles/9/270/171.png
9,270,172,map/tiles/9/270/172.png
9,270,173,map/tiles/9/270/173.png
9,270,174,map/tiles/9/270/174.png
9,270,175,map/tiles/9/270/175.png
9,270,176,map/tiles/9/270/176.png
9,270,177,map/tiles/9/270/177.png
9,270,178,map/tiles/9/270/178.png
9,270,179,map/tiles/9/270/179.png
9,270,180,map/tiles/9/270/180.png
9,270,181,map/tiles/9/270/181.png
9,270,182,map/tiles/9/270/182.png
9,270,183,map/tiles/9/270/183.png
9,270,184,map/tiles/9/270/184.png
9,271,171,map/tiles/9/271/171.png
9,271,172,map/tiles/9/271/172.png
9,271,173,map/tiles/9/271/173.png
9,271,174,map/tiles/9/271/174.png
9,271,175,map/tiles/9/271/175.png
9,271,176,map/tiles/9/271/176.png
9,271,177,map/tiles/9/271/177.png
9,271,178,map/tiles/9/271/178.png
9,271,179,map/tiles/9/271/179.png
9,271,180,map/tiles/9/271/180.png
9,271,181,map/tiles/9/271/181.png
9,271,182,map/tiles/9/271/182.png
9,271,183,map/tiles/9/271/183.png
9,271,184,map/tiles/9/271/184.png
10,523,342,map/tiles/10/523/342.png
10,523,343,map/tiles/10/523/343.png
10,523,344,map/tiles/10/523/344.png
10,523,345,map/tiles/10/523/345.png
10,523,346,map/tiles/10/523/346.png
10,523,347,map/tiles/10/523/347.png
10,523,348,map/tiles/10/523/348.png
10,523,349,map/tiles/10/523/349.png
10,523,350,map/tiles/10/523/350.png
10,523,351,map/tiles/10/523/351.png
10,523,352,map/tiles/10/523/352.png
10,523,353,map/tiles/10/523/353.png
10,523,354,map/tiles/10/523/354.png
10,523,355,map/tiles/10/523/355.png
10,523,356,map/tiles/10/523/356.png
10,523,357,map/tiles/10/523/357.png
10,523,358,map/tiles/10/523/358.png
10,523,359,map/tiles/10/523/359.png
10,523,360,map/tiles/10/523/360.png
10,523,361,map/tiles/10/523/361.png
10,523,362,map/tiles/10/523/362.png
10,523,363,map/tiles/10/523/363.png
10,523,364,map/tiles/10/523/364.png
10,523,365,map/tiles/10/523/365.png
10,523,366,map/tiles/10/523/366.png
10,523,367,map/tiles/10/523/367.png
10,523,368,map/tiles/10/523/368.png
10,524,342,map/tiles/10/524/342.png
10,524,343,map/tiles/10/524/343.png
10,524,344,map/tiles/10/524/344.png
10,524,345,map/tiles/10/524/345.png
10,524,346,map/tiles/10/524/346.png
10,524,347,map/tiles/10/524/347.png
10,524,348,map/tiles/10/524/348.png
10,524,349,map/tiles/10/524/349.png
10,524,350,map/tiles/10/524/350.png
10,524,351,map/tiles/10/524/351.png
10,524,352,map/tiles/10/524/352.png
10,524,353,map/tiles/10/524/353.png
10,524,354,map/tiles/10/524/354.png
10,524,355,map/tiles/10/524/355.png
10,524,356,map/tiles/10/524/356.png
10,524,357,map/tiles/10/524/357.png
10,524,358,map/tiles/10/524/358.png
10,524,359,map/tiles/10/524/359.png
10,524,360,map/tiles/10/524/360.png
10,524,361,map/tiles/10/524/361.png
10,524,362,map/tiles/10/524/362.png
10,524,363,map/tiles/10/524/363.png
10,524,364,map/tiles/10/524/364.png
10,524,365,map/tiles/10/524/365.png
10,524,366,map/tiles/10/524/366.png
10,524,367,map/tiles/10/524/367.png
10,524,368,map/tiles/10/524/368.png
10,525,342,map/tiles/10/525/342.png
10,525,343,map/tiles/10/525/343.png
10,525,344,map/tiles/10/525/344.png
10,525,345,map/tiles/10/525/345.png
10,525,346,map/tiles/10/525/346.png
10,525,347,map/tiles/10/525/347.png
10,525,348,map/tiles/10/525/348.png
10,525,349,map/tiles/10/525/349.png
10,525,350,map/tiles/10/525/350.png
10,525,351,map/tiles/10/525/351.png
10,525,352,map/tiles/10/525/352.png
10,525,353,map/tiles/10/525/353.png
10,525,354,map/tiles/10/525/354.png
10,525,355,map/tiles/10/525/355.png
10,525,356,map/tiles/10/525/356.png
10,525,357,map/tiles/10/525/357.png
10,525,358,map/tiles/10/525/358.png
10,525,359,map/tiles/10/525/359.png
10,525,360,map/tiles/10/525/360.png
10,525,361,map/tiles/10/525/361.png
10,525,362,map/tiles/10/525/362.png
10,525,363,map/tiles/10/525/363.png
10,525,364,map/tiles/10/525/364.png
10,525,365,map/tiles/10/525/365.png
10,525,366,map/tiles/10/525/366.png
10,525,367,map/tiles/10/525/367.png
10,525,368,map/tiles/10/525/368.png
10,526,342,map/tiles/10/526/342.png
10,526,343,map/tiles/10/526/343.png
10,526,344,map/tiles/10/526/344.png
10,526,345,map/tiles/10/526/345.png
10,526,346,map/tiles/10/526/346.png
10,526,347,map/tiles/10/526/347.png
10,526,348,map/tiles/10/526/348.png
10,526,349,map/tiles/10/526/349.png
10,526,350,map/tiles/10/526/350.png
10,526,351,map/tiles/10/526/351.png
10,526,352,map/tiles/10/526/352.png
10,526,353,map/tiles/10/526/353.png
10,526,354,map/tiles/10/526/354.png
10,526,355,map/tiles/10/526/355.png
10,526,356,map/tiles/10/526/356.png
10,526,357,map/tiles/10/526/357.png
10,526,358,map/tiles/10/526/358.png
10,526,359,map/tiles/10/526/359.png
10,526,360,map/tiles/10/526/360.png
10,526,361,map/tiles/10/526/361.png
10,526,362,map/tiles/10/526/362.png
10,526,363,map/tiles/10/526/363.png
10,526,364,map/tiles/10/526/364.png
10,526,365,map/tiles/10/526/365.png
10,526,366,map/tiles/10/526/366.png
10,526,367,map/tiles/10/526/367.png
10,526,368,map/tiles/10/526/368.png
10,527,342,map/tiles/10/527/342.png
10,527,343,map/tiles/10/527/343.png
10,527,344,map/tiles/10/527/344.png
10,527,345,map/tiles/10/527/345.png
10,527,346,map/tiles/10/527/346.png
10,527,347,map/tiles/10/527/347.png
10,527,348,map/tiles/10/527/348.png
10,527,349,map/tiles/10/527/349.png
10,527,350,map/tiles/10/527/350.png
10,527,351,map/tiles/10/527/351.png
10,527,352,map/tiles/10/527/352.png
10,527,353,map/tiles/10/527/353.png
10,527,354,map/tiles/10/527/354.png
10,527,355,map/tiles/10/527/355.png
10,527,356,map/tiles/10/527/356.png
10,527,357,map/tiles/10/527/357.png
10,527,358,map/tiles/10/527/358.png
10,527,359,map/tiles/10/527/359.png
10,527,360,map/tiles/10/527/360.png
10,527,361,map/tiles/10/527/361.png
10,527,362,map/tiles/10/527/362.png
10,527,363,map/tiles/10/527/363.png
10,527,364,map/tiles/10/527/364.png
10,527,365,map/tiles/10/527/365.png
10,527,366,map/tiles/10/527/366.png
10,527,367,map/tiles/10/527/367.png
10,527,368,map/tiles/10/527/368.png
10,528,342,map/tiles/10/528/342.png
10,528,343,map/tiles/10/528/343.png
10,528,344,map/tiles/10/528/344.png
10,528,345,map/tiles/10/528/345.png
10,528,346,map/tiles/10/528/346.png
10,528,347,map/tiles/10/528/347.png
10,528,348,map/tiles/10/528/348.png
10,528,349,map/tiles/10/528/349.png
10,528,350,map/tiles/10/528/350.png
10,528,351,map/tiles/10/528/351.png
10,528,352,map/tiles/10/528/352.png
10,528,353,map/tiles/10/528/353.png
10,528,354,map/tiles/10/528/354.png
10,528,355,map/tiles/10/528/355.png
10,528,356,map/tiles/10/528/356.png
10,528,357,map/tiles/10/528/357.png
10,528,358,map/tiles/10/528/358.png
10,528,359,map/tiles/10/528/359.png
10,528,360,map/tiles/10/528/360.png
10,528,361,map/tiles/10/528/361.png
10,528,362,map/tiles/10/528/362.png
10,528,363,map/tiles/10/528/363.png
10,528,364,map/tiles/10/528/364.png
10,528,365,map/tiles/10/528/365.png
10,528,366,map/tiles/10/528/366.png
10,528,367,map/tiles/10/528/367.png
10,528,368,map/tiles/10/528/368.png
10,529,342,map/tiles/10/529/342.png
10,529,343,map/tiles/10/529/343.png
10,529,344,map/tiles/10/529/344.png
10,529,345,map/tiles/10/529/345.png
10,529,346,map/tiles/10/529/346.png
10,529,347,map/tiles/10/529/347.png
10,529,348,map/tiles/10/529/348.png
10,529,349,map/tiles/10/529/349.png
10,529,350,map/tiles/10/529/350.png
10,529,351,map/tiles/10/529/351.png
10,529,352,map/tiles/10/529/352.png
10,529,353,map/tiles/10/529/353.png
10,529,354,map/tiles/10/529/354.png
10,529,355,map/tiles/10/529/355.png
10,529,356,map/tiles/10/529/356.png
10,529,357,map/tiles/10/529/357.png
10,529,358,map/tiles/10/529/358.png
10,529,359,map/tiles/10/529/359.png
10,529,360,map/tiles/10/529/360.png
10,529,361,map/tiles/10/529/361.png
10,529,362,map/tiles/10/529/362.png
10,529,363,map/tiles/10/529/363.png
10,529,364,map/tiles/10/529/364.png
10,529,365,map/tiles/10/529/365.png
10,529,366,map/tiles/10/529/366.png
10,529,367,map/tiles/10/529/367.png
10,529,368,map/tiles/10/529/368.png
10,530,342,map/tiles/10/530/342.png
10,530,343,map/tiles/10/530/343.png
10,530,344,map/tiles/10/530/344.png
10,530,345,map/tiles/10/530/345.png
10,530,346,map/tiles/10/530/346.png
10,530,347,map/tiles/10/530/347.png
10,530,348,map/tiles/10/530/348.png
10,530,349,map/tiles/10/530/349.png
10,530,350,map/tiles/10/530/350.png
10,530,351,map/tiles/10/530/351.png
10,530,352,map/tiles/10/530/352.png
10,530,353,map/tiles/10/530/353.png
10,530,354,map/tiles/10/530/354.png
10,530,355,map/tiles/10/530/355.png
10,530,356,map/tiles/10/530/356.png
10,530,357,map/tiles/10/530/357.png
10,530,358,map/tiles/10/530/358.png
10,530,359,map/tiles/10/530/359.png
10,530,360,map/tiles/10/530/360.png
10,530,361,map/tiles/10/530/361.png
10,530,362,map/tiles/10/530/362.png
10,530,363,map/tiles/10/530/363.png
10,530,364,map/tiles/10/530/364.png
10,530,365,map/tiles/10/530/365.png
10,530,366,map/tiles/10/530/366.png
10,530,367,map/tiles/10/530/367.png
10,530,368,map/tiles/10/530/368.png
10,531,342,map/tiles/10/531/342.png
10,531,343,map/tiles/10/531/343.png
10,531,344,map/tiles/10/531/344.png
10,531,345,map/tiles/10/531/345.png
10,531,346,map/tiles/10/531/346.png
10,531,347,map/tiles/10/531/347.png
10,531,348,map/tiles/10/531/348.png
10,531,349,map/tiles/10/531/349.png
10,531,350,map/tiles/10/531/350.png
10,531,351,map/tiles/10/531/351.png
10,531,352,map/tiles/10/531/352.png
10,531,353,map/tiles/10/531/353.png
10,531,354,map/tiles/10/531/354.png
10,531,355,map/tiles/10/531/355.png
10,531,356,map/tiles/10/531/356.png
10,531,357,map/tiles/10/531/357.png
10,531,358,map/tiles/10/531/358.png
10,531,359,map/tiles/10/531/359.png
10,531,360,map/tiles/10/531/360.png
10,531,361,map/tiles/10/531/361.png
10,531,362,map/tiles/10/531/362.png
10,531,363,map/tiles/10/531/363.png
10,531,364,map/tiles/10/531/364.png
10,531,365,map/tiles/10/531/365.png
10,531,366,map/tiles/10/531/366.png
10,531,367,map/tiles/10/531/367.png
10,531,368,map/tiles/10/531/368.png
10,532,342,map/tiles/10/532/342.png
10,532,343,map/tiles/10/532/343.png
10,532,344,map/tiles/10/532/344.png
10,532,345,map/tiles/10/532/345.png
10,532,346,map/tiles/10/532/346.png
10,532,347,map/tiles/10/532/347.png
10,532,348,map/tiles/10/532/348.png
10,532,349,map/tiles/10/532/349.png
10,532,350,map/tiles/10/532/350.png
10,532,351,map/tiles/10/532/351.png
10,532,352,map/tiles/10/532/352.png
10,532,353,map/tiles/10/532/353.png
10,532,354,map/tiles/10/532/354.png
10,532,355,map/tiles/10/532/355.png
10,532,356,map/tiles/10/532/356.png
10,532,357,map/tiles/10/532/357.png
10,532,358,map/tiles/10/532/358.png
10,532,359,map/tiles/10/532/359.png
10,532,360,map/tiles/10/532/360.png
10,532,361,map/tiles/10/532/361.png
10,532,362,map/tiles/10/532/362.png
10,532,363,map/tiles/10/532/363.png
10,532,364,map/tiles/10/532/364.png
10,532,365,map/tiles/10/532/365.png
10,532,366,map/tiles/10/532/366.png
10,532,367,map/tiles/10/532/367.png
10,532,368,map/tiles/10/532/368.png
10,533,342,map/tiles/10/533/342.png
10,533,343,map/tiles/10/533/343.png
10,533,344,map/tiles/10/533/344.png
10,533,345,map/tiles/10/533/345.png
10,533,346,map/tiles/10/533/346.png
10,533,347,map/tiles/10/533/347.png
10,533,348,map/tiles/10/533/348.png
10,533,349,map/tiles/10/533/349.png
10,533,350,map/tiles/10/533/350.png
10,533,351,map/tiles/10/533/351.png
10,533,352,map/tiles/10/533/352.png
10,533,353,map/tiles/10/533/353.png
10,533,354,map/tiles/10/533/354.png
10,533,355,map/tiles/10/533/355.png
10,533,356,map/tiles/10/533/356.png
10,533,357,map/tiles/10/533/357.png
10,533,358,map/tiles/10/533/358.png
10,533,359,map/tiles/10/533/359.png
10,533,360,map/tiles/10/533/360.png
10,533,361,map/tiles/10/533/361.png
10,533,362,map/tiles/10/533/362.png
10,533,363,map/tiles/10/533/363.png
10,533,364,map/tiles/10/533/364.png
10,533,365,map/tiles/10/533/365.png
10,533,366,map/tiles/10/533/366.png
10,533,367,map/tiles/10/533/367.png
10,533,368,map/tiles/10/533/368.png
10,534,342,map/tiles/10/534/342.png
10,534,343,map/tiles/10/534/343.png
10,534,344,map/tiles/10/534/344.png
10,534,345,map/tiles/10/534/345.png
10,534,346,map/tiles/10/534/346.png
10,534,347,map/tiles/10/534/347.png
10,534,348,map/tiles/10/534/348.png
10,534,349,map/tiles/10/534/349.png
10,534,350,map/tiles/10/534/350.png
10,534,351,map/tiles/10/534/351.png
10,534,352,map/tiles/10/534/352.png
10,534,353,map/tiles/10/534/353.png
10,534,354,map/tiles/10/534/354.png
10,534,355,map/tiles/10/534/355.png
10,534,356,map/tiles/10/534/356.png
10,534,357,map/tiles/10/534/357.png
10,534,358,map/tiles/10/534/358.png
10,534,359,map/tiles/10/534/359.png
10,534,360,map/tiles/10/534/360.png
10,534,361,map/tiles/10/534/361.png
10,534,362,map/tiles/10/534/362.png
10,534,363,map/tiles/10/534/363.png
10,534,364,map/tiles/10/534/364.png
10,534,365,map/tiles/10/534/365.png
10,534,366,map/tiles/10/534/366.png
10,534,367,map/tiles/10/534/367.png
10,534,368,map/tiles/10/534/368.png
10,535,342,map/tiles/10/535/342.png
10,535,343,map/tiles/10/535/343.png
10,535,344,map/tiles/10/535/344.png
10,535,345,map/tiles/10/535/345.png
10,535,346,map/tiles/10/535/346.png
10,535,347,map/tiles/10/535/347.png
10,535,348,map/tiles/10/535/348.png
10,535,349,map/tiles/10/535/349.png
10,535,350,map/tiles/10/535/350.png
10,535,351,map/tiles/10/535/351.png
10,535,352,map/tiles/10/535/352.png
10,535,353,map/tiles/10/535/353.png
10,535,354,map/tiles/10/535/354.png
10,535,355,map/tiles/10/535/355.png
10,535,356,map/tiles/10/535/356.png
10,535,357,map/tiles/10/535/357.png
10,535,358,map/tiles/10/535/358.png
10,535,359,map/tiles/10/535/359.png
10,535,360,map/tiles/10/535/360.png
10,535,361,map/tiles/10/535/361.png
10,535,362,map/tiles/10/535/362.png
10,535,363,map/tiles/10/535/363.png
10,535,364,map/tiles/10/535/364.png
10,535,365,map/tiles/10/535/365.png
10,535,366,map/tiles/10/535/366.png
10,535,367,map/tiles/10/535/367.png
10,535,368,map/tiles/10/535/368.png
10,536,342,map/tiles/10/536/342.png
10,536,343,map/tiles/10/536/343.png
10,536,344,map/tiles/10/536/344.png
10,536,345,map/tiles/10/536/345.png
10,536,346,map/tiles/10/536/346.png
10,536,347,map/tiles/10/536/347.png
10,536,348,map/tiles/10/536/348.png
10,536,349,map/tiles/10/536/349.png
10,536,350,map/tiles/10/536/350.png
10,536,351,map/tiles/10/536/351.png
10,536,352,map/tiles/10/536/352.png
10,536,353,map/tiles/10/536/353.png
10,536,354,map/tiles/10/536/354.png
10,536,355,map/tiles/10/536/355.png
10,536,356,map/tiles/10/536/356.png
10,536,357,map/tiles/10/536/357.png
10,536,358,map/tiles/10/536/358.png
10,536,359,map/tiles/10/536/359.png
10,536,360,map/tiles/10/536/360.png
10,536,361,map/tiles/10/536/361.png
10,536,362,map/tiles/10/536/362.png
10,536,363,map/tiles/10/536/363.png
10,536,364,map/tiles/10/536/364.png
10,536,365,map/tiles/10/536/365.png
10,536,366,map/tiles/10/536/366.png
10,536,367,map/tiles/10/536/367.png
10,536,368,map/tiles/10/536/368.png
10,537,342,map/tiles/10/537/342.png
10,537,343,map/tiles/10/537/343.png
10,537,344,map/tiles/10/537/344.png
10,537,345,map/tiles/10/537/345.png
10,537,346,map/tiles/10/537/346.png
10,537,347,map/tiles/10/537/347.png
10,537,348,map/tiles/10/537/348.png
10,537,349,map/tiles/10/537/349.png
10,537,350,map/tiles/10/537/350.png
10,537,351,map/tiles/10/537/351.png
10,537,352,map/tiles/10/537/352.png
10,537,353,map/tiles/10/537/353.png
10,537,354,map/tiles/10/537/354.png
10,537,355,map/tiles/10/537/355.png
10,537,356,map/tiles/10/537/356.png
10,537,357,map/tiles/10/537/357.png
10,537,358,map/tiles/10/537/358.png
10,537,359,map/tiles/10/537/359.png
10,537,360,map/tiles/10/537/360.png
10,537,361,map/tiles/10/537/361.png
10,537,362,map/tiles/10/537/362.png
10,537,363,map/tiles/10/537/363.png
10,537,364,map/tiles/10/537/364.png
10,537,365,map/tiles/10/537/365.png
10,537,366,map/tiles/10/537/366.png
10,537,367,map/tiles/10/537/367.png
10,537,368,map/tiles/10/537/368.png
10,538,342,map/tiles/10/538/342.png
10,538,343,map/tiles/10/538/343.png
10,538,344,map/tiles/10/538/344.png
10,538,345,map/tiles/10/538/345.png
10,538,346,map/tiles/10/538/346.png
10,538,347,map/tiles/10/538/347.png
10,538,348,map/tiles/10/538/348.png
10,538,349,map/tiles/10/538/349.png
10,538,350,map/tiles/10/538/350.png
10,538,351,map/tiles/10/538/351.png
10,538,352,map/tiles/10/538/352.png
10,538,353,map/tiles/10/538/353.png
10,538,354,map/tiles/10/538/354.png
10,538,355,map/tiles/10/538/355.png
10,538,356,map/tiles/10/538/356.png
10,538,357,map/tiles/10/538/357.png
10,538,358,map/tiles/10/538/358.png
10,538,359,map/tiles/10/538/359.png
10,538,360,map/tiles/10/538/360.png
10,538,361,map/tiles/10/538/361.png
10,538,362,map/tiles/10/538/362.png
10,538,363,map/tiles/10/538/363.png
10,538,364,map/tiles/10/538/364.png
10,538,365,map/tiles/10/538/365.png
10,538,366,map/tiles/10/538/366.png
10,538,367,map/tiles/10/538/367.png
10,538,368,map/tiles/10/538/368.png
10,539,342,map/tiles/10/539/342.png
10,539,343,map/tiles/10/539/343.png
10,539,344,map/tiles/10/539/344.png
10,539,345,map/tiles/10/539/345.png
10,539,346,map/tiles/10/539/346.png
10,539,347,map/tiles/10/539/347.png
10,539,348,map/tiles/10/539/348.png
10,539,349,map/tiles/10/539/349.png
10,539,350,map/tiles/10/539/350.png
10,539,351,map/tiles/10/539/351.png
10,539,352,map/tiles/10/539/352.png
10,539,353,map/tiles/10/539/353.png
10,539,354,map/tiles/10/539/354.png
10,539,355,map/tiles/10/539/355.png
10,539,356,map/tiles/10/539/356.png
10,539,357,map/tiles/10/539/357.png
10,539,358,map/tiles/10/539/358.png
10,539,359,map/tiles/10/539/359.png
10,539,360,map/tiles/10/539/360.png
10,539,361,map/tiles/10/539/361.png
10,539,362,map/tiles/10/539/362.png
10,539,363,map/tiles/10/539/363.png
10,539,364,map/tiles/10/539/364.png
10,539,365,map/tiles/10/539/365.png
10,539,366,map/tiles/10/539/366.png
10,539,367,map/tiles/10/539/367.png
10,539,368,map/tiles/10/539/368.png
10,540,342,map/tiles/10/540/342.png
10,540,343,map/tiles/10/540/343.png
10,540,344,map/tiles/10/540/344.png
10,540,345,map/tiles/10/540/345.png
10,540,346,map/tiles/10/540/346.png
10,540,347,map/tiles/10/540/347.png
10,540,348,map/tiles/10/540/348.png
10,540,349,map/tiles/10/540/349.png
10,540,350,map/tiles/10/540/350.png
10,540,351,map/tiles/10/540/351.png
10,540,352,map/tiles/10/540/352.png
10,540,353,map/tiles/10/540/353.png
10,540,354,map/tiles/10/540/354.png
10,540,355,map/tiles/10/540/355.png
10,540,356,map/tiles/10/540/356.png
10,540,357,map/tiles/10/540/357.png
10,540,358,map/tiles/10/540/358.png
10,540,359,map/tiles/10/540/359.png
10,540,360,map/tiles/10/540/360.png
10,540,361,map/tiles/10/540/361.png
10,540,362,map/tiles/10/540/362.png
10,540,363,map/tiles/10/540/363.png
10,540,364,map/tiles/10/540/364.png
10,540,365,map/tiles/10/540/365.png
10,540,366,map/tiles/10/540/366.png
10,540,367,map/tiles/10/540/367.png
10,540,368,map/tiles/10/540/368.png
10,541,342,map/tiles/10/541/342.png
10,541,343,map/tiles/10/541/343.png
10,541,344,map/tiles/10/541/344.png
10,541,345,map/tiles/10/541/345.png
10,541,346,map/tiles/10/541/346.png
10,541,347,map/tiles/10/541/347.png
10,541,348,map/tiles/10/541/348.png
10,541,349,map/tiles/10/541/349.png
10,541,350,map/tiles/10/541/350.png
10,541,351,map/tiles/10/541/351.png
10,541,352,map/tiles/10/541/352.png
10,541,353,map/tiles/10/541/353.png
10,541,354,map/tiles/10/541/354.png
10,541,355,map/tiles/10/541/355.png
10,541,356,map/tiles/10/541/356.png
10,541,357,map/tiles/10/541/357.png
10,541,358,map/tiles/10/541/358.png
10,541,359,map/tiles/10/541/359.png
10,541,360,map/tiles/10/541/360.png
10,541,361,map/tiles/10/541/361.png
10,541,362,map/tiles/10/541/362.png
10,541,363,map/tiles/10/541/363.png
10,541,364,map/tiles/10/541/364.png
10,541,365,map/tiles/10/541/365.png
10,541,366,map/tiles/10/541/366.png
10,541,367,map/tiles/10/541/367.png
10,541,368,map/tiles/10/541/368.png
10,542,342,map/tiles/10/542/342.png
10,542,343,map/tiles/10/542/343.png
10,542,344,map/tiles/10/542/344.png
10,542,345,map/tiles/10/542/345.png
10,542,346,map/tiles/10/542/346.png
10,542,347,map/tiles/10/542/347.png
10,542,348,map/tiles/10/542/348.png
10,542,349,map/tiles/10/542/349.png
10,542,350,map/tiles/10/542/350.png
10,542,351,map/tiles/10/542/351.png
10,542,352,map/tiles/10/542/352.png
10,542,353,map/tiles/10/542/353.png
10,542,354,map/tiles/10/542/354.png
10,542,355,map/tiles/10/542/355.png
10,542,356,map/tiles/10/542/356.png
10,542,357,map/tiles/10/542/357.png
10,542,358,map/tiles/10/542/358.png
10,542,359,map/tiles/10/542/359.png
10,542,360,map/tiles/10/542/360.png
10,542,361,map/tiles/10/542/361.png
10,542,362,map/tiles/10/542/362.png
10,542,363,map/tiles/10/542/363.png
10,542,364,map/tiles/10/542/364.png
10,542,365,map/tiles/10/542/365.png
10,542,366,map/tiles/10/542/366.png
10,542,367,map/tiles/10/542/367.png
10,542,368,map/tiles/10/542/368.png
10,543,342,map/tiles/10/543/342.png
10,543,343,map/tiles/10/543/343.png
10,543,344,map/tiles/10/543/344.png
10,543,345,map/tiles/10/543/345.png
10,543,346,map/tiles/10/543/346.png
10,543,347,map/tiles/10/543/347.png
10,543,348,map/tiles/10/543/348.png
10,543,349,map/tiles/10/543/349.png
10,543,350,map/tiles/10/543/350.png
10,543,351,map/tiles/10/543/351.png
10,543,352,map/tiles/10/543/352.png
10,543,353,map/tiles/10/543/353.png
10,543,354,map/tiles/10/543/354.png
10,543,355,map/tiles/10/543/355.png
10,543,356,map/tiles/10/543/356.png
10,543,357,map/tiles/10/543/357.png
10,543,358,map/tiles/10/543/358.png
10,543,359,map/tiles/10/543/359.png
10,543,360,map/tiles/10/543/360.png
10,543,361,map/tiles/10/543/361.png
10,543,362,map/tiles/10/543/362.png
10,543,363,map/tiles/10/543/363.png
10,543,364,map/tiles/10/543/364.png
10,543,365,map/tiles/10/543/365.png
10,543,366,map/tiles/10/543/366.png
10,543,367,map/tiles/10/543/367.png
10,543,368,map/tiles/10/543/368.png
11,1046,685,map/tiles/11/1046/685.png
11,1046,686,map/tiles/11/1046/686.png
11,1046,687,map/tiles/11/1046/687.png
11,1046,688,map/tiles/11/1046/688.png
11,1046,689,map/tiles/11/1046/689.png
11,1046,690,map/tiles/11/1046/690.png
11,1046,691,map/tiles/11/1046/691.png
11,1046,692,map/tiles/11/1046/692.png
11,1046,693,map/tiles/11/1046/693.png
11,1046,694,map/tiles/11/1046/694.png
11,1046,695,map/tiles/11/1046/695.png
11,1046,696,map/tiles/11/1046/696.png
11,1046,697,map/tiles/11/1046/697.png
11,1046,698,map/tiles/11/1046/698.png
11,1046,699,map/tiles/11/1046/699.png
11,1046,700,map/tiles/11/1046/700.png
11,1046,701,map/tiles/11/1046/701.png
11,1046,702,map/tiles/11/1046/702.png
11,1046,703,map/tiles/11/1046/703.png
11,1046,704,map/tiles/11/1046/704.png
11,1046,705,map/tiles/11/1046/705.png
11,1046,706,map/tiles/11/1046/706.png
11,1046,707,map/tiles/11/1046/707.png
11,1046,708,map/tiles/11/1046/708.png
11,1046,709,map/tiles/11/1046/709.png
11,1046,710,map/tiles/11/1046/710.png
11,1046,711,map/tiles/11/1046/711.png
11,1046,712,map/tiles/11/1046/712.png
11,1046,713,map/tiles/11/1046/713.png
11,1046,714,map/tiles/11/1046/714.png
11,1046,715,map/tiles/11/1046/715.png
11,1046,716,map/tiles/11/1046/716.png
11,1046,717,map/tiles/11/1046/717.png
11,1046,718,map/tiles/11/1046/718.png
11,1046,719,map/tiles/11/1046/719.png
11,1046,720,map/tiles/11/1046/720.png
11,1046,721,map/tiles/11/1046/721.png
11,1046,722,map/tiles/11/1046/722.png
11,1046,723,map/tiles/11/1046/723.png
11,1046,724,map/tiles/11/1046/724.png
11,1046,725,map/tiles/11/1046/725.png
11,1046,726,map/tiles/11/1046/726.png
11,1046,727,map/tiles/11/1046/727.png
11,1046,728,map/tiles/11/1046/728.png
11,1046,729,map/tiles/11/1046/729.png
11,1046,730,map/tiles/11/1046/730.png
11,1046,731,map/tiles/11/1046/731.png
11,1046,732,map/tiles/11/1046/732.png
11,1046,733,map/tiles/11/1046/733.png
11,1046,734,map/tiles/11/1046/734.png
11,1046,735,map/tiles/11/1046/735.png
11,1046,736,map/tiles/11/1046/736.png
11,1046,737,map/tiles/11/1046/737.png
11,1047,685,map/tiles/11/1047/685.png
11,1047,686,map/tiles/11/1047/686.png
11,1047,687,map/tiles/11/1047/687.png
11,1047,688,map/tiles/11/1047/688.png
11,1047,689,map/tiles/11/1047/689.png
11,1047,690,map/tiles/11/1047/690.png
11,1047,691,map/tiles/11/1047/691.png
11,1047,692,map/tiles/11/1047/692.png
11,1047,693,map/tiles/11/1047/693.png
11,1047,694,map/tiles/11/1047/694.png
11,1047,695,map/tiles/11/1047/695.png
11,1047,696,map/tiles/11/1047/696.png
11,1047,697,map/tiles/11/1047/697.png
11,1047,698,map/tiles/11/1047/698.png
11,1047,699,map/tiles/11/1047/699.png
11,1047,700,map/tiles/11/1047/700.png
11,1047,701,map/tiles/11/1047/701.png
11,1047,702,map/tiles/11/1047/702.png
11,1047,703,map/tiles/11/1047/703.png
11,1047,704,map/tiles/11/1047/704.png
11,1047,705,map/tiles/11/1047/705.png
11,1047,706,map/tiles/11/1047/706.png
11,1047,707,map/tiles/11/1047/707.png
11,1047,708,map/tiles/11/1047/708.png
11,1047,709,map/tiles/11/1047/709.png
11,1047,710,map/tiles/11/1047/710.png
11,1047,711,map/tiles/11/1047/711.png
11,1047,712,map/tiles/11/1047/712.png
11,1047,713,map/tiles/11/1047/713.png
11,1047,714,map/tiles/11/1047/714.png
11,1047,715,map/tiles/11/1047/715.png
11,1047,716,map/tiles/11/1047/716.png
11,1047,717,map/tiles/11/1047/717.png
11,1047,718,map/tiles/11/1047/718.png
11,1047,719,map/tiles/11/1047/719.png
11,1047,720,map/tiles/11/1047/720.png
11,1047,721,map/tiles/11/1047/721.png
11,1047,722,map/tiles/11/1047/722.png
11,1047,723,map/tiles/11/1047/723.png
11,1047,724,map/tiles/11/1047/724.png
11,1047,725,map/tiles/11/1047/725.png
11,1047,726,map/tiles/11/1047/726.png
11,1047,727,map/tiles/11/1047/727.png
11,1047,728,map/tiles/11/1047/728.png
11,1047,729,map/tiles/11/1047/729.png
11,1047,730,map/tiles/11/1047/730.png
11,1047,731,map/tiles/11/1047/731.png
11,1047,732,map/tiles/11/1047/732.png
11,1047,733,map/tiles/11/1047/733.png
11,1047,734,map/tiles/11/1047/734.png
11,1047,735,map/tiles/11/1047/735.png
11,1047,736,map/tiles/11/1047/736.png
11,1047,737,map/tiles/11/1047/737.png
11,1048,685,map/tiles/11/1048/685.png
11,1048,686,map/tiles/11/1048/686.png
11,1048,687,map/tiles/11/1048/687.png
11,1048,688,map/tiles/11/1048/688.png
11,1048,689,map/tiles/11/1048/689.png
11,1048,690,map/tiles/11/1048/690.png
11,1048,691,map/tiles/11/1048/691.png
11,1048,692,map/tiles/11/1048/692.png
11,1048,693,map/tiles/11/1048/693.png
11,1048,694,map/tiles/11/1048/694.png
11,1048,695,map/tiles/11/1048/695.png
11,1048,696,map/tiles/11/1048/696.png
11,1048,697,map/tiles/11/1048/697.png
11,1048,698,map/tiles/11/1048/698.png
11,1048,699,map/tiles/11/1048/699.png
11,1048,700,map/tiles/11/1048/700.png
11,1048,701,map/tiles/11/1048/701.png
11,1048,702,map/tiles/11/1048/702.png
11,1048,703,map/tiles/11/1048/703.png
11,1048,704,map/tiles/11/1048/704.png
11,1048,705,map/tiles/11/1048/705.png
11,1048,706,map/tiles/11/1048/706.png
11,1048,707,map/tiles/11/1048/707.png
11,1048,708,map/tiles/11/1048/708.png
11,1048,709,map/tiles/11/1048/709.png
11,1048,710,map/tiles/11/1048/710.png
11,1048,711,map/tiles/11/1048/711.png
11,1048,712,map/tiles/11/1048/712.png
11,1048,713,map/tiles/11/1048/713.png
11,1048,714,map/tiles/11/1048/714.png
11,1048,715,map/tiles/11/1048/715.png
11,1048,716,map/tiles/11/1048/716.png
11,1048,717,map/tiles/11/1048/717.png
11,1048,718,map/tiles/11/1048/718.png
11,1048,719,map/tiles/11/1048/719.png
11,1048,720,map/tiles/11/1048/720.png
11,1048,721,map/tiles/11/1048/721.png
11,1048,722,map/tiles/11/1048/722.png
11,1048,723,map/tiles/11/1048/723.png
11,1048,724,map/tiles/11/1048/724.png
11,1048,725,map/tiles/11/1048/725.png
11,1048,726,map/tiles/11/1048/726.png
11,1048,727,map/tiles/11/1048/727.png
11,1048,728,map/tiles/11/1048/728.png
11,1048,729,map/tiles/11/1048/729.png
11,1048,730,map/tiles/11/1048/730.png
11,1048,731,map/tiles/11/1048/731.png
11,1048,732,map/tiles/11/1048/732.png
11,1048,733,map/tiles/11/1048/733.png
11,1048,734,map/tiles/11/1048/734.png
11,1048,735,map/tiles/11/1048/735.png
11,1048,736,map/tiles/11/1048/736.png
11,1048,737,map/tiles/11/1048/737.png
11,1049,685,map/tiles/11/1049/685.png
11,1049,686,map/tiles/11/1049/686.png
11,1049,687,map/tiles/11/1049/687.png
11,1049,688,map/tiles/11/1049/688.png
11,1049,689,map/tiles/11/1049/689.png
11,1049,690,map/tiles/11/1049/690.png
11,1049,691,map/tiles/11/1049/691.png
11,1049,692,map/tiles/11/1049/692.png
11,1049,693,map/tiles/11/1049/693.png
11,1049,694,map/tiles/11/1049/694.png
11,1049,695,map/tiles/11/1049/695.png
11,1049,696,map/tiles/11/1049/696.png
11,1049,697,map/tiles/11/1049/697.png
11,1049,698,map/tiles/11/1049/698.png
11,1049,699,map/tiles/11/1049/699.png
11,1049,700,map/tiles/11/1049/700.png
11,1049,701,map/tiles/11/1049/701.png
11,1049,702,map/tiles/11/1049/702.png
11,1049,703,map/tiles/11/1049/703.png
11,1049,704,map/tiles/11/1049/704.png
11,1049,705,map/tiles/11/1049/705.png
11,1049,706,map/tiles/11/1049/706.png
11,1049,707,map/tiles/11/1049/707.png
11,1049,708,map/tiles/11/1049/708.png
11,1049,709,map/tiles/11/1049/709.png
11,1049,710,map/tiles/11/1049/710.png
11,1049,711,map/tiles/11/1049/711.png
11,1049,712,map/tiles/11/1049/712.png
11,1049,713,map/tiles/11/1049/713.png
11,1049,714,map/tiles/11/1049/714.png
11,1049,715,map/tiles/11/1049/715.png
11,1049,716,map/tiles/11/1049/716.png
11,1049,717,map/tiles/11/1049/717.png
11,1049,718,map/tiles/11/1049/718.png
11,1049,719,map/tiles/11/1049/719.png
11,1049,720,map/tiles/11/1049/720.png
11,1049,721,map/tiles/11/1049/721.png
11,1049,722,map/tiles/11/1049/722.png
11,1049,723,map/tiles/11/1049/723.png
11,1049,724,map/tiles/11/1049/724.png
11,1049,725,map/tiles/11/1049/725.png
11,1049,726,map/tiles/11/1049/726.png
11,1049,727,map/tiles/11/1049/727.png
11,1049,728,map/tiles/11/1049/728.png
11,1049,729,map/tiles/11/1049/729.png
11,1049,730,map/tiles/11/1049/730.png
11,1049,731,map/tiles/11/1049/731.png
11,1049,732,map/tiles/11/1049/732.png
11,1049,733,map/tiles/11/1049/733.png
11,1049,734,map/tiles/11/1049/734.png
11,1049,735,map/tiles/11/1049/735.png
11,1049,736,map/tiles/11/1049/736.png
11,1049,737,map/tiles/11/1049/737.png
11,1050,685,map/tiles/11/1050/685.png
11,1050,686,map/tiles/11/1050/686.png
11,1050,687,map/tiles/11/1050/687.png
11,1050,688,map/tiles/11/1050/688.png
11,1050,689,map/tiles/11/1050/689.png
11,1050,690,map/tiles/11/1050/690.png
11,1050,691,map/tiles/11/1050/691.png
11,1050,692,map/tiles/11/1050/692.png
11,1050,693,map/tiles/11/1050/693.png
11,1050,694,map/tiles/11/1050/694.png
11,1050,695,map/tiles/11/1050/695.png
11,1050,696,map/tiles/11/1050/696.png
11,1050,697,map/tiles/11/1050/697.png
11,1050,698,map/tiles/11/1050/698.png
11,1050,699,map/tiles/11/1050/699.png
11,1050,700,map/tiles/11/1050/700.png
11,1050,701,map/tiles/11/1050/701.png
11,1050,702,map/tiles/11/1050/702.png
11,1050,703,map/tiles/11/1050/703.png
11,1050,704,map/tiles/11/1050/704.png
11,1050,705,map/tiles/11/1050/705.png
11,1050,706,map/tiles/11/1050/706.png
11,1050,707,map/tiles/11/1050/707.png
11,1050,708,map/tiles/11/1050/708.png
11,1050,709,map/tiles/11/1050/709.png
11,1050,710,map/tiles/11/1050/710.png
11,1050,711,map/tiles/11/1050/711.png
11,1050,712,map/tiles/11/1050/712.png
11,1050,713,map/tiles/11/1050/713.png
11,1050,714,map/tiles/11/1050/714.png
11,1050,715,map/tiles/11/1050/715.png
11,1050,716,map/tiles/11/1050/716.png
11,1050,717,map/tiles/11/1050/717.png
11,1050,718,map/tiles/11/1050/718.png
11,1050,719,map/tiles/11/1050/719.png
11,1050,720,map/tiles/11/1050/720.png
11,1050,721,map/tiles/11/1050/721.png
11,1050,722,map/tiles/11/1050/722.png
11,1050,723,map/tiles/11/1050/723.png
11,1050,724,map/tiles/11/1050/724.png
11,1050,725,map/tiles/11/1050/725.png
11,1050,726,map/tiles/11/1050/726.png
11,1050,727,map/tiles/11/1050/727.png
11,1050,728,map/tiles/11/1050/728.png
11,1050,729,map/tiles/11/1050/729.png
11,1050,730,map/tiles/11/1050/730.png
11,1050,731,map/tiles/11/1050/731.png
11,1050,732,map/tiles/11/1050/732.png
11,1050,733,map/tiles/11/1050/733.png
11,1050,734,map/tiles/11/1050/734.png
11,1050,735,map/tiles/11/1050/735.png
11,1050,736,map/tiles/11/1050/736.png
11,1050,737,map/tiles/11/1050/737.png
11,1051,685,map/tiles/11/1051/685.png
11,1051,686,map/tiles/11/1051/686.png
11,1051,687,map/tiles/11/1051/687.png
11,1051,688,map/tiles/11/1051/688.png
11,1051,689,map/tiles/11/1051/689.png
11,1051,690,map/tiles/11/1051/690.png
11,1051,691,map/tiles/11/1051/691.png
11,1051,692,map/tiles/11/1051/692.png
11,1051,693,map/tiles/11/1051/693.png
11,1051,694,map/tiles/11/1051/694.png
11,1051,695,map/tiles/11/1051/695.png
11,1051,696,map/tiles/11/1051/696.png
11,1051,697,map/tiles/11/1051/697.png
11,1051,698,map/tiles/11/1051/698.png
11,1051,699,map/tiles/11/1051/699.png
11,1051,700,map/tiles/11/1051/700.png
11,1051,701,map/tiles/11/1051/701.png
11,1051,702,map/tiles/11/1051/702.png
11,1051,703,map/tiles/11/1051/703.png
11,1051,704,map/tiles/11/1051/704.png
11,1051,705,map/tiles/11/1051/705.png
11,1051,706,map/tiles/11/1051/706.png
11,1051,707,map/tiles/11/1051/707.png
11,1051,708,map/tiles/11/1051/708.png
11,1051,709,map/tiles/11/1051/709.png
11,1051,710,map/tiles/11/1051/710.png
11,1051,711,map/tiles/11/1051/711.png
11,1051,712,map/tiles/11/1051/712.png
11,1051,713,map/tiles/11/1051/713.png
11,1051,714,map/tiles/11/1051/714.png
11,1051,715,map/tiles/11/1051/715.png
11,1051,716,map/tiles/11/1051/716.png
11,1051,717,map/tiles/11/1051/717.png
11,1051,718,map/tiles/11/1051/718.png
11,1051,719,map/tiles/11/1051/719.png
11,1051,720,map/tiles/11/1051/720.png
11,1051,721,map/tiles/11/1051/721.png
11,1051,722,map/tiles/11/1051/722.png
11,1051,723,map/tiles/11/1051/723.png
11,1051,724,map/tiles/11/1051/724.png
11,1051,725,map/tiles/11/1051/725.png
11,1051,726,map/tiles/11/1051/726.png
11,1051,727,map/tiles/11/1051/727.png
11,1051,728,map/tiles/11/1051/728.png
11,1051,729,map/tiles/11/1051/729.png
11,1051,730,map/tiles/11/1051/730.png
11,1051,731,map/tiles/11/1051/731.png
11,1051,732,map/tiles/11/1051/732.png
11,1051,733,map/tiles/11/1051/733.png
11,1051,734,map/tiles/11/1051/734.png
11,1051,735,map/tiles/11/1051/735.png
11,1051,736,map/tiles/11/1051/736.png
11,1051,737,map/tiles/11/1051/737.png
11,1052,685,map/tiles/11/1052/685.png
11,1052,686,map/tiles/11/1052/686.png
11,1052,687,map/tiles/11/1052/687.png
11,1052,688,map/tiles/11/1052/688.png
11,1052,689,map/tiles/11/1052/689.png
11,1052,690,map/tiles/11/1052/690.png
11,1052,691,map/tiles/11/1052/691.png
11,1052,692,map/tiles/11/1052/692.png
11,1052,693,map/tiles/11/1052/693.png
11,1052,694,map/tiles/11/1052/694.png
11,1052,695,map/tiles/11/1052/695.png
11,1052,696,map/tiles/11/1052/696.png
11,1052,697,map/tiles/11/1052/697.png
11,1052,698,map/tiles/11/1052/698.png
11,1052,699,map/tiles/11/1052/699.png
11,1052,700,map/tiles/11/1052/700.png
11,1052,701,map/tiles/11/1052/701.png
11,1052,702,map/tiles/11/1052/702.png
11,1052,703,map/tiles/11/1052/703.png
11,1052,704,map/tiles/11/1052/704.png
11,1052,705,map/tiles/11/1052/705.png
11,1052,706,map/tiles/11/1052/706.png
11,1052,707,map/tiles/11/1052/707.png
11,1052,708,map/tiles/11/1052/708.png
11,1052,709,map/tiles/11/1052/709.png
11,1052,710,map/tiles/11/1052/710.png
11,1052,711,map/tiles/11/1052/711.png
11,1052,712,map/tiles/11/1052/712.png
11,1052,713,map/tiles/11/1052/713.png
11,1052,714,map/tiles/11/1052/714.png
11,1052,715,map/tiles/11/1052/715.png
11,1052,716,map/tiles/11/1052/716.png
11,1052,717,map/tiles/11/1052/717.png
11,1052,718,map/tiles/11/1052/718.png
11,1052,719,map/tiles/11/1052/719.png
11,1052,720,map/tiles/11/1052/720.png
11,1052,721,map/tiles/11/1052/721.png
11,1052,722,map/tiles/11/1052/722.png
11,1052,723,map/tiles/11/1052/723.png
11,1052,724,map/tiles/11/1052/724.png
11,1052,725,map/tiles/11/1052/725.png
11,1052,726,map/tiles/11/1052/726.png
11,1052,727,map/tiles/11/1052/727.png
11,1052,728,map/tiles/11/1052/728.png
11,1052,729,map/tiles/11/1052/729.png
11,1052,730,map/tiles/11/1052/730.png
11,1052,731,map/tiles/11/1052/731.png
11,1052,732,map/tiles/11/1052/732.png
11,1052,733,map/tiles/11/1052/733.png
11,1052,734,map/tiles/11/1052/734.png
11,1052,735,map/tiles/11/1052/735.png
11,1052,736,map/tiles/11/1052/736.png
11,1052,737,map/tiles/11/1052/737.png
11,1053,685,map/tiles/11/1053/685.png
11,1053,686,map/tiles/11/1053/686.png
11,1053,687,map/tiles/11/1053/687.png
11,1053,688,map/tiles/11/1053/688.png
11,1053,689,map/tiles/11/1053/689.png
11,1053,690,map/tiles/11/1053/690.png
11,1053,691,map/tiles/11/1053/691.png
11,1053,692,map/tiles/11/1053/692.png
11,1053,693,map/tiles/11/1053/693.png
11,1053,694,map/tiles/11/1053/694.png
11,1053,695,map/tiles/11/1053/695.png
11,1053,696,map/tiles/11/1053/696.png
11,1053,697,map/tiles/11/1053/697.png
11,1053,698,map/tiles/11/1053/698.png
11,1053,699,map/tiles/11/1053/699.png
11,1053,700,map/tiles/11/1053/700.png
11,1053,701,map/tiles/11/1053/701.png
11,1053,702,map/tiles/11/1053/702.png
11,1053,703,map/tiles/11/1053/703.png
11,1053,704,map/tiles/11/1053/704.png
11,1053,705,map/tiles/11/1053/705.png
11,1053,706,map/tiles/11/1053/706.png
11,1053,707,map/tiles/11/1053/707.png
11,1053,708,map/tiles/11/1053/708.png
11,1053,709,map/tiles/11/1053/709.png
11,1053,710,map/tiles/11/1053/710.png
11,1053,711,map/tiles/11/1053/711.png
11,1053,712,map/tiles/11/1053/712.png
11,1053,713,map/tiles/11/1053/713.png
11,1053,714,map/tiles/11/1053/714.png
11,1053,715,map/tiles/11/1053/715.png
11,1053,716,map/tiles/11/1053/716.png
11,1053,717,map/tiles/11/1053/717.png
11,1053,718,map/tiles/11/1053/718.png
11,1053,719,map/tiles/11/1053/719.png
11,1053,720,map/tiles/11/1053/720.png
11,1053,721,map/tiles/11/1053/721.png
11,1053,722,map/tiles/11/1053/722.png
11,1053,723,map/tiles/11/1053/723.png
11,1053,724,map/tiles/11/1053/724.png
11,1053,725,map/tiles/11/1053/725.png
11,1053,726,map/tiles/11/1053/726.png
11,1053,727,map/tiles/11/1053/727.png
11,1053,728,map/tiles/11/1053/728.png
11,1053,729,map/tiles/11/1053/729.png
11,1053,730,map/tiles/11/1053/730.png
11,1053,731,map/tiles/11/1053/731.png
11,1053,732,map/tiles/11/1053/732.png
11,1053,733,map/tiles/11/1053/733.png
11,1053,734,map/tiles/11/1053/734.png
11,1053,735,map/tiles/11/1053/735.png
11,1053,736,map/tiles/11/1053/736.png
11,1053,737,map/tiles/11/1053/737.png
11,1054,685,map/tiles/11/1054/685.png
11,1054,686,map/tiles/11/1054/686.png
11,1054,687,map/tiles/11/1054/687.png
11,1054,688,map/tiles/11/1054/688.png
11,1054,689,map/tiles/11/1054/689.png
11,1054,690,map/tiles/11/1054/690.png
11,1054,691,map/tiles/11/1054/691.png
11,1054,692,map/tiles/11/1054/692.png
11,1054,693,map/tiles/11/1054/693.png
11,1054,694,map/tiles/11/1054/694.png
11,1054,695,map/tiles/11/1054/695.png
11,1054,696,map/tiles/11/1054/696.png
11,1054,697,map/tiles/11/1054/697.png
11,1054,698,map/tiles/11/1054/698.png
11,1054,699,map/tiles/11/1054/699.png
11,1054,700,map/tiles/11/1054/700.png
11,1054,701,map/tiles/11/1054/701.png
11,1054,702,map/tiles/11/1054/702.png
11,1054,703,map/tiles/11/1054/703.png
11,1054,704,map/tiles/11/1054/704.png
11,1054,705,map/tiles/11/1054/705.png
11,1054,706,map/tiles/11/1054/706.png
11,1054,707,map/tiles/11/1054/707.png
11,1054,708,map/tiles/11/1054/708.png
11,1054,709,map/tiles/11/1054/709.png
11,1054,710,map/tiles/11/1054/710.png
11,1054,711,map/tiles/11/1054/711.png
11,1054,712,map/tiles/11/1054/712.png
11,1054,713,map/tiles/11/1054/713.png
11,1054,714,map/tiles/11/1054/714.png
11,1054,715,map/tiles/11/1054/715.png
11,1054,716,map/tiles/11/1054/716.png
11,1054,717,map/tiles/11/1054/717.png
11,1054,718,map/tiles/11/1054/718.png
11,1054,719,map/tiles/11/1054/719.png
11,1054,720,map/tiles/11/1054/720.png
11,1054,721,map/tiles/11/1054/721.png
11,1054,722,map/tiles/11/1054/722.png
11,1054,723,map/tiles/11/1054/723.png
11,1054,724,map/tiles/11/1054/724.png
11,1054,725,map/tiles/11/1054/725.png
11,1054,726,map/tiles/11/1054/726.png
11,1054,727,map/tiles/11/1054/727.png
11,1054,728,map/tiles/11/1054/728.png
11,1054,729,map/tiles/11/1054/729.png
11,1054,730,map/tiles/11/1054/730.png
11,1054,731,map/tiles/11/1054/731.png
11,1054,732,map/tiles/11/1054/732.png
11,1054,733,map/tiles/11/1054/733.png
11,1054,734,map/tiles/11/1054/734.png
11,1054,735,map/tiles/11/1054/735.png
11,1054,736,map/tiles/11/1054/736.png
11,1054,737,map/tiles/11/1054/737.png
11,1055,685,map/tiles/11/1055/685.png
11,1055,686,map/tiles/11/1055/686.png
11,1055,687,map/tiles/11/1055/687.png
11,1055,688,map/tiles/11/1055/688.png
11,1055,689,map/tiles/11/1055/689.png
11,1055,690,map/tiles/11/1055/690.png
11,1055,691,map/tiles/11/1055/691.png
11,1055,692,map/tiles/11/1055/692.png
11,1055,693,map/tiles/11/1055/693.png
11,1055,694,map/tiles/11/1055/694.png
11,1055,695,map/tiles/11/1055/695.png
11,1055,696,map/tiles/11/1055/696.png
11,1055,697,map/tiles/11/1055/697.png
11,1055,698,map/tiles/11/1055/698.png
11,1055,699,map/tiles/11/1055/699.png
11,1055,700,map/tiles/11/1055/700.png
11,1055,701,map/tiles/11/1055/701.png
11,1055,702,map/tiles/11/1055/702.png
11,1055,703,map/tiles/11/1055/703.png
11,1055,704,map/tiles/11/1055/704.png
11,1055,705,map/tiles/11/1055/705.png
11,1055,706,map/tiles/11/1055/706.png
11,1055,707,map/tiles/11/1055/707.png
11,1055,708,map/tiles/11/1055/708.png
11,1055,709,map/tiles/11/1055/709.png
11,1055,710,map/tiles/11/1055/710.png
11,1055,711,map/tiles/11/1055/711.png
11,1055,712,map/tiles/11/1055/712.png
11,1055,713,map/tiles/11/1055/713.png
11,1055,714,map/tiles/11/1055/714.png
11,1055,715,map/tiles/11/1055/715.png
11,1055,716,map/tiles/11/1055/716.png
11,1055,717,map/tiles/11/1055/717.png
11,1055,718,map/tiles/11/1055/718.png
11,1055,719,map/tiles/11/1055/719.png
11,1055,720,map/tiles/11/1055/720.png
11,1055,721,map/tiles/11/1055/721.png
11,1055,722,map/tiles/11/1055/722.png
11,1055,723,map/tiles/11/1055/723.png
11,1055,724,map/tiles/11/1055/724.png
11,1055,725,map/tiles/11/1055/725.png
11,1055,726,map/tiles/11/1055/726.png
11,1055,727,map/tiles/11/1055/727.png
11,1055,728,map/tiles/11/1055/728.png
11,1055,729,map/tiles/11/1055/729.png
11,1055,730,map/tiles/11/1055/730.png
11,1055,731,map/tiles/11/1055/731.png
11,1055,732,map/tiles/11/1055/732.png
11,1055,733,map/tiles/11/1055/733.png
11,1055,734,map/tiles/11/1055/734.png
11,1055,735,map/tiles/11/1055/735.png
11,1055,736,map/tiles/11/1055/736.png
11,1055,737,map/tiles/11/1055/737.png
11,1056,685,map/tiles/11/1056/685.png
11,1056,686,map/tiles/11/1056/686.png
11,1056,687,map/tiles/11/1056/687.png
11,1056,688,map/tiles/11/1056/688.png
11,1056,689,map/tiles/11/1056/689.png
11,1056,690,map/tiles/11/1056/690.png
11,1056,691,map/tiles/11/1056/691.png
11,1056,692,map/tiles/11/1056/692.png
11,1056,693,map/tiles/11/1056/693.png
11,1056,694,map/tiles/11/1056/694.png
11,1056,695,map/tiles/11/1056/695.png
11,1056,696,map/tiles/11/1056/696.png
11,1056,697,map/tiles/11/1056/697.png
11,1056,698,map/tiles/11/1056/698.png
11,1056,699,map/tiles/11/1056/699.png
11,1056,700,map/tiles/11/1056/700.png
11,1056,701,map/tiles/11/1056/701.png
11,1056,702,map/tiles/11/1056/702.png
11,1056,703,map/tiles/11/1056/703.png
11,1056,704,map/tiles/11/1056/704.png
11,1056,705,map/tiles/11/1056/705.png
11,1056,706,map/tiles/11/1056/706.png
11,1056,707,map/tiles/11/1056/707.png
11,1056,708,map/tiles/11/1056/708.png
11,1056,709,map/tiles/11/1056/709.png
11,1056,710,map/tiles/11/1056/710.png
11,1056,711,map/tiles/11/1056/711.png
11,1056,712,map/tiles/11/1056/712.png
11,1056,713,map/tiles/11/1056/713.png
11,1056,714,map/tiles/11/1056/714.png
11,1056,715,map/tiles/11/1056/715.png
11,1056,716,map/tiles/11/1056/716.png
11,1056,717,map/tiles/11/1056/717.png
11,1056,718,map/tiles/11/1056/718.png
11,1056,719,map/tiles/11/1056/719.png
11,1056,720,map/tiles/11/1056/720.png
11,1056,721,map/tiles/11/1056/721.png
11,1056,722,map/tiles/11/1056/722.png
11,1056,723,map/tiles/11/1056/723.png
11,1056,724,map/tiles/11/1056/724.png
11,1056,725,map/tiles/11/1056/725.png
11,1056,726,map/tiles/11/1056/726.png
11,1056,727,map/tiles/11/1056/727.png
11,1056,728,map/tiles/11/1056/728.png
11,1056,729,map/tiles/11/1056/729.png
11,1056,730,map/tiles/11/1056/730.png
11,1056,731,map/tiles/11/1056/731.png
11,1056,732,map/tiles/11/1056/732.png
11,1056,733,map/tiles/11/1056/733.png
11,1056,734,map/tiles/11/1056/734.png
11,1056,735,map/tiles/11/1056/735.png
11,1056,736,map/tiles/11/1056/736.png
11,1056,737,map/tiles/11/1056/737.png
11,1057,685,map/tiles/11/1057/685.png
11,1057,686,map/tiles/11/1057/686.png
11,1057,687,map/tiles/11/1057/687.png
11,1057,688,map/tiles/11/1057/688.png
11,1057,689,map/tiles/11/1057/689.png
11,1057,690,map/tiles/11/1057/690.png
11,1057,691,map/tiles/11/1057/691.png
11,1057,692,map/tiles/11/1057/692.png
11,1057,693,map/tiles/11/1057/693.png
11,1057,694,map/tiles/11/1057/694.png
11,1057,695,map/tiles/11/1057/695.png
11,1057,696,map/tiles/11/1057/696.png
11,1057,697,map/tiles/11/1057/697.png
11,1057,698,map/tiles/11/1057/698.png
11,1057,699,map/tiles/11/1057/699.png
11,1057,700,map/tiles/11/1057/700.png
11,1057,701,map/tiles/11/1057/701.png
11,1057,702,map/tiles/11/1057/702.png
11,1057,703,map/tiles/11/1057/703.png
11,1057,704,map/tiles/11/1057/704.png
11,1057,705,map/tiles/11/1057/705.png
11,1057,706,map/tiles/11/1057/706.png
11,1057,707,map/tiles/11/1057/707.png
11,1057,708,map/tiles/11/1057/708.png
11,1057,709,map/tiles/11/1057/709.png
11,1057,710,map/tiles/11/1057/710.png
11,1057,711,map/tiles/11/1057/711.png
11,1057,712,map/tiles/11/1057/712.png
11,1057,713,map/tiles/11/1057/713.png
11,1057,714,map/tiles/11/1057/714.png
11,1057,715,map/tiles/11/1057/715.png
11,1057,716,map/tiles/11/1057/716.png
11,1057,717,map/tiles/11/1057/717.png
11,1057,718,map/tiles/11/1057/718.png
11,1057,719,map/tiles/11/1057/719.png
11,1057,720,map/tiles/11/1057/720.png
11,1057,721,map/tiles/11/1057/721.png
11,1057,722,map/tiles/11/1057/722.png
11,1057,723,map/tiles/11/1057/723.png
11,1057,724,map/tiles/11/1057/724.png
11,1057,725,map/tiles/11/1057/725.png
11,1057,726,map/tiles/11/1057/726.png
11,1057,727,map/tiles/11/1057/727.png
11,1057,728,map/tiles/11/1057/728.png
11,1057,729,map/tiles/11/1057/729.png
11,1057,730,map/tiles/11/1057/730.png
11,1057,731,map/tiles/11/1057/731.png
11,1057,732,map/tiles/11/1057/732.png
11,1057,733,map/tiles/11/1057/733.png
11,1057,734,map/tiles/11/1057/734.png
11,1057,735,map/tiles/11/1057/735.png
11,1057,736,map/tiles/11/1057/736.png
11,1057,737,map/tiles/11/1057/737.png
11,1058,685,map/tiles/11/1058/685.png
11,1058,686,map/tiles/11/1058/686.png
11,1058,687,map/tiles/11/1058/687.png
11,1058,688,map/tiles/11/1058/688.png
11,1058,689,map/tiles/11/1058/689.png
11,1058,690,map/tiles/11/1058/690.png
11,1058,691,map/tiles/11/1058/691.png
11,1058,692,map/tiles/11/1058/692.png
11,1058,693,map/tiles/11/1058/693.png
11,1058,694,map/tiles/11/1058/694.png
11,1058,695,map/tiles/11/1058/695.png
11,1058,696,map/tiles/11/1058/696.png
11,1058,697,map/tiles/11/1058/697.png
11,1058,698,map/tiles/11/1058/698.png
11,1058,699,map/tiles/11/1058/699.png
11,1058,700,map/tiles/11/1058/700.png
11,1058,701,map/tiles/11/1058/701.png
11,1058,702,map/tiles/11/1058/702.png
11,1058,703,map/tiles/11/1058/703.png
11,1058,704,map/tiles/11/1058/704.png
11,1058,705,map/tiles/11/1058/705.png
11,1058,706,map/tiles/11/1058/706.png
11,1058,707,map/tiles/11/1058/707.png
11,1058,708,map/tiles/11/1058/708.png
11,1058,709,map/tiles/11/1058/709.png
11,1058,710,map/tiles/11/1058/710.png
11,1058,711,map/tiles/11/1058/711.png
11,1058,712,map/tiles/11/1058/712.png
11,1058,713,map/tiles/11/1058/713.png
11,1058,714,map/tiles/11/1058/714.png
11,1058,715,map/tiles/11/1058/715.png
11,1058,716,map/tiles/11/1058/716.png
11,1058,717,map/tiles/11/1058/717.png
11,1058,718,map/tiles/11/1058/718.png
11,1058,719,map/tiles/11/1058/719.png
11,1058,720,map/tiles/11/1058/720.png
11,1058,721,map/tiles/11/1058/721.png
11,1058,722,map/tiles/11/1058/722.png
11,1058,723,map/tiles/11/1058/723.png
11,1058,724,map/tiles/11/1058/724.png
11,1058,725,map/tiles/11/1058/725.png
11,1058,726,map/tiles/11/1058/726.png
11,1058,727,map/tiles/11/1058/727.png
11,1058,728,map/tiles/11/1058/728.png
11,1058,729,map/tiles/11/1058/729.png
11,1058,730,map/tiles/11/1058/730.png
11,1058,731,map/tiles/11/1058/731.png
11,1058,732,map/tiles/11/1058/732.png
11,1058,733,map/tiles/11/1058/733.png
11,1058,734,map/tiles/11/1058/734.png
11,1058,735,map/tiles/11/1058/735.png
11,1058,736,map/tiles/11/1058/736.png
11,1058,737,map/tiles/11/1058/737.png
11,1059,685,map/tiles/11/1059/685.png
11,1059,686,map/tiles/11/1059/686.png
11,1059,687,map/tiles/11/1059/687.png
11,1059,688,map/tiles/11/1059/688.png
11,1059,689,map/tiles/11/1059/689.png
11,1059,690,map/tiles/11/1059/690.png
11,1059,691,map/tiles/11/1059/691.png
11,1059,692,map/tiles/11/1059/692.png
11,1059,693,map/tiles/11/1059/693.png
11,1059,694,map/tiles/11/1059/694.png
11,1059,695,map/tiles/11/1059/695.png
11,1059,696,map/tiles/11/1059/696.png
11,1059,697,map/tiles/11/1059/697.png
11,1059,698,map/tiles/11/1059/698.png
11,1059,699,map/tiles/11/1059/699.png
11,1059,700,map/tiles/11/1059/700.png
11,1059,701,map/tiles/11/1059/701.png
11,1059,702,map/tiles/11/1059/702.png
11,1059,703,map/tiles/11/1059/703.png
11,1059,704,map/tiles/11/1059/704.png
11,1059,705,map/tiles/11/1059/705.png
11,1059,706,map/tiles/11/1059/706.png
11,1059,707,map/tiles/11/1059/707.png
11,1059,708,map/tiles/11/1059/708.png
11,1059,709,map/tiles/11/1059/709.png
11,1059,710,map/tiles/11/1059/710.png
11,1059,711,map/tiles/11/1059/711.png
11,1059,712,map/tiles/11/1059/712.png
11,1059,713,map/tiles/11/1059/713.png
11,1059,714,map/tiles/11/1059/714.png
11,1059,715,map/tiles/11/1059/715.png
11,1059,716,map/tiles/11/1059/716.png
11,1059,717,map/tiles/11/1059/717.png
11,1059,718,map/tiles/11/1059/718.png
11,1059,719,map/tiles/11/1059/719.png
11,1059,720,map/tiles/11/1059/720.png
11,1059,721,map/tiles/11/1059/721.png
11,1059,722,map/tiles/11/1059/722.png
11,1059,723,map/tiles/11/1059/723.png
11,1059,724,map/tiles/11/1059/724.png
11,1059,725,map/tiles/11/1059/725.png
11,1059,726,map/tiles/11/1059/726.png
11,1059,727,map/tiles/11/1059/727.png
11,1059,728,map/tiles/11/1059/728.png
11,1059,729,map/tiles/11/1059/729.png
11,1059,730,map/tiles/11/1059/730.png
11,1059,731,map/tiles/11/1059/731.png
11,1059,732,map/tiles/11/1059/732.png
11,1059,733,map/tiles/11/1059/733.png
11,1059,734,map/tiles/11/1059/734.png
11,1059,735,map/tiles/11/1059/735.png
11,1059,736,map/tiles/11/1059/736.png
11,1059,737,map/tiles/11/1059/737.png
11,1060,685,map/tiles/11/1060/685.png
11,1060,686,map/tiles/11/1060/686.png
11,1060,687,map/tiles/11/1060/687.png
11,1060,688,map/tiles/11/1060/688.png
11,1060,689,map/tiles/11/1060/689.png
11,1060,690,map/tiles/11/1060/690.png
11,1060,691,map/tiles/11/1060/691.png
11,1060,692,map/tiles/11/1060/692.png
11,1060,693,map/tiles/11/1060/693.png
11,1060,694,map/tiles/11/1060/694.png
11,1060,695,map/tiles/11/1060/695.png
11,1060,696,map/tiles/11/1060/696.png
11,1060,697,map/tiles/11/1060/697.png
11,1060,698,map/tiles/11/1060/698.png
11,1060,699,map/tiles/11/1060/699.png
11,1060,700,map/tiles/11/1060/700.png
11,1060,701,map/tiles/11/1060/701.png
11,1060,702,map/tiles/11/1060/702.png
11,1060,703,map/tiles/11/1060/703.png
11,1060,704,map/tiles/11/1060/704.png
11,1060,705,map/tiles/11/1060/705.png
11,1060,706,map/tiles/11/1060/706.png
11,1060,707,map/tiles/11/1060/707.png
11,1060,708,map/tiles/11/1060/708.png
11,1060,709,map/tiles/11/1060/709.png
11,1060,710,map/tiles/11/1060/710.png
11,1060,711,map/tiles/11/1060/711.png
11,1060,712,map/tiles/11/1060/712.png
11,1060,713,map/tiles/11/1060/713.png
11,1060,714,map/tiles/11/1060/714.png
11,1060,715,map/tiles/11/1060/715.png
11,1060,716,map/tiles/11/1060/716.png
11,1060,717,map/tiles/11/1060/717.png
11,1060,718,map/tiles/11/1060/718.png
11,1060,719,map/tiles/11/1060/719.png
11,1060,720,map/tiles/11/1060/720.png
11,1060,721,map/tiles/11/1060/721.png
11,1060,722,map/tiles/11/1060/722.png
11,1060,723,map/tiles/11/1060/723.png
11,1060,724,map/tiles/11/1060/724.png
11,1060,725,map/tiles/11/1060/725.png
11,1060,726,map/tiles/11/1060/726.png
11,1060,727,map/tiles/11/1060/727.png
11,1060,728,map/tiles/11/1060/728.png
11,1060,729,map/tiles/11/1060/729.png
11,1060,730,map/tiles/11/1060/730.png
11,1060,731,map/tiles/11/1060/731.png
11,1060,732,map/tiles/11/1060/732.png
11,1060,733,map/tiles/11/1060/733.png
11,1060,734,map/tiles/11/1060/734.png
11,1060,735,map/tiles/11/1060/735.png
11,1060,736,map/tiles/11/1060/736.png
11,1060,737,map/tiles/11/1060/737.png
11,1061,685,map/tiles/11/1061/685.png
11,1061,686,map/tiles/11/1061/686.png
11,1061,687,map/tiles/11/1061/687.png
11,1061,688,map/tiles/11/1061/688.png
11,1061,689,map/tiles/11/1061/689.png
11,1061,690,map/tiles/11/1061/690.png
11,1061,691,map/tiles/11/1061/691.png
11,1061,692,map/tiles/11/1061/692.png
11,1061,693,map/tiles/11/1061/693.png
11,1061,694,map/tiles/11/1061/694.png
11,1061,695,map/tiles/11/1061/695.png
11,1061,696,map/tiles/11/1061/696.png
11,1061,697,map/tiles/11/1061/697.png
11,1061,698,map/tiles/11/1061/698.png
11,1061,699,map/tiles/11/1061/699.png
11,1061,700,map/tiles/11/1061/700.png
11,1061,701,map/tiles/11/1061/701.png
11,1061,702,map/tiles/11/1061/702.png
11,1061,703,map/tiles/11/1061/703.png
11,1061,704,map/tiles/11/1061/704.png
11,1061,705,map/tiles/11/1061/705.png
11,1061,706,map/tiles/11/1061/706.png
11,1061,707,map/tiles/11/1061/707.png
11,1061,708,map/tiles/11/1061/708.png
11,1061,709,map/tiles/11/1061/709.png
11,1061,710,map/tiles/11/1061/710.png
11,1061,711,map/tiles/11/1061/711.png
11,1061,712,map/tiles/11/1061/712.png
11,1061,713,map/tiles/11/1061/713.png
11,1061,714,map/tiles/11/1061/714.png
11,1061,715,map/tiles/11/1061/715.png
11,1061,716,map/tiles/11/1061/716.png
11,1061,717,map/tiles/11/1061/717.png
11,1061,718,map/tiles/11/1061/718.png
11,1061,719,map/tiles/11/1061/719.png
11,1061,720,map/tiles/11/1061/720.png
11,1061,721,map/tiles/11/1061/721.png
11,1061,722,map/tiles/11/1061/722.png
11,1061,723,map/tiles/11/1061/723.png
11,1061,724,map/tiles/11/1061/724.png
11,1061,725,map/tiles/11/1061/725.png
11,1061,726,map/tiles/11/1061/726.png
11,1061,727,map/tiles/11/1061/727.png
11,1061,728,map/tiles/11/1061/728.png
11,1061,729,map/tiles/11/1061/729.png
11,1061,730,map/tiles/11/1061/730.png
11,1061,731,map/tiles/11/1061/731.png
11,1061,732,map/tiles/11/1061/732.png
11,1061,733,map/tiles/11/1061/733.png
11,1061,734,map/tiles/11/1061/734.png
11,1061,735,map/tiles/11/1061/735.png
11,1061,736,map/tiles/11/1061/736.png
11,1061,737,map/tiles/11/1061/737.png
11,1062,685,map/tiles/11/1062/685.png
11,1062,686,map/tiles/11/1062/686.png
11,1062,687,map/tiles/11/1062/687.png
11,1062,688,map/tiles/11/1062/688.png
11,1062,689,map/tiles/11/1062/689.png
11,1062,690,map/tiles/11/1062/690.png
11,1062,691,map/tiles/11/1062/691.png
11,1062,692,map/tiles/11/1062/692.png
11,1062,693,map/tiles/11/1062/693.png
11,1062,694,map/tiles/11/1062/694.png
11,1062,695,map/tiles/11/1062/695.png
11,1062,696,map/tiles/11/1062/696.png
11,1062,697,map/tiles/11/1062/697.png
11,1062,698,map/tiles/11/1062/698.png
11,1062,699,map/tiles/11/1062/699.png
11,1062,700,map/tiles/11/1062/700.png
11,1062,701,map/tiles/11/1062/701.png
11,1062,702,map/tiles/11/1062/702.png
11,1062,703,map/tiles/11/1062/703.png
11,1062,704,map/tiles/11/1062/704.png
11,1062,705,map/tiles/11/1062/705.png
11,1062,706,map/tiles/11/1062/706.png
11,1062,707,map/tiles/11/1062/707.png
11,1062,708,map/tiles/11/1062/708.png
11,1062,709,map/tiles/11/1062/709.png
11,1062,710,map/tiles/11/1062/710.png
11,1062,711,map/tiles/11/1062/711.png
11,1062,712,map/tiles/11/1062/712.png
11,1062,713,map/tiles/11/1062/713.png
11,1062,714,map/tiles/11/1062/714.png
11,1062,715,map/tiles/11/1062/715.png
11,1062,716,map/tiles/11/1062/716.png
11,1062,717,map/tiles/11/1062/717.png
11,1062,718,map/tiles/11/1062/718.png
11,1062,719,map/tiles/11/1062/719.png
11,1062,720,map/tiles/11/1062/720.png
11,1062,721,map/tiles/11/1062/721.png
11,1062,722,map/tiles/11/1062/722.png
11,1062,723,map/tiles/11/1062/723.png
11,1062,724,map/tiles/11/1062/724.png
11,1062,725,map/tiles/11/1062/725.png
11,1062,726,map/tiles/11/1062/726.png
11,1062,727,map/tiles/11/1062/727.png
11,1062,728,map/tiles/11/1062/728.png
11,1062,729,map/tiles/11/1062/729.png
11,1062,730,map/tiles/11/1062/730.png
11,1062,731,map/tiles/11/1062/731.png
11,1062,732,map/tiles/11/1062/732.png
11,1062,733,map/tiles/11/1062/733.png
11,1062,734,map/tiles/11/1062/734.png
11,1062,735,map/tiles/11/1062/735.png
11,1062,736,map/tiles/11/1062/736.png
11,1062,737,map/tiles/11/1062/737.png
11,1063,685,map/tiles/11/1063/685.png
11,1063,686,map/tiles/11/1063/686.png
11,1063,687,map/tiles/11/1063/687.png
11,1063,688,map/tiles/11/1063/688.png
11,1063,689,map/tiles/11/1063/689.png
11,1063,690,map/tiles/11/1063/690.png
11,1063,691,map/tiles/11/1063/691.png
11,1063,692,map/tiles/11/1063/692.png
11,1063,693,map/tiles/11/1063/693.png
11,1063,694,map/tiles/11/1063/694.png
11,1063,695,map/tiles/11/1063/695.png
11,1063,696,map/tiles/11/1063/696.png
11,1063,697,map/tiles/11/1063/697.png
11,1063,698,map/tiles/11/1063/698.png
11,1063,699,map/tiles/11/1063/699.png
11,1063,700,map/tiles/11/1063/700.png
11,1063,701,map/tiles/11/1063/701.png
11,1063,702,map/tiles/11/1063/702.png
11,1063,703,map/tiles/11/1063/703.png
11,1063,704,map/tiles/11/1063/704.png
11,1063,705,map/tiles/11/1063/705.png
11,1063,706,map/tiles/11/1063/706.png
11,1063,707,map/tiles/11/1063/707.png
11,1063,708,map/tiles/11/1063/708.png
11,1063,709,map/tiles/11/1063/709.png
11,1063,710,map/tiles/11/1063/710.png
11,1063,711,map/tiles/11/1063/711.png
11,1063,712,map/tiles/11/1063/712.png
11,1063,713,map/tiles/11/1063/713.png
11,1063,714,map/tiles/11/1063/714.png
11,1063,715,map/tiles/11/1063/715.png
11,1063,716,map/tiles/11/1063/716.png
11,1063,717,map/tiles/11/1063/717.png
11,1063,718,map/tiles/11/1063/718.png
11,1063,719,map/tiles/11/1063/719.png
11,1063,720,map/tiles/11/1063/720.png
11,1063,721,map/tiles/11/1063/721.png
11,1063,722,map/tiles/11/1063/722.png
11,1063,723,map/tiles/11/1063/723.png
11,1063,724,map/tiles/11/1063/724.png
11,1063,725,map/tiles/11/1063/725.png
11,1063,726,map/tiles/11/1063/726.png
11,1063,727,map/tiles/11/1063/727.png
11,1063,728,map/tiles/11/1063/728.png
11,1063,729,map/tiles/11/1063/729.png
11,1063,730,map/tiles/11/1063/730.png
11,1063,731,map/tiles/11/1063/731.png
11,1063,732,map/tiles/11/1063/732.png
11,1063,733,map/tiles/11/1063/733.png
11,1063,734,map/tiles/11/1063/734.png
11,1063,735,map/tiles/11/1063/735.png
11,1063,736,map/tiles/11/1063/736.png
11,1063,737,map/tiles/11/1063/737.png
11,1064,685,map/tiles/11/1064/685.png
11,1064,686,map/tiles/11/1064/686.png
11,1064,687,map/tiles/11/1064/687.png
11,1064,688,map/tiles/11/1064/688.png
11,1064,689,map/tiles/11/1064/689.png
11,1064,690,map/tiles/11/1064/690.png
11,1064,691,map/tiles/11/1064/691.png
11,1064,692,map/tiles/11/1064/692.png
11,1064,693,map/tiles/11/1064/693.png
11,1064,694,map/tiles/11/1064/694.png
11,1064,695,map/tiles/11/1064/695.png
11,1064,696,map/tiles/11/1064/696.png
11,1064,697,map/tiles/11/1064/697.png
11,1064,698,map/tiles/11/1064/698.png
11,1064,699,map/tiles/11/1064/699.png
11,1064,700,map/tiles/11/1064/700.png
11,1064,701,map/tiles/11/1064/701.png
11,1064,702,map/tiles/11/1064/702.png
11,1064,703,map/tiles/11/1064/703.png
11,1064,704,map/tiles/11/1064/704.png
11,1064,705,map/tiles/11/1064/705.png
11,1064,706,map/tiles/11/1064/706.png
11,1064,707,map/tiles/11/1064/707.png
11,1064,708,map/tiles/11/1064/708.png
11,1064,709,map/tiles/11/1064/709.png
11,1064,710,map/tiles/11/1064/710.png
11,1064,711,map/tiles/11/1064/711.png
11,1064,712,map/tiles/11/1064/712.png
11,1064,713,map/tiles/11/1064/713.png
11,1064,714,map/tiles/11/1064/714.png
11,1064,715,map/tiles/11/1064/715.png
11,1064,716,map/tiles/11/1064/716.png
11,1064,717,map/tiles/11/1064/717.png
11,1064,718,map/tiles/11/1064/718.png
11,1064,719,map/tiles/11/1064/719.png
11,1064,720,map/tiles/11/1064/720.png
11,1064,721,map/tiles/11/1064/721.png
11,1064,722,map/tiles/11/1064/722.png
11,1064,723,map/tiles/11/1064/723.png
11,1064,724,map/tiles/11/1064/724.png
11,1064,725,map/tiles/11/1064/725.png
11,1064,726,map/tiles/11/1064/726.png
11,1064,727,map/tiles/11/1064/727.png
11,1064,728,map/tiles/11/1064/728.png
11,1064,729,map/tiles/11/1064/729.png
11,1064,730,map/tiles/11/1064/730.png
11,1064,731,map/tiles/11/1064/731.png
11,1064,732,map/tiles/11/1064/732.png
11,1064,733,map/tiles/11/1064/733.png
11,1064,734,map/tiles/11/1064/734.png
11,1064,735,map/tiles/11/1064/735.png
11,1064,736,map/tiles/11/1064/736.png
11,1064,737,map/tiles/11/1064/737.png
11,1065,685,map/tiles/11/1065/685.png
11,1065,686,map/tiles/11/1065/686.png
11,1065,687,map/tiles/11/1065/687.png
11,1065,688,map/tiles/11/1065/688.png
11,1065,689,map/tiles/11/1065/689.png
11,1065,690,map/tiles/11/1065/690.png
11,1065,691,map/tiles/11/1065/691.png
11,1065,692,map/tiles/11/1065/692.png
11,1065,693,map/tiles/11/1065/693.png
11,1065,694,map/tiles/11/1065/694.png
11,1065,695,map/tiles/11/1065/695.png
11,1065,696,map/tiles/11/1065/696.png
11,1065,697,map/tiles/11/1065/697.png
11,1065,698,map/tiles/11/1065/698.png
11,1065,699,map/tiles/11/1065/699.png
11,1065,700,map/tiles/11/1065/700.png
11,1065,701,map/tiles/11/1065/701.png
11,1065,702,map/tiles/11/1065/702.png
11,1065,703,map/tiles/11/1065/703.png
11,1065,704,map/tiles/11/1065/704.png
11,1065,705,map/tiles/11/1065/705.png
11,1065,706,map/tiles/11/1065/706.png
11,1065,707,map/tiles/11/1065/707.png
11,1065,708,map/tiles/11/1065/708.png
11,1065,709,map/tiles/11/1065/709.png
11,1065,710,map/tiles/11/1065/710.png
11,1065,711,map/tiles/11/1065/711.png
11,1065,712,map/tiles/11/1065/712.png
11,1065,713,map/tiles/11/1065/713.png
11,1065,714,map/tiles/11/1065/714.png
11,1065,715,map/tiles/11/1065/715.png
11,1065,716,map/tiles/11/1065/716.png
11,1065,717,map/tiles/11/1065/717.png
11,1065,718,map/tiles/11/1065/718.png
11,1065,719,map/tiles/11/1065/719.png
11,1065,720,map/tiles/11/1065/720.png
11,1065,721,map/tiles/11/1065/721.png
11,1065,722,map/tiles/11/1065/722.png
11,1065,723,map/tiles/11/1065/723.png
11,1065,724,map/tiles/11/1065/724.png
11,1065,725,map/tiles/11/1065/725.png
11,1065,726,map/tiles/11/1065/726.png
11,1065,727,map/tiles/11/1065/727.png
11,1065,728,map/tiles/11/1065/728.png
11,1065,729,map/tiles/11/1065/729.png
11,1065,730,map/tiles/11/1065/730.png
11,1065,731,map/tiles/11/1065/731.png
11,1065,732,map/tiles/11/1065/732.png
11,1065,733,map/tiles/11/1065/733.png
11,1065,734,map/tiles/11/1065/734.png
11,1065,735,map/tiles/11/1065/735.png
11,1065,736,map/tiles/11/1065/736.png
11,1065,737,map/tiles/11/1065/737.png
11,1066,685,map/tiles/11/1066/685.png
11,1066,686,map/tiles/11/1066/686.png
11,1066,687,map/tiles/11/1066/687.png
11,1066,688,map/tiles/11/1066/688.png
11,1066,689,map/tiles/11/1066/689.png
11,1066,690,map/tiles/11/1066/690.png
11,1066,691,map/tiles/11/1066/691.png
11,1066,692,map/tiles/11/1066/692.png
11,1066,693,map/tiles/11/1066/693.png
11,1066,694,map/tiles/11/1066/694.png
11,1066,695,map/tiles/11/1066/695.png
11,1066,696,map/tiles/11/1066/696.png
11,1066,697,map/tiles/11/1066/697.png
11,1066,698,map/tiles/11/1066/698.png
11,1066,699,map/tiles/11/1066/699.png
11,1066,700,map/tiles/11/1066/700.png
11,1066,701,map/tiles/11/1066/701.png
11,1066,702,map/tiles/11/1066/702.png
11,1066,703,map/tiles/11/1066/703.png
11,1066,704,map/tiles/11/1066/704.png
11,1066,705,map/tiles/11/1066/705.png
11,1066,706,map/tiles/11/1066/706.png
11,1066,707,map/tiles/11/1066/707.png
11,1066,708,map/tiles/11/1066/708.png
11,1066,709,map/tiles/11/1066/709.png
11,1066,710,map/tiles/11/1066/710.png
11,1066,711,map/tiles/11/1066/711.png
11,1066,712,map/tiles/11/1066/712.png
11,1066,713,map/tiles/11/1066/713.png
11,1066,714,map/tiles/11/1066/714.png
11,1066,715,map/tiles/11/1066/715.png
11,1066,716,map/tiles/11/1066/716.png
11,1066,717,map/tiles/11/1066/717.png
11,1066,718,map/tiles/11/1066/718.png
11,1066,719,map/tiles/11/1066/719.png
11,1066,720,map/tiles/11/1066/720.png
11,1066,721,map/tiles/11/1066/721.png
11,1066,722,map/tiles/11/1066/722.png
11,1066,723,map/tiles/11/1066/723.png
11,1066,724,map/tiles/11/1066/724.png
11,1066,725,map/tiles/11/1066/725.png
11,1066,726,map/tiles/11/1066/726.png
11,1066,727,map/tiles/11/1066/727.png
11,1066,728,map/tiles/11/1066/728.png
11,1066,729,map/tiles/11/1066/729.png
11,1066,730,map/tiles/11/1066/730.png
11,1066,731,map/tiles/11/1066/731.png
11,1066,732,map/tiles/11/1066/732.png
11,1066,733,map/tiles/11/1066/733.png
11,1066,734,map/tiles/11/1066/734.png
11,1066,735,map/tiles/11/1066/735.png
11,1066,736,map/tiles/11/1066/736.png
11,1066,737,map/tiles/11/1066/737.png
11,1067,685,map/tiles/11/1067/685.png
11,1067,686,map/tiles/11/1067/686.png
11,1067,687,map/tiles/11/1067/687.png
11,1067,688,map/tiles/11/1067/688.png
11,1067,689,map/tiles/11/1067/689.png
11,1067,690,map/tiles/11/1067/690.png
11,1067,691,map/tiles/11/1067/691.png
11,1067,692,map/tiles/11/1067/692.png
11,1067,693,map/tiles/11/1067/693.png
11,1067,694,map/tiles/11/1067/694.png
11,1067,695,map/tiles/11/1067/695.png
11,1067,696,map/tiles/11/1067/696.png
11,1067,697,map/tiles/11/1067/697.png
11,1067,698,map/tiles/11/1067/698.png
11,1067,699,map/tiles/11/1067/699.png
11,1067,700,map/tiles/11/1067/700.png
11,1067,701,map/tiles/11/1067/701.png
11,1067,702,map/tiles/11/1067/702.png
11,1067,703,map/tiles/11/1067/703.png
11,1067,704,map/tiles/11/1067/704.png
11,1067,705,map/tiles/11/1067/705.png
11,1067,706,map/tiles/11/1067/706.png
11,1067,707,map/tiles/11/1067/707.png
11,1067,708,map/tiles/11/1067/708.png
11,1067,709,map/tiles/11/1067/709.png
11,1067,710,map/tiles/11/1067/710.png
11,1067,711,map/tiles/11/1067/711.png
11,1067,712,map/tiles/11/1067/712.png
11,1067,713,map/tiles/11/1067/713.png
11,1067,714,map/tiles/11/1067/714.png
11,1067,715,map/tiles/11/1067/715.png
11,1067,716,map/tiles/11/1067/716.png
11,1067,717,map/tiles/11/1067/717.png
11,1067,718,map/tiles/11/1067/718.png
11,1067,719,map/tiles/11/1067/719.png
11,1067,720,map/tiles/11/1067/720.png
11,1067,721,map/tiles/11/1067/721.png
11,1067,722,map/tiles/11/1067/722.png
11,1067,723,map/tiles/11/1067/723.png
11,1067,724,map/tiles/11/1067/724.png
11,1067,725,map/tiles/11/1067/725.png
11,1067,726,map/tiles/11/1067/726.png
11,1067,727,map/tiles/11/1067/727.png
11,1067,728,map/tiles/11/1067/728.png
11,1067,729,map/tiles/11/1067/729.png
11,1067,730,map/tiles/11/1067/730.png
11,1067,731,map/tiles/11/1067/731.png
11,1067,732,map/tiles/11/1067/732.png
11,1067,733,map/tiles/11/1067/733.png
11,1067,734,map/tiles/11/1067/734.png
11,1067,735,map/tiles/11/1067/735.png
11,1067,736,map/tiles/11/1067/736.png
11,1067,737,map/tiles/11/1067/737.png
11,1068,685,map/tiles/11/1068/685.png
11,1068,686,map/tiles/11/1068/686.png
11,1068,687,map/tiles/11/1068/687.png
11,1068,688,map/tiles/11/1068/688.png
11,1068,689,map/tiles/11/1068/689.png
11,1068,690,map/tiles/11/1068/690.png
11,1068,691,map/tiles/11/1068/691.png
11,1068,692,map/tiles/11/1068/692.png
11,1068,693,map/tiles/11/1068/693.png
11,1068,694,map/tiles/11/1068/694.png
11,1068,695,map/tiles/11/1068/695.png
11,1068,696,map/tiles/11/1068/696.png
11,1068,697,map/tiles/11/1068/697.png
11,1068,698,map/tiles/11/1068/698.png
11,1068,699,map/tiles/11/1068/699.png
11,1068,700,map/tiles/11/1068/700.png
11,1068,701,map/tiles/11/1068/701.png
11,1068,702,map/tiles/11/1068/702.png
11,1068,703,map/tiles/11/1068/703.png
11,1068,704,map/tiles/11/1068/704.png
11,1068,705,map/tiles/11/1068/705.png
11,1068,706,map/tiles/11/1068/706.png
11,1068,707,map/tiles/11/1068/707.png
11,1068,708,map/tiles/11/1068/708.png
11,1068,709,map/tiles/11/1068/709.png
11,1068,710,map/tiles/11/1068/710.png
11,1068,711,map/tiles/11/1068/711.png
11,1068,712,map/tiles/11/1068/712.png
11,1068,713,map/tiles/11/1068/713.png
11,1068,714,map/tiles/11/1068/714.png
11,1068,715,map/tiles/11/1068/715.png
11,1068,716,map/tiles/11/1068/716.png
11,1068,717,map/tiles/11/1068/717.png
11,1068,718,map/tiles/11/1068/718.png
11,1068,719,map/tiles/11/1068/719.png
11,1068,720,map/tiles/11/1068/720.png
11,1068,721,map/tiles/11/1068/721.png
11,1068,722,map/tiles/11/1068/722.png
11,1068,723,map/tiles/11/1068/723.png
11,1068,724,map/tiles/11/1068/724.png
11,1068,725,map/tiles/11/1068/725.png
11,1068,726,map/tiles/11/1068/726.png
11,1068,727,map/tiles/11/1068/727.png
11,1068,728,map/tiles/11/1068/728.png
11,1068,729,map/tiles/11/1068/729.png
11,1068,730,map/tiles/11/1068/730.png
11,1068,731,map/tiles/11/1068/731.png
11,1068,732,map/tiles/11/1068/732.png
11,1068,733,map/tiles/11/1068/733.png
11,1068,734,map/tiles/11/1068/734.png
11,1068,735,map/tiles/11/1068/735.png
11,1068,736,map/tiles/11/1068/736.png
11,1068,737,map/tiles/11/1068/737.png
11,1069,685,map/tiles/11/1069/685.png
11,1069,686,map/tiles/11/1069/686.png
11,1069,687,map/tiles/11/1069/687.png
11,1069,688,map/tiles/11/1069/688.png
11,1069,689,map/tiles/11/1069/689.png
11,1069,690,map/tiles/11/1069/690.png
11,1069,691,map/tiles/11/1069/691.png
11,1069,692,map/tiles/11/1069/692.png
11,1069,693,map/tiles/11/1069/693.png
11,1069,694,map/tiles/11/1069/694.png
11,1069,695,map/tiles/11/1069/695.png
11,1069,696,map/tiles/11/1069/696.png
11,1069,697,map/tiles/11/1069/697.png
11,1069,698,map/tiles/11/1069/698.png
11,1069,699,map/tiles/11/1069/699.png
11,1069,700,map/tiles/11/1069/700.png
11,1069,701,map/tiles/11/1069/701.png
11,1069,702,map/tiles/11/1069/702.png
11,1069,703,map/tiles/11/1069/703.png
11,1069,704,map/tiles/11/1069/704.png
11,1069,705,map/tiles/11/1069/705.png
11,1069,706,map/tiles/11/1069/706.png
11,1069,707,map/tiles/11/1069/707.png
11,1069,708,map/tiles/11/1069/708.png
11,1069,709,map/tiles/11/1069/709.png
11,1069,710,map/tiles/11/1069/710.png
11,1069,711,map/tiles/11/1069/711.png
11,1069,712,map/tiles/11/1069/712.png
11,1069,713,map/tiles/11/1069/713.png
11,1069,714,map/tiles/11/1069/714.png
11,1069,715,map/tiles/11/1069/715.png
11,1069,716,map/tiles/11/1069/716.png
11,1069,717,map/tiles/11/1069/717.png
11,1069,718,map/tiles/11/1069/718.png
11,1069,719,map/tiles/11/1069/719.png
11,1069,720,map/tiles/11/1069/720.png
11,1069,721,map/tiles/11/1069/721.png
11,1069,722,map/tiles/11/1069/722.png
11,1069,723,map/tiles/11/1069/723.png
11,1069,724,map/tiles/11/1069/724.png
11,1069,725,map/tiles/11/1069/725.png
11,1069,726,map/tiles/11/1069/726.png
11,1069,727,map/tiles/11/1069/727.png
11,1069,728,map/tiles/11/1069/728.png
11,1069,729,map/tiles/11/1069/729.png
11,1069,730,map/tiles/11/1069/730.png
11,1069,731,map/tiles/11/1069/731.png
11,1069,732,map/tiles/11/1069/732.png
11,1069,733,map/tiles/11/1069/733.png
11,1069,734,map/tiles/11/1069/734.png
11,1069,735,map/tiles/11/1069/735.png
11,1069,736,map/tiles/11/1069/736.png
11,1069,737,map/tiles/11/1069/737.png
11,1070,685,map/tiles/11/1070/685.png
11,1070,686,map/tiles/11/1070/686.png
11,1070,687,map/tiles/11/1070/687.png
11,1070,688,map/tiles/11/1070/688.png
11,1070,689,map/tiles/11/1070/689.png
11,1070,690,map/tiles/11/1070/690.png
11,1070,691,map/tiles/11/1070/691.png
11,1070,692,map/tiles/11/1070/692.png
11,1070,693,map/tiles/11/1070/693.png
11,1070,694,map/tiles/11/1070/694.png
11,1070,695,map/tiles/11/1070/695.png
11,1070,696,map/tiles/11/1070/696.png
11,1070,697,map/tiles/11/1070/697.png
11,1070,698,map/tiles/11/1070/698.png
11,1070,699,map/tiles/11/1070/699.png
11,1070,700,map/tiles/11/1070/700.png
11,1070,701,map/tiles/11/1070/701.png
11,1070,702,map/tiles/11/1070/702.png
11,1070,703,map/tiles/11/1070/703.png
11,1070,704,map/tiles/11/1070/704.png
11,1070,705,map/tiles/11/1070/705.png
11,1070,706,map/tiles/11/1070/706.png
11,1070,707,map/tiles/11/1070/707.png
11,1070,708,map/tiles/11/1070/708.png
11,1070,709,map/tiles/11/1070/709.png
11,1070,710,map/tiles/11/1070/710.png
11,1070,711,map/tiles/11/1070/711.png
11,1070,712,map/tiles/11/1070/712.png
11,1070,713,map/tiles/11/1070/713.png
11,1070,714,map/tiles/11/1070/714.png
11,1070,715,map/tiles/11/1070/715.png
11,1070,716,map/tiles/11/1070/716.png
11,1070,717,map/tiles/11/1070/717.png
11,1070,718,map/tiles/11/1070/718.png
11,1070,719,map/tiles/11/1070/719.png
11,1070,720,map/tiles/11/1070/720.png
11,1070,721,map/tiles/11/1070/721.png
11,1070,722,map/tiles/11/1070/722.png
11,1070,723,map/tiles/11/1070/723.png
11,1070,724,map/tiles/11/1070/724.png
11,1070,725,map/tiles/11/1070/725.png
11,1070,726,map/tiles/11/1070/726.png
11,1070,727,map/tiles/11/1070/727.png
11,1070,728,map/tiles/11/1070/728.png
11,1070,729,map/tiles/11/1070/729.png
11,1070,730,map/tiles/11/1070/730.png
11,1070,731,map/tiles/11/1070/731.png
11,1070,732,map/tiles/11/1070/732.png
11,1070,733,map/tiles/11/1070/733.png
11,1070,734,map/tiles/11/1070/734.png
11,1070,735,map/tiles/11/1070/735.png
11,1070,736,map/tiles/11/1070/736.png
11,1070,737,map/tiles/11/1070/737.png
11,1071,685,map/tiles/11/1071/685.png
11,1071,686,map/tiles/11/1071/686.png
11,1071,687,map/tiles/11/1071/687.png
11,1071,688,map/tiles/11/1071/688.png
11,1071,689,map/tiles/11/1071/689.png
11,1071,690,map/tiles/11/1071/690.png
11,1071,691,map/tiles/11/1071/691.png
11,1071,692,map/tiles/11/1071/692.png
11,1071,693,map/tiles/11/1071/693.png
11,1071,694,map/tiles/11/1071/694.png
11,1071,695,map/tiles/11/1071/695.png
11,1071,696,map/tiles/11/1071/696.png
11,1071,697,map/tiles/11/1071/697.png
11,1071,698,map/tiles/11/1071/698.png
11,1071,699,map/tiles/11/1071/699.png
11,1071,700,map/tiles/11/1071/700.png
11,1071,701,map/tiles/11/1071/701.png
11,1071,702,map/tiles/11/1071/702.png
11,1071,703,map/tiles/11/1071/703.png
11,1071,704,map/tiles/11/1071/704.png
11,1071,705,map/tiles/11/1071/705.png
11,1071,706,map/tiles/11/1071/706.png
11,1071,707,map/tiles/11/1071/707.png
11,1071,708,map/tiles/11/1071/708.png
11,1071,709,map/tiles/11/1071/709.png
11,1071,710,map/tiles/11/1071/710.png
11,1071,711,map/tiles/11/1071/711.png
11,1071,712,map/tiles/11/1071/712.png
11,1071,713,map/tiles/11/1071/713.png
11,1071,714,map/tiles/11/1071/714.png
11,1071,715,map/tiles/11/1071/715.png
11,1071,716,map/tiles/11/1071/716.png
11,1071,717,map/tiles/11/1071/717.png
11,1071,718,map/tiles/11/1071/718.png
11,1071,719,map/tiles/11/1071/719.png
11,1071,720,map/tiles/11/1071/720.png
11,1071,721,map/tiles/11/1071/721.png
11,1071,722,map/tiles/11/1071/722.png
11,1071,723,map/tiles/11/1071/723.png
11,1071,724,map/tiles/11/1071/724.png
11,1071,725,map/tiles/11/1071/725.png
11,1071,726,map/tiles/11/1071/726.png
11,1071,727,map/tiles/11/1071/727.png
11,1071,728,map/tiles/11/1071/728.png
11,1071,729,map/tiles/11/1071/729.png
11,1071,730,map/tiles/11/1071/730.png
11,1071,731,map/tiles/11/1071/731.png
11,1071,732,map/tiles/11/1071/732.png
11,1071,733,map/tiles/11/1071/733.png
11,1071,734,map/tiles/11/1071/734.png
11,1071,735,map/tiles/11/1071/735.png
11,1071,736,map/tiles/11/1071/736.png
11,1071,737,map/tiles/11/1071/737.png
11,1072,685,map/tiles/11/1072/685.png
11,1072,686,map/tiles/11/1072/686.png
11,1072,687,map/tiles/11/1072/687.png
11,1072,688,map/tiles/11/1072/688.png
11,1072,689,map/tiles/11/1072/689.png
11,1072,690,map/tiles/11/1072/690.png
11,1072,691,map/tiles/11/1072/691.png
11,1072,692,map/tiles/11/1072/692.png
11,1072,693,map/tiles/11/1072/693.png
11,1072,694,map/tiles/11/1072/694.png
11,1072,695,map/tiles/11/1072/695.png
11,1072,696,map/tiles/11/1072/696.png
11,1072,697,map/tiles/11/1072/697.png
11,1072,698,map/tiles/11/1072/698.png
11,1072,699,map/tiles/11/1072/699.png
11,1072,700,map/tiles/11/1072/700.png
11,1072,701,map/tiles/11/1072/701.png
11,1072,702,map/tiles/11/1072/702.png
11,1072,703,map/tiles/11/1072/703.png
11,1072,704,map/tiles/11/1072/704.png
11,1072,705,map/tiles/11/1072/705.png
11,1072,706,map/tiles/11/1072/706.png
11,1072,707,map/tiles/11/1072/707.png
11,1072,708,map/tiles/11/1072/708.png
11,1072,709,map/tiles/11/1072/709.png
11,1072,710,map/tiles/11/1072/710.png
11,1072,711,map/tiles/11/1072/711.png
11,1072,712,map/tiles/11/1072/712.png
11,1072,713,map/tiles/11/1072/713.png
11,1072,714,map/tiles/11/1072/714.png
11,1072,715,map/tiles/11/1072/715.png
11,1072,716,map/tiles/11/1072/716.png
11,1072,717,map/tiles/11/1072/717.png
11,1072,718,map/tiles/11/1072/718.png
11,1072,719,map/tiles/11/1072/719.png
11,1072,720,map/tiles/11/1072/720.png
11,1072,721,map/tiles/11/1072/721.png
11,1072,722,map/tiles/11/1072/722.png
11,1072,723,map/tiles/11/1072/723.png
11,1072,724,map/tiles/11/1072/724.png
11,1072,725,map/tiles/11/1072/725.png
11,1072,726,map/tiles/11/1072/726.png
11,1072,727,map/tiles/11/1072/727.png
11,1072,728,map/tiles/11/1072/728.png
11,1072,729,map/tiles/11/1072/729.png
11,1072,730,map/tiles/11/1072/730.png
11,1072,731,map/tiles/11/1072/731.png
11,1072,732,map/tiles/11/1072/732.png
11,1072,733,map/tiles/11/1072/733.png
11,1072,734,map/tiles/11/1072/734.png
11,1072,735,map/tiles/11/1072/735.png
11,1072,736,map/tiles/11/1072/736.png
11,1072,737,map/tiles/11/1072/737.png
11,1073,685,map/tiles/11/1073/685.png
11,1073,686,map/tiles/11/1073/686.png
11,1073,687,map/tiles/11/1073/687.png
11,1073,688,map/tiles/11/1073/688.png
11,1073,689,map/tiles/11/1073/689.png
11,1073,690,map/tiles/11/1073/690.png
11,1073,691,map/tiles/11/1073/691.png
11,1073,692,map/tiles/11/1073/692.png
11,1073,693,map/tiles/11/1073/693.png
11,1073,694,map/tiles/11/1073/694.png
11,1073,695,map/tiles/11/1073/695.png
11,1073,696,map/tiles/11/1073/696.png
11,1073,697,map/tiles/11/1073/697.png
11,1073,698,map/tiles/11/1073/698.png
11,1073,699,map/tiles/11/1073/699.png
11,1073,700,map/tiles/11/1073/700.png
11,1073,701,map/tiles/11/1073/701.png
11,1073,702,map/tiles/11/1073/702.png
11,1073,703,map/tiles/11/1073/703.png
11,1073,704,map/tiles/11/1073/704.png
11,1073,705,map/tiles/11/1073/705.png
11,1073,706,map/tiles/11/1073/706.png
11,1073,707,map/tiles/11/1073/707.png
11,1073,708,map/tiles/11/1073/708.png
11,1073,709,map/tiles/11/1073/709.png
11,1073,710,map/tiles/11/1073/710.png
11,1073,711,map/tiles/11/1073/711.png
11,1073,712,map/tiles/11/1073/712.png
11,1073,713,map/tiles/11/1073/713.png
11,1073,714,map/tiles/11/1073/714.png
11,1073,715,map/tiles/11/1073/715.png
11,1073,716,map/tiles/11/1073/716.png
11,1073,717,map/tiles/11/1073/717.png
11,1073,718,map/tiles/11/1073/718.png
11,1073,719,map/tiles/11/1073/719.png
11,1073,720,map/tiles/11/1073/720.png
11,1073,721,map/tiles/11/1073/721.png
11,1073,722,map/tiles/11/1073/722.png
11,1073,723,map/tiles/11/1073/723.png
11,1073,724,map/tiles/11/1073/724.png
11,1073,725,map/tiles/11/1073/725.png
11,1073,726,map/tiles/11/1073/726.png
11,1073,727,map/tiles/11/1073/727.png
11,1073,728,map/tiles/11/1073/728.png
11,1073,729,map/tiles/11/1073/729.png
11,1073,730,map/tiles/11/1073/730.png
11,1073,731,map/tiles/11/1073/731.png
11,1073,732,map/tiles/11/1073/732.png
11,1073,733,map/tiles/11/1073/733.png
11,1073,734,map/tiles/11/1073/734.png
11,1073,735,map/tiles/11/1073/735.png
11,1073,736,map/tiles/11/1073/736.png
11,1073,737,map/tiles/11/1073/737.png
11,1074,685,map/tiles/11/1074/685.png
11,1074,686,map/tiles/11/1074/686.png
11,1074,687,map/tiles/11/1074/687.png
11,1074,688,map/tiles/11/1074/688.png
11,1074,689,map/tiles/11/1074/689.png
11,1074,690,map/tiles/11/1074/690.png
11,1074,691,map/tiles/11/1074/691.png
11,1074,692,map/tiles/11/1074/692.png
11,1074,693,map/tiles/11/1074/693.png
11,1074,694,map/tiles/11/1074/694.png
11,1074,695,map/tiles/11/1074/695.png
11,1074,696,map/tiles/11/1074/696.png
11,1074,697,map/tiles/11/1074/697.png
11,1074,698,map/tiles/11/1074/698.png
11,1074,699,map/tiles/11/1074/699.png
11,1074,700,map/tiles/11/1074/700.png
11,1074,701,map/tiles/11/1074/701.png
11,1074,702,map/tiles/11/1074/702.png
11,1074,703,map/tiles/11/1074/703.png
11,1074,704,map/tiles/11/1074/704.png
11,1074,705,map/tiles/11/1074/705.png
11,1074,706,map/tiles/11/1074/706.png
11,1074,707,map/tiles/11/1074/707.png
11,1074,708,map/tiles/11/1074/708.png
11,1074,709,map/tiles/11/1074/709.png
11,1074,710,map/tiles/11/1074/710.png
11,1074,711,map/tiles/11/1074/711.png
11,1074,712,map/tiles/11/1074/712.png
11,1074,713,map/tiles/11/1074/713.png
11,1074,714,map/tiles/11/1074/714.png
11,1074,715,map/tiles/11/1074/715.png
11,1074,716,map/tiles/11/1074/716.png
11,1074,717,map/tiles/11/1074/717.png
11,1074,718,map/tiles/11/1074/718.png
11,1074,719,map/tiles/11/1074/719.png
11,1074,720,map/tiles/11/1074/720.png
11,1074,721,map/tiles/11/1074/721.png
11,1074,722,map/tiles/11/1074/722.png
11,1074,723,map/tiles/11/1074/723.png
11,1074,724,map/tiles/11/1074/724.png
11,1074,725,map/tiles/11/1074/725.png
11,1074,726,map/tiles/11/1074/726.png
11,1074,727,map/tiles/11/1074/727.png
11,1074,728,map/tiles/11/1074/728.png
11,1074,729,map/tiles/11/1074/729.png
11,1074,730,map/tiles/11/1074/730.png
11,1074,731,map/tiles/11/1074/731.png
11,1074,732,map/tiles/11/1074/732.png
11,1074,733,map/tiles/11/1074/733.png
11,1074,734,map/tiles/11/1074/734.png
11,1074,735,map/tiles/11/1074/735.png
11,1074,736,map/tiles/11/1074/736.png
11,1074,737,map/tiles/11/1074/737.png
11,1075,685,map/tiles/11/1075/685.png
11,1075,686,map/tiles/11/1075/686.png
11,1075,687,map/tiles/11/1075/687.png
11,1075,688,map/tiles/11/1075/688.png
11,1075,689,map/tiles/11/1075/689.png
11,1075,690,map/tiles/11/1075/690.png
11,1075,691,map/tiles/11/1075/691.png
11,1075,692,map/tiles/11/1075/692.png
11,1075,693,map/tiles/11/1075/693.png
11,1075,694,map/tiles/11/1075/694.png
11,1075,695,map/tiles/11/1075/695.png
11,1075,696,map/tiles/11/1075/696.png
11,1075,697,map/tiles/11/1075/697.png
11,1075,698,map/tiles/11/1075/698.png
11,1075,699,map/tiles/11/1075/699.png
11,1075,700,map/tiles/11/1075/700.png
11,1075,701,map/tiles/11/1075/701.png
11,1075,702,map/tiles/11/1075/702.png
11,1075,703,map/tiles/11/1075/703.png
11,1075,704,map/tiles/11/1075/704.png
11,1075,705,map/tiles/11/1075/705.png
11,1075,706,map/tiles/11/1075/706.png
11,1075,707,map/tiles/11/1075/707.png
11,1075,708,map/tiles/11/1075/708.png
11,1075,709,map/tiles/11/1075/709.png
11,1075,710,map/tiles/11/1075/710.png
11,1075,711,map/tiles/11/1075/711.png
11,1075,712,map/tiles/11/1075/712.png
11,1075,713,map/tiles/11/1075/713.png
11,1075,714,map/tiles/11/1075/714.png
11,1075,715,map/tiles/11/1075/715.png
11,1075,716,map/tiles/11/1075/716.png
11,1075,717,map/tiles/11/1075/717.png
11,1075,718,map/tiles/11/1075/718.png
11,1075,719,map/tiles/11/1075/719.png
11,1075,720,map/tiles/11/1075/720.png
11,1075,721,map/tiles/11/1075/721.png
11,1075,722,map/tiles/11/1075/722.png
11,1075,723,map/tiles/11/1075/723.png
11,1075,724,map/tiles/11/1075/724.png
11,1075,725,map/tiles/11/1075/725.png
11,1075,726,map/tiles/11/1075/726.png
11,1075,727,map/tiles/11/1075/727.png
11,1075,728,map/tiles/11/1075/728.png
11,1075,729,map/tiles/11/1075/729.png
11,1075,730,map/tiles/11/1075/730.png
11,1075,731,map/tiles/11/1075/731.png
11,1075,732,map/tiles/11/1075/732.png
11,1075,733,map/tiles/11/1075/733.png
11,1075,734,map/tiles/11/1075/734.png
11,1075,735,map/tiles/11/1075/735.png
11,1075,736,map/tiles/11/1075/736.png
11,1075,737,map/tiles/11/1075/737.png
11,1076,685,map/tiles/11/1076/685.png
11,1076,686,map/tiles/11/1076/686.png
11,1076,687,map/tiles/11/1076/687.png
11,1076,688,map/tiles/11/1076/688.png
11,1076,689,map/tiles/11/1076/689.png
11,1076,690,map/tiles/11/1076/690.png
11,1076,691,map/tiles/11/1076/691.png
11,1076,692,map/tiles/11/1076/692.png
11,1076,693,map/tiles/11/1076/693.png
11,1076,694,map/tiles/11/1076/694.png
11,1076,695,map/tiles/11/1076/695.png
11,1076,696,map/tiles/11/1076/696.png
11,1076,697,map/tiles/11/1076/697.png
11,1076,698,map/tiles/11/1076/698.png
11,1076,699,map/tiles/11/1076/699.png
11,1076,700,map/tiles/11/1076/700.png
11,1076,701,map/tiles/11/1076/701.png
11,1076,702,map/tiles/11/1076/702.png
11,1076,703,map/tiles/11/1076/703.png
11,1076,704,map/tiles/11/1076/704.png
11,1076,705,map/tiles/11/1076/705.png
11,1076,706,map/tiles/11/1076/706.png
11,1076,707,map/tiles/11/1076/707.png
11,1076,708,map/tiles/11/1076/708.png
11,1076,709,map/tiles/11/1076/709.png
11,1076,710,map/tiles/11/1076/710.png
11,1076,711,map/tiles/11/1076/711.png
11,1076,712,map/tiles/11/1076/712.png
11,1076,713,map/tiles/11/1076/713.png
11,1076,714,map/tiles/11/1076/714.png
11,1076,715,map/tiles/11/1076/715.png
11,1076,716,map/tiles/11/1076/716.png
11,1076,717,map/tiles/11/1076/717.png
11,1076,718,map/tiles/11/1076/718.png
11,1076,719,map/tiles/11/1076/719.png
11,1076,720,map/tiles/11/1076/720.png
11,1076,721,map/tiles/11/1076/721.png
11,1076,722,map/tiles/11/1076/722.png
11,1076,723,map/tiles/11/1076/723.png
11,1076,724,map/tiles/11/1076/724.png
11,1076,725,map/tiles/11/1076/725.png
11,1076,726,map/tiles/11/1076/726.png
11,1076,727,map/tiles/11/1076/727.png
11,1076,728,map/tiles/11/1076/728.png
11,1076,729,map/tiles/11/1076/729.png
11,1076,730,map/tiles/11/1076/730.png
11,1076,731,map/tiles/11/1076/731.png
11,1076,732,map/tiles/11/1076/732.png
11,1076,733,map/tiles/11/1076/733.png
11,1076,734,map/tiles/11/1076/734.png
11,1076,735,map/tiles/11/1076/735.png
11,1076,736,map/tiles/11/1076/736.png
11,1076,737,map/tiles/11/1076/737.png
11,1077,685,map/tiles/11/1077/685.png
11,1077,686,map/tiles/11/1077/686.png
11,1077,687,map/tiles/11/1077/687.png
11,1077,688,map/tiles/11/1077/688.png
11,1077,689,map/tiles/11/1077/689.png
11,1077,690,map/tiles/11/1077/690.png
11,1077,691,map/tiles/11/1077/691.png
11,1077,692,map/tiles/11/1077/692.png
11,1077,693,map/tiles/11/1077/693.png
11,1077,694,map/tiles/11/1077/694.png
11,1077,695,map/tiles/11/1077/695.png
11,1077,696,map/tiles/11/1077/696.png
11,1077,697,map/tiles/11/1077/697.png
11,1077,698,map/tiles/11/1077/698.png
11,1077,699,map/tiles/11/1077/699.png
11,1077,700,map/tiles/11/1077/700.png
11,1077,701,map/tiles/11/1077/701.png
11,1077,702,map/tiles/11/1077/702.png
11,1077,703,map/tiles/11/1077/703.png
11,1077,704,map/tiles/11/1077/704.png
11,1077,705,map/tiles/11/1077/705.png
11,1077,706,map/tiles/11/1077/706.png
11,1077,707,map/tiles/11/1077/707.png
11,1077,708,map/tiles/11/1077/708.png
11,1077,709,map/tiles/11/1077/709.png
11,1077,710,map/tiles/11/1077/710.png
11,1077,711,map/tiles/11/1077/711.png
11,1077,712,map/tiles/11/1077/712.png
11,1077,713,map/tiles/11/1077/713.png
11,1077,714,map/tiles/11/1077/714.png
11,1077,715,map/tiles/11/1077/715.png
11,1077,716,map/tiles/11/1077/716.png
11,1077,717,map/tiles/11/1077/717.png
11,1077,718,map/tiles/11/1077/718.png
11,1077,719,map/tiles/11/1077/719.png
11,1077,720,map/tiles/11/1077/720.png
11,1077,721,map/tiles/11/1077/721.png
11,1077,722,map/tiles/11/1077/722.png
11,1077,723,map/tiles/11/1077/723.png
11,1077,724,map/tiles/11/1077/724.png
11,1077,725,map/tiles/11/1077/725.png
11,1077,726,map/tiles/11/1077/726.png
11,1077,727,map/tiles/11/1077/727.png
11,1077,728,map/tiles/11/1077/728.png
11,1077,729,map/tiles/11/1077/729.png
11,1077,730,map/tiles/11/1077/730.png
11,1077,731,map/tiles/11/1077/731.png
11,1077,732,map/tiles/11/1077/732.png
11,1077,733,map/tiles/11/1077/733.png
11,1077,734,map/tiles/11/1077/734.png
11,1077,735,map/tiles/11/1077/735.png
11,1077,736,map/tiles/11/1077/736.png
11,1077,737,map/tiles/11/1077/737.png
11,1078,685,map/tiles/11/1078/685.png
11,1078,686,map/tiles/11/1078/686.png
11,1078,687,map/tiles/11/1078/687.png
11,1078,688,map/tiles/11/1078/688.png
11,1078,689,map/tiles/11/1078/689.png
11,1078,690,map/tiles/11/1078/690.png
11,1078,691,map/tiles/11/1078/691.png
11,1078,692,map/tiles/11/1078/692.png
11,1078,693,map/tiles/11/1078/693.png
11,1078,694,map/tiles/11/1078/694.png
11,1078,695,map/tiles/11/1078/695.png
11,1078,696,map/tiles/11/1078/696.png
11,1078,697,map/tiles/11/1078/697.png
11,1078,698,map/tiles/11/1078/698.png
11,1078,699,map/tiles/11/1078/699.png
11,1078,700,map/tiles/11/1078/700.png
11,1078,701,map/tiles/11/1078/701.png
11,1078,702,map/tiles/11/1078/702.png
11,1078,703,map/tiles/11/1078/703.png
11,1078,704,map/tiles/11/1078/704.png
11,1078,705,map/tiles/11/1078/705.png
11,1078,706,map/tiles/11/1078/706.png
11,1078,707,map/tiles/11/1078/707.png
11,1078,708,map/tiles/11/1078/708.png
11,1078,709,map/tiles/11/1078/709.png
11,1078,710,map/tiles/11/1078/710.png
11,1078,711,map/tiles/11/1078/711.png
11,1078,712,map/tiles/11/1078/712.png
11,1078,713,map/tiles/11/1078/713.png
11,1078,714,map/tiles/11/1078/714.png
11,1078,715,map/tiles/11/1078/715.png
11,1078,716,map/tiles/11/1078/716.png
11,1078,717,map/tiles/11/1078/717.png
11,1078,718,map/tiles/11/1078/718.png
11,1078,719,map/tiles/11/1078/719.png
11,1078,720,map/tiles/11/1078/720.png
11,1078,721,map/tiles/11/1078/721.png
11,1078,722,map/tiles/11/1078/722.png
11,1078,723,map/tiles/11/1078/723.png
11,1078,724,map/tiles/11/1078/724.png
11,1078,725,map/tiles/11/1078/725.png
11,1078,726,map/tiles/11/1078/726.png
11,1078,727,map/tiles/11/1078/727.png
11,1078,728,map/tiles/11/1078/728.png
11,1078,729,map/tiles/11/1078/729.png
11,1078,730,map/tiles/11/1078/730.png
11,1078,731,map/tiles/11/1078/731.png
11,1078,732,map/tiles/11/1078/732.png
11,1078,733,map/tiles/11/1078/733.png
11,1078,734,map/tiles/11/1078/734.png
11,1078,735,map/tiles/11/1078/735.png
11,1078,736,map/tiles/11/1078/736.png
11,1078,737,map/tiles/11/1078/737.png
11,1079,685,map/tiles/11/1079/685.png
11,1079,686,map/tiles/11/1079/686.png
11,1079,687,map/tiles/11/1079/687.png
11,1079,688,map/tiles/11/1079/688.png
11,1079,689,map/tiles/11/1079/689.png
11,1079,690,map/tiles/11/1079/690.png
11,1079,691,map/tiles/11/1079/691.png
11,1079,692,map/tiles/11/1079/692.png
11,1079,693,map/tiles/11/1079/693.png
11,1079,694,map/tiles/11/1079/694.png
11,1079,695,map/tiles/11/1079/695.png
11,1079,696,map/tiles/11/1079/696.png
11,1079,697,map/tiles/11/1079/697.png
11,1079,698,map/tiles/11/1079/698.png
11,1079,699,map/tiles/11/1079/699.png
11,1079,700,map/tiles/11/1079/700.png
11,1079,701,map/tiles/11/1079/701.png
11,1079,702,map/tiles/11/1079/702.png
11,1079,703,map/tiles/11/1079/703.png
11,1079,704,map/tiles/11/1079/704.png
11,1079,705,map/tiles/11/1079/705.png
11,1079,706,map/tiles/11/1079/706.png
11,1079,707,map/tiles/11/1079/707.png
11,1079,708,map/tiles/11/1079/708.png
11,1079,709,map/tiles/11/1079/709.png
11,1079,710,map/tiles/11/1079/710.png
11,1079,711,map/tiles/11/1079/711.png
11,1079,712,map/tiles/11/1079/712.png
11,1079,713,map/tiles/11/1079/713.png
11,1079,714,map/tiles/11/1079/714.png
11,1079,715,map/tiles/11/1079/715.png
11,1079,716,map/tiles/11/1079/716.png
11,1079,717,map/tiles/11/1079/717.png
11,1079,718,map/tiles/11/1079/718.png
11,1079,719,map/tiles/11/1079/719.png
11,1079,720,map/tiles/11/1079/720.png
11,1079,721,map/tiles/11/1079/721.png
11,1079,722,map/tiles/11/1079/722.png
11,1079,723,map/tiles/11/1079/723.png
11,1079,724,map/tiles/11/1079/724.png
11,1079,725,map/tiles/11/1079/725.png
11,1079,726,map/tiles/11/1079/726.png
11,1079,727,map/tiles/11/1079/727.png
11,1079,728,map/tiles/11/1079/728.png
11,1079,729,map/tiles/11/1079/729.png
11,1079,730,map/tiles/11/1079/730.png
11,1079,731,map/tiles/11/1079/731.png
11,1079,732,map/tiles/11/1079/732.png
11,1079,733,map/tiles/11/1079/733.png
11,1079,734,map/tiles/11/1079/734.png
11,1079,735,map/tiles/11/1079/735.png
11,1079,736,map/tiles/11/1079/736.png
11,1079,737,map/tiles/11/1079/737.png
11,1080,685,map/tiles/11/1080/685.png
11,1080,686,map/tiles/11/1080/686.png
11,1080,687,map/tiles/11/1080/687.png
11,1080,688,map/tiles/11/1080/688.png
11,1080,689,map/tiles/11/1080/689.png
11,1080,690,map/tiles/11/1080/690.png
11,1080,691,map/tiles/11/1080/691.png
11,1080,692,map/tiles/11/1080/692.png
11,1080,693,map/tiles/11/1080/693.png
11,1080,694,map/tiles/11/1080/694.png
11,1080,695,map/tiles/11/1080/695.png
11,1080,696,map/tiles/11/1080/696.png
11,1080,697,map/tiles/11/1080/697.png
11,1080,698,map/tiles/11/1080/698.png
11,1080,699,map/tiles/11/1080/699.png
11,1080,700,map/tiles/11/1080/700.png
11,1080,701,map/tiles/11/1080/701.png
11,1080,702,map/tiles/11/1080/702.png
11,1080,703,map/tiles/11/1080/703.png
11,1080,704,map/tiles/11/1080/704.png
11,1080,705,map/tiles/11/1080/705.png
11,1080,706,map/tiles/11/1080/706.png
11,1080,707,map/tiles/11/1080/707.png
11,1080,708,map/tiles/11/1080/708.png
11,1080,709,map/tiles/11/1080/709.png
11,1080,710,map/tiles/11/1080/710.png
11,1080,711,map/tiles/11/1080/711.png
11,1080,712,map/tiles/11/1080/712.png
11,1080,713,map/tiles/11/1080/713.png
11,1080,714,map/tiles/11/1080/714.png
11,1080,715,map/tiles/11/1080/715.png
11,1080,716,map/tiles/11/1080/716.png
11,1080,717,map/tiles/11/1080/717.png
11,1080,718,map/tiles/11/1080/718.png
11,1080,719,map/tiles/11/1080/719.png
11,1080,720,map/tiles/11/1080/720.png
11,1080,721,map/tiles/11/1080/721.png
11,1080,722,map/tiles/11/1080/722.png
11,1080,723,map/tiles/11/1080/723.png
11,1080,724,map/tiles/11/1080/724.png
11,1080,725,map/tiles/11/1080/725.png
11,1080,726,map/tiles/11/1080/726.png
11,1080,727,map/tiles/11/1080/727.png
11,1080,728,map/tiles/11/1080/728.png
11,1080,729,map/tiles/11/1080/729.png
11,1080,730,map/tiles/11/1080/730.png
11,1080,731,map/tiles/11/1080/731.png
11,1080,732,map/tiles/11/1080/732.png
11,1080,733,map/tiles/11/1080/733.png
11,1080,734,map/tiles/11/1080/734.png
11,1080,735,map/tiles/11/1080/735.png
11,1080,736,map/tiles/11/1080/736.png
11,1080,737,map/tiles/11/1080/737.png
11,1081,685,map/tiles/11/1081/685.png
11,1081,686,map/tiles/11/1081/686.png
11,1081,687,map/tiles/11/1081/687.png
11,1081,688,map/tiles/11/1081/688.png
11,1081,689,map/tiles/11/1081/689.png
11,1081,690,map/tiles/11/1081/690.png
11,1081,691,map/tiles/11/1081/691.png
11,1081,692,map/tiles/11/1081/692.png
11,1081,693,map/tiles/11/1081/693.png
11,1081,694,map/tiles/11/1081/694.png
11,1081,695,map/tiles/11/1081/695.png
11,1081,696,map/tiles/11/1081/696.png
11,1081,697,map/tiles/11/1081/697.png
11,1081,698,map/tiles/11/1081/698.png
11,1081,699,map/tiles/11/1081/699.png
11,1081,700,map/tiles/11/1081/700.png
11,1081,701,map/tiles/11/1081/701.png
11,1081,702,map/tiles/11/1081/702.png
11,1081,703,map/tiles/11/1081/703.png
11,1081,704,map/tiles/11/1081/704.png
11,1081,705,map/tiles/11/1081/705.png
11,1081,706,map/tiles/11/1081/706.png
11,1081,707,map/tiles/11/1081/707.png
11,1081,708,map/tiles/11/1081/708.png
11,1081,709,map/tiles/11/1081/709.png
11,1081,710,map/tiles/11/1081/710.png
11,1081,711,map/tiles/11/1081/711.png
11,1081,712,map/tiles/11/1081/712.png
11,1081,713,map/tiles/11/1081/713.png
11,1081,714,map/tiles/11/1081/714.png
11,1081,715,map/tiles/11/1081/715.png
11,1081,716,map/tiles/11/1081/716.png
11,1081,717,map/tiles/11/1081/717.png
11,1081,718,map/tiles/11/1081/718.png
11,1081,719,map/tiles/11/1081/719.png
11,1081,720,map/tiles/11/1081/720.png
11,1081,721,map/tiles/11/1081/721.png
11,1081,722,map/tiles/11/1081/722.png
11,1081,723,map/tiles/11/1081/723.png
11,1081,724,map/tiles/11/1081/724.png
11,1081,725,map/tiles/11/1081/725.png
11,1081,726,map/tiles/11/1081/726.png
11,1081,727,map/tiles/11/1081/727.png
11,1081,728,map/tiles/11/1081/728.png
11,1081,729,map/tiles/11/1081/729.png
11,1081,730,map/tiles/11/1081/730.png
11,1081,731,map/tiles/11/1081/731.png
11,1081,732,map/tiles/11/1081/732.png
11,1081,733,map/tiles/11/1081/733.png
11,1081,734,map/tiles/11/1081/734.png
11,1081,735,map/tiles/11/1081/735.png
11,1081,736,map/tiles/11/1081/736.png
11,1081,737,map/tiles/11/1081/737.png
11,1082,685,map/tiles/11/1082/685.png
11,1082,686,map/tiles/11/1082/686.png
11,1082,687,map/tiles/11/1082/687.png
11,1082,688,map/tiles/11/1082/688.png
11,1082,689,map/tiles/11/1082/689.png
11,1082,690,map/tiles/11/1082/690.png
11,1082,691,map/tiles/11/1082/691.png
11,1082,692,map/tiles/11/1082/692.png
11,1082,693,map/tiles/11/1082/693.png
11,1082,694,map/tiles/11/1082/694.png
11,1082,695,map/tiles/11/1082/695.png
11,1082,696,map/tiles/11/1082/696.png
11,1082,697,map/tiles/11/1082/697.png
11,1082,698,map/tiles/11/1082/698.png
11,1082,699,map/tiles/11/1082/699.png
11,1082,700,map/tiles/11/1082/700.png
11,1082,701,map/tiles/11/1082/701.png
11,1082,702,map/tiles/11/1082/702.png
11,1082,703,map/tiles/11/1082/703.png
11,1082,704,map/tiles/11/1082/704.png
11,1082,705,map/tiles/11/1082/705.png
11,1082,706,map/tiles/11/1082/706.png
11,1082,707,map/tiles/11/1082/707.png
11,1082,708,map/tiles/11/1082/708.png
11,1082,709,map/tiles/11/1082/709.png
11,1082,710,map/tiles/11/1082/710.png
11,1082,711,map/tiles/11/1082/711.png
11,1082,712,map/tiles/11/1082/712.png
11,1082,713,map/tiles/11/1082/713.png
11,1082,714,map/tiles/11/1082/714.png
11,1082,715,map/tiles/11/1082/715.png
11,1082,716,map/tiles/11/1082/716.png
11,1082,717,map/tiles/11/1082/717.png
11,1082,718,map/tiles/11/1082/718.png
11,1082,719,map/tiles/11/1082/719.png
11,1082,720,map/tiles/11/1082/720.png
11,1082,721,map/tiles/11/1082/721.png
11,1082,722,map/tiles/11/1082/722.png
11,1082,723,map/tiles/11/1082/723.png
11,1082,724,map/tiles/11/1082/724.png
11,1082,725,map/tiles/11/1082/725.png
11,1082,726,map/tiles/11/1082/726.png
11,1082,727,map/tiles/11/1082/727.png
11,1082,728,map/tiles/11/1082/728.png
11,1082,729,map/tiles/11/1082/729.png
11,1082,730,map/tiles/11/1082/730.png
11,1082,731,map/tiles/11/1082/731.png
11,1082,732,map/tiles/11/1082/732.png
11,1082,733,map/tiles/11/1082/733.png
11,1082,734,map/tiles/11/1082/734.png
11,1082,735,map/tiles/11/1082/735.png
11,1082,736,map/tiles/11/1082/736.png
11,1082,737,map/tiles/11/1082/737.png
11,1083,685,map/tiles/11/1083/685.png
11,1083,686,map/tiles/11/1083/686.png
11,1083,687,map/tiles/11/1083/687.png
11,1083,688,map/tiles/11/1083/688.png
11,1083,689,map/tiles/11/1083/689.png
11,1083,690,map/tiles/11/1083/690.png
11,1083,691,map/tiles/11/1083/691.png
11,1083,692,map/tiles/11/1083/692.png
11,1083,693,map/tiles/11/1083/693.png
11,1083,694,map/tiles/11/1083/694.png
11,1083,695,map/tiles/11/1083/695.png
11,1083,696,map/tiles/11/1083/696.png
11,1083,697,map/tiles/11/1083/697.png
11,1083,698,map/tiles/11/1083/698.png
11,1083,699,map/tiles/11/1083/699.png
11,1083,700,map/tiles/11/1083/700.png
11,1083,701,map/tiles/11/1083/701.png
11,1083,702,map/tiles/11/1083/702.png
11,1083,703,map/tiles/11/1083/703.png
11,1083,704,map/tiles/11/1083/704.png
11,1083,705,map/tiles/11/1083/705.png
11,1083,706,map/tiles/11/1083/706.png
11,1083,707,map/tiles/11/1083/707.png
11,1083,708,map/tiles/11/1083/708.png
11,1083,709,map/tiles/11/1083/709.png
11,1083,710,map/tiles/11/1083/710.png
11,1083,711,map/tiles/11/1083/711.png
11,1083,712,map/tiles/11/1083/712.png
11,1083,713,map/tiles/11/1083/713.png
11,1083,714,map/tiles/11/1083/714.png
11,1083,715,map/tiles/11/1083/715.png
11,1083,716,map/tiles/11/1083/716.png
11,1083,717,map/tiles/11/1083/717.png
11,1083,718,map/tiles/11/1083/718.png
11,1083,719,map/tiles/11/1083/719.png
11,1083,720,map/tiles/11/1083/720.png
11,1083,721,map/tiles/11/1083/721.png
11,1083,722,map/tiles/11/1083/722.png
11,1083,723,map/tiles/11/1083/723.png
11,1083,724,map/tiles/11/1083/724.png
11,1083,725,map/tiles/11/1083/725.png
11,1083,726,map/tiles/11/1083/726.png
11,1083,727,map/tiles/11/1083/727.png
11,1083,728,map/tiles/11/1083/728.png
11,1083,729,map/tiles/11/1083/729.png
11,1083,730,map/tiles/11/1083/730.png
11,1083,731,map/tiles/11/1083/731.png
11,1083,732,map/tiles/11/1083/732.png
11,1083,733,map/tiles/11/1083/733.png
11,1083,734,map/tiles/11/1083/734.png
11,1083,735,map/tiles/11/1083/735.png
11,1083,736,map/tiles/11/1083/736.png
11,1083,737,map/tiles/11/1083/737.png
11,1084,685,map/tiles/11/1084/685.png
11,1084,686,map/tiles/11/1084/686.png
11,1084,687,map/tiles/11/1084/687.png
11,1084,688,map/tiles/11/1084/688.png
11,1084,689,map/tiles/11/1084/689.png
11,1084,690,map/tiles/11/1084/690.png
11,1084,691,map/tiles/11/1084/691.png
11,1084,692,map/tiles/11/1084/692.png
11,1084,693,map/tiles/11/1084/693.png
11,1084,694,map/tiles/11/1084/694.png
11,1084,695,map/tiles/11/1084/695.png
11,1084,696,map/tiles/11/1084/696.png
11,1084,697,map/tiles/11/1084/697.png
11,1084,698,map/tiles/11/1084/698.png
11,1084,699,map/tiles/11/1084/699.png
11,1084,700,map/tiles/11/1084/700.png
11,1084,701,map/tiles/11/1084/701.png
11,1084,702,map/tiles/11/1084/702.png
11,1084,703,map/tiles/11/1084/703.png
11,1084,704,map/tiles/11/1084/704.png
11,1084,705,map/tiles/11/1084/705.png
11,1084,706,map/tiles/11/1084/706.png
11,1084,707,map/tiles/11/1084/707.png
11,1084,708,map/tiles/11/1084/708.png
11,1084,709,map/tiles/11/1084/709.png
11,1084,710,map/tiles/11/1084/710.png
11,1084,711,map/tiles/11/1084/711.png
11,1084,712,map/tiles/11/1084/712.png
11,1084,713,map/tiles/11/1084/713.png
11,1084,714,map/tiles/11/1084/714.png
11,1084,715,map/tiles/11/1084/715.png
11,1084,716,map/tiles/11/1084/716.png
11,1084,717,map/tiles/11/1084/717.png
11,1084,718,map/tiles/11/1084/718.png
11,1084,719,map/tiles/11/1084/719.png
11,1084,720,map/tiles/11/1084/720.png
11,1084,721,map/tiles/11/1084/721.png
11,1084,722,map/tiles/11/1084/722.png
11,1084,723,map/tiles/11/1084/723.png
11,1084,724,map/tiles/11/1084/724.png
11,1084,725,map/tiles/11/1084/725.png
11,1084,726,map/tiles/11/1084/726.png
11,1084,727,map/tiles/11/1084/727.png
11,1084,728,map/tiles/11/1084/728.png
11,1084,729,map/tiles/11/1084/729.png
11,1084,730,map/tiles/11/1084/730.png
11,1084,731,map/tiles/11/1084/731.png
11,1084,732,map/tiles/11/1084/732.png
11,1084,733,map/tiles/11/1084/733.png
11,1084,734,map/tiles/11/1084/734.png
11,1084,735,map/tiles/11/1084/735.png
11,1084,736,map/tiles/11/1084/736.png
11,1084,737,map/tiles/11/1084/737.png
11,1085,685,map/tiles/11/1085/685.png
11,1085,686,map/tiles/11/1085/686.png
11,1085,687,map/tiles/11/1085/687.png
11,1085,688,map/tiles/11/1085/688.png
11,1085,689,map/tiles/11/1085/689.png
11,1085,690,map/tiles/11/1085/690.png
11,1085,691,map/tiles/11/1085/691.png
11,1085,692,map/tiles/11/1085/692.png
11,1085,693,map/tiles/11/1085/693.png
11,1085,694,map/tiles/11/1085/694.png
11,1085,695,map/tiles/11/1085/695.png
11,1085,696,map/tiles/11/1085/696.png
11,1085,697,map/tiles/11/1085/697.png
11,1085,698,map/tiles/11/1085/698.png
11,1085,699,map/tiles/11/1085/699.png
11,1085,700,map/tiles/11/1085/700.png
11,1085,701,map/tiles/11/1085/701.png
11,1085,702,map/tiles/11/1085/702.png
11,1085,703,map/tiles/11/1085/703.png
11,1085,704,map/tiles/11/1085/704.png
11,1085,705,map/tiles/11/1085/705.png
11,1085,706,map/tiles/11/1085/706.png
11,1085,707,map/tiles/11/1085/707.png
11,1085,708,map/tiles/11/1085/708.png
11,1085,709,map/tiles/11/1085/709.png
11,1085,710,map/tiles/11/1085/710.png
11,1085,711,map/tiles/11/1085/711.png
11,1085,712,map/tiles/11/1085/712.png
11,1085,713,map/tiles/11/1085/713.png
11,1085,714,map/tiles/11/1085/714.png
11,1085,715,map/tiles/11/1085/715.png
11,1085,716,map/tiles/11/1085/716.png
11,1085,717,map/tiles/11/1085/717.png
11,1085,718,map/tiles/11/1085/718.png
11,1085,719,map/tiles/11/1085/719.png
11,1085,720,map/tiles/11/1085/720.png
11,1085,721,map/tiles/11/1085/721.png
11,1085,722,map/tiles/11/1085/722.png
11,1085,723,map/tiles/11/1085/723.png
11,1085,724,map/tiles/11/1085/724.png
11,1085,725,map/tiles/11/1085/725.png
11,1085,726,map/tiles/11/1085/726.png
11,1085,727,map/tiles/11/1085/727.png
11,1085,728,map/tiles/11/1085/728.png
11,1085,729,map/tiles/11/1085/729.png
11,1085,730,map/tiles/11/1085/730.png
11,1085,731,map/tiles/11/1085/731.png
11,1085,732,map/tiles/11/1085/732.png
11,1085,733,map/tiles/11/1085/733.png
11,1085,734,map/tiles/11/1085/734.png
11,1085,735,map/tiles/11/1085/735.png
11,1085,736,map/tiles/11/1085/736.png
11,1085,737,map/tiles/11/1085/737.png
11,1086,685,map/tiles/11/1086/685.png
11,1086,686,map/tiles/11/1086/686.png
11,1086,687,map/tiles/11/1086/687.png
11,1086,688,map/tiles/11/1086/688.png
11,1086,689,map/tiles/11/1086/689.png
11,1086,690,map/tiles/11/1086/690.png
11,1086,691,map/tiles/11/1086/691.png
11,1086,692,map/tiles/11/1086/692.png
11,1086,693,map/tiles/11/1086/693.png
11,1086,694,map/tiles/11/1086/694.png
11,1086,695,map/tiles/11/1086/695.png
11,1086,696,map/tiles/11/1086/696.png
11,1086,697,map/tiles/11/1086/697.png
11,1086,698,map/tiles/11/1086/698.png
11,1086,699,map/tiles/11/1086/699.png
11,1086,700,map/tiles/11/1086/700.png
11,1086,701,map/tiles/11/1086/701.png
11,1086,702,map/tiles/11/1086/702.png
11,1086,703,map/tiles/11/1086/703.png
11,1086,704,map/tiles/11/1086/704.png
11,1086,705,map/tiles/11/1086/705.png
11,1086,706,map/tiles/11/1086/706.png
11,1086,707,map/tiles/11/1086/707.png
11,1086,708,map/tiles/11/1086/708.png
11,1086,709,map/tiles/11/1086/709.png
11,1086,710,map/tiles/11/1086/710.png
11,1086,711,map/tiles/11/1086/711.png
11,1086,712,map/tiles/11/1086/712.png
11,1086,713,map/tiles/11/1086/713.png
11,1086,714,map/tiles/11/1086/714.png
11,1086,715,map/tiles/11/1086/715.png
11,1086,716,map/tiles/11/1086/716.png
11,1086,717,map/tiles/11/1086/717.png
11,1086,718,map/tiles/11/1086/718.png
11,1086,719,map/tiles/11/1086/719.png
11,1086,720,map/tiles/11/1086/720.png
11,1086,721,map/tiles/11/1086/721.png
11,1086,722,map/tiles/11/1086/722.png
11,1086,723,map/tiles/11/1086/723.png
11,1086,724,map/tiles/11/1086/724.png
11,1086,725,map/tiles/11/1086/725.png
11,1086,726,map/tiles/11/1086/726.png
11,1086,727,map/tiles/11/1086/727.png
11,1086,728,map/tiles/11/1086/728.png
11,1086,729,map/tiles/11/1086/729.png
11,1086,730,map/tiles/11/1086/730.png
11,1086,731,map/tiles/11/1086/731.png
11,1086,732,map/tiles/11/1086/732.png
11,1086,733,map/tiles/11/1086/733.png
11,1086,734,map/tiles/11/1086/734.png
11,1086,735,map/tiles/11/1086/735.png
11,1086,736,map/tiles/11/1086/736.png
11,1086,737,map/tiles/11/1086/737.png
12,2092,1371,map/tiles/12/2092/1371.png
12,2092,1372,map/tiles/12/2092/1372.png
12,2092,1373,map/tiles/12/2092/1373.png
12,2092,1374,map/tiles/12/2092/1374.png
12,2092,1375,map/tiles/12/2092/1375.png
12,2092,1376,map/tiles/12/2092/1376.png
12,2092,1377,map/tiles/12/2092/1377.png
12,2092,1378,map/tiles/12/2092/1378.png
12,2092,1379,map/tiles/12/2092/1379.png
12,2092,1380,map/tiles/12/2092/1380.png
12,2092,1381,map/tiles/12/2092/1381.png
12,2092,1382,map/tiles/12/2092/1382.png
12,2092,1383,map/tiles/12/2092/1383.png
12,2092,1384,map/tiles/12/2092/1384.png
12,2092,1385,map/tiles/12/2092/1385.png
12,2092,1386,map/tiles/12/2092/1386.png
12,2092,1387,map/tiles/12/2092/1387.png
12,2092,1388,map/tiles/12/2092/1388.png
12,2092,1389,map/tiles/12/2092/1389.png
12,2092,1390,map/tiles/12/2092/1390.png
12,2092,1391,map/tiles/12/2092/1391.png
12,2092,1392,map/tiles/12/2092/1392.png
12,2092,1393,map/tiles/12/2092/1393.png
12,2092,1394,map/tiles/12/2092/1394.png
12,2092,1395,map/tiles/12/2092/1395.png
12,2092,1396,map/tiles/12/2092/1396.png
12,2092,1397,map/tiles/12/2092/1397.png
12,2092,1398,map/tiles/12/2092/1398.png
12,2092,1399,map/tiles/12/2092/1399.png
12,2092,1400,map/tiles/12/2092/1400.png
12,2092,1401,map/tiles/12/2092/1401.png
12,2092,1402,map/tiles/12/2092/1402.png
12,2092,1403,map/tiles/12/2092/1403.png
12,2092,1404,map/tiles/12/2092/1404.png
12,2092,1405,map/tiles/12/2092/1405.png
12,2092,1406,map/tiles/12/2092/1406.png
12,2092,1407,map/tiles/12/2092/1407.png
12,2092,1408,map/tiles/12/2092/1408.png
12,2092,1409,map/tiles/12/2092/1409.png
12,2092,1410,map/tiles/12/2092/1410.png
12,2092,1411,map/tiles/12/2092/1411.png
12,2092,1412,map/tiles/12/2092/1412.png
12,2092,1413,map/tiles/12/2092/1413.png
12,2092,1414,map/tiles/12/2092/1414.png
12,2092,1415,map/tiles/12/2092/1415.png
12,2092,1416,map/tiles/12/2092/1416.png
12,2092,1417,map/tiles/12/2092/1417.png
12,2092,1418,map/tiles/12/2092/1418.png
12,2092,1419,map/tiles/12/2092/1419.png
12,2092,1420,map/tiles/12/2092/1420.png
12,2092,1421,map/tiles/12/2092/1421.png
12,2092,1422,map/tiles/12/2092/1422.png
12,2092,1423,map/tiles/12/2092/1423.png
12,2092,1424,map/tiles/12/2092/1424.png
12,2092,1425,map/tiles/12/2092/1425.png
12,2092,1426,map/tiles/12/2092/1426.png
12,2092,1427,map/tiles/12/2092/1427.png
12,2092,1428,map/tiles/12/2092/1428.png
12,2092,1429,map/tiles/12/2092/1429.png
12,2092,1430,map/tiles/12/2092/1430.png
12,2092,1431,map/tiles/12/2092/1431.png
12,2092,1432,map/tiles/12/2092/1432.png
12,2092,1433,map/tiles/12/2092/1433.png
12,2092,1434,map/tiles/12/2092/1434.png
12,2092,1435,map/tiles/12/2092/1435.png
12,2092,1436,map/tiles/12/2092/1436.png
12,2092,1437,map/tiles/12/2092/1437.png
12,2092,1438,map/tiles/12/2092/1438.png
12,2092,1439,map/tiles/12/2092/1439.png
12,2092,1440,map/tiles/12/2092/1440.png
12,2092,1441,map/tiles/12/2092/1441.png
12,2092,1442,map/tiles/12/2092/1442.png
12,2092,1443,map/tiles/12/2092/1443.png
12,2092,1444,map/tiles/12/2092/1444.png
12,2092,1445,map/tiles/12/2092/1445.png
12,2092,1446,map/tiles/12/2092/1446.png
12,2092,1447,map/tiles/12/2092/1447.png
12,2092,1448,map/tiles/12/2092/1448.png
12,2092,1449,map/tiles/12/2092/1449.png
12,2092,1450,map/tiles/12/2092/1450.png
12,2092,1451,map/tiles/12/2092/1451.png
12,2092,1452,map/tiles/12/2092/1452.png
12,2092,1453,map/tiles/12/2092/1453.png
12,2092,1454,map/tiles/12/2092/1454.png
12,2092,1455,map/tiles/12/2092/1455.png
12,2092,1456,map/tiles/12/2092/1456.png
12,2092,1457,map/tiles/12/2092/1457.png
12,2092,1458,map/tiles/12/2092/1458.png
12,2092,1459,map/tiles/12/2092/1459.png
12,2092,1460,map/tiles/12/2092/1460.png
12,2092,1461,map/tiles/12/2092/1461.png
12,2092,1462,map/tiles/12/2092/1462.png
12,2092,1463,map/tiles/12/2092/1463.png
12,2092,1464,map/tiles/12/2092/1464.png
12,2092,1465,map/tiles/12/2092/1465.png
12,2092,1466,map/tiles/12/2092/1466.png
12,2092,1467,map/tiles/12/2092/1467.png
12,2092,1468,map/tiles/12/2092/1468.png
12,2092,1469,map/tiles/12/2092/1469.png
12,2092,1470,map/tiles/12/2092/1470.png
12,2092,1471,map/tiles/12/2092/1471.png
12,2092,1472,map/tiles/12/2092/1472.png
12,2092,1473,map/tiles/12/2092/1473.png
12,2092,1474,map/tiles/12/2092/1474.png
12,2092,1475,map/tiles/12/2092/1475.png
12,2093,1371,map/tiles/12/2093/1371.png
12,2093,1372,map/tiles/12/2093/1372.png
12,2093,1373,map/tiles/12/2093/1373.png
12,2093,1374,map/tiles/12/2093/1374.png
12,2093,1375,map/tiles/12/2093/1375.png
12,2093,1376,map/tiles/12/2093/1376.png
12,2093,1377,map/tiles/12/2093/1377.png
12,2093,1378,map/tiles/12/2093/1378.png
12,2093,1379,map/tiles/12/2093/1379.png
12,2093,1380,map/tiles/12/2093/1380.png
12,2093,1381,map/tiles/12/2093/1381.png
12,2093,1382,map/tiles/12/2093/1382.png
12,2093,1383,map/tiles/12/2093/1383.png
12,2093,1384,map/tiles/12/2093/1384.png
12,2093,1385,map/tiles/12/2093/1385.png
12,2093,1386,map/tiles/12/2093/1386.png
12,2093,1387,map/tiles/12/2093/1387.png
12,2093,1388,map/tiles/12/2093/1388.png
12,2093,1389,map/tiles/12/2093/1389.png
12,2093,1390,map/tiles/12/2093/1390.png
12,2093,1391,map/tiles/12/2093/1391.png
12,2093,1392,map/tiles/12/2093/1392.png
12,2093,1393,map/tiles/12/2093/1393.png
12,2093,1394,map/tiles/12/2093/1394.png
12,2093,1395,map/tiles/12/2093/1395.png
12,2093,1396,map/tiles/12/2093/1396.png
12,2093,1397,map/tiles/12/2093/1397.png
12,2093,1398,map/tiles/12/2093/1398.png
12,2093,1399,map/tiles/12/2093/1399.png
12,2093,1400,map/tiles/12/2093/1400.png
12,2093,1401,map/tiles/12/2093/1401.png
12,2093,1402,map/tiles/12/2093/1402.png
12,2093,1403,map/tiles/12/2093/1403.png
12,2093,1404,map/tiles/12/2093/1404.png
12,2093,1405,map/tiles/12/2093/1405.png
12,2093,1406,map/tiles/12/2093/1406.png
12,2093,1407,map/tiles/12/2093/1407.png
12,2093,1408,map/tiles/12/2093/1408.png
12,2093,1409,map/tiles/12/2093/1409.png
12,2093,1410,map/tiles/12/2093/1410.png
12,2093,1411,map/tiles/12/2093/1411.png
12,2093,1412,map/tiles/12/2093/1412.png
12,2093,1413,map/tiles/12/2093/1413.png
12,2093,1414,map/tiles/12/2093/1414.png
12,2093,1415,map/tiles/12/2093/1415.png
12,2093,1416,map/tiles/12/2093/1416.png
12,2093,1417,map/tiles/12/2093/1417.png
12,2093,1418,map/tiles/12/2093/1418.png
12,2093,1419,map/tiles/12/2093/1419.png
12,2093,1420,map/tiles/12/2093/1420.png
12,2093,1421,map/tiles/12/2093/1421.png
12,2093,1422,map/tiles/12/2093/1422.png
12,2093,1423,map/tiles/12/2093/1423.png
12,2093,1424,map/tiles/12/2093/1424.png
12,2093,1425,map/tiles/12/2093/1425.png
12,2093,1426,map/tiles/12/2093/1426.png
12,2093,1427,map/tiles/12/2093/1427.png
12,2093,1428,map/tiles/12/2093/1428.png
12,2093,1429,map/tiles/12/2093/1429.png
12,2093,1430,map/tiles/12/2093/1430.png
12,2093,1431,map/tiles/12/2093/1431.png
12,2093,1432,map/tiles/12/2093/1432.png
12,2093,1433,map/tiles/12/2093/1433.png
12,2093,1434,map/tiles/12/2093/1434.png
12,2093,1435,map/tiles/12/2093/1435.png
12,2093,1436,map/tiles/12/2093/1436.png
12,2093,1437,map/tiles/12/2093/1437.png
12,2093,1438,map/tiles/12/2093/1438.png
12,2093,1439,map/tiles/12/2093/1439.png
12,2093,1440,map/tiles/12/2093/1440.png
12,2093,1441,map/tiles/12/2093/1441.png
12,2093,1442,map/tiles/12/2093/1442.png
12,2093,1443,map/tiles/12/2093/1443.png
12,2093,1444,map/tiles/12/2093/1444.png
12,2093,1445,map/tiles/12/2093/1445.png
12,2093,1446,map/tiles/12/2093/1446.png
12,2093,1447,map/tiles/12/2093/1447.png
12,2093,1448,map/tiles/12/2093/1448.png
12,2093,1449,map/tiles/12/2093/1449.png
12,2093,1450,map/tiles/12/2093/1450.png
12,2093,1451,map/tiles/12/2093/1451.png
12,2093,1452,map/tiles/12/2093/1452.png
12,2093,1453,map/tiles/12/2093/1453.png
12,2093,1454,map/tiles/12/2093/1454.png
12,2093,1455,map/tiles/12/2093/1455.png
12,2093,1456,map/tiles/12/2093/1456.png
12,2093,1457,map/tiles/12/2093/1457.png
12,2093,1458,map/tiles/12/2093/1458.png
12,2093,1459,map/tiles/12/2093/1459.png
12,2093,1460,map/tiles/12/2093/1460.png
12,2093,1461,map/tiles/12/2093/1461.png
12,2093,1462,map/tiles/12/2093/1462.png
12,2093,1463,map/tiles/12/2093/1463.png
12,2093,1464,map/tiles/12/2093/1464.png
12,2093,1465,map/tiles/12/2093/1465.png
12,2093,1466,map/tiles/12/2093/1466.png
12,2093,1467,map/tiles/12/2093/1467.png
12,2093,1468,map/tiles/12/2093/1468.png
12,2093,1469,map/tiles/12/2093/1469.png
12,2093,1470,map/tiles/12/2093/1470.png
12,2093,1471,map/tiles/12/2093/1471.png
12,2093,1472,map/tiles/12/2093/1472.png
12,2093,1473,map/tiles/12/2093/1473.png
12,2093,1474,map/tiles/12/2093/1474.png
12,2093,1475,map/tiles/12/2093/1475.png
12,2094,1371,map/tiles/12/2094/1371.png
12,2094,1372,map/tiles/12/2094/1372.png
12,2094,1373,map/tiles/12/2094/1373.png
12,2094,1374,map/tiles/12/2094/1374.png
12,2094,1375,map/tiles/12/2094/1375.png
12,2094,1376,map/tiles/12/2094/1376.png
12,2094,1377,map/tiles/12/2094/1377.png
12,2094,1378,map/tiles/12/2094/1378.png
12,2094,1379,map/tiles/12/2094/1379.png
12,2094,1380,map/tiles/12/2094/1380.png
12,2094,1381,map/tiles/12/2094/1381.png
12,2094,1382,map/tiles/12/2094/1382.png
12,2094,1383,map/tiles/12/2094/1383.png
12,2094,1384,map/tiles/12/2094/1384.png
12,2094,1385,map/tiles/12/2094/1385.png
12,2094,1386,map/tiles/12/2094/1386.png
12,2094,1387,map/tiles/12/2094/1387.png
12,2094,1388,map/tiles/12/2094/1388.png
12,2094,1389,map/tiles/12/2094/1389.png
12,2094,1390,map/tiles/12/2094/1390.png
12,2094,1391,map/tiles/12/2094/1391.png
12,2094,1392,map/tiles/12/2094/1392.png
12,2094,1393,map/tiles/12/2094/1393.png
12,2094,1394,map/tiles/12/2094/1394.png
12,2094,1395,map/tiles/12/2094/1395.png
12,2094,1396,map/tiles/12/2094/1396.png
12,2094,1397,map/tiles/12/2094/1397.png
12,2094,1398,map/tiles/12/2094/1398.png
12,2094,1399,map/tiles/12/2094/1399.png
12,2094,1400,map/tiles/12/2094/1400.png
12,2094,1401,map/tiles/12/2094/1401.png
12,2094,1402,map/tiles/12/2094/1402.png
12,2094,1403,map/tiles/12/2094/1403.png
12,2094,1404,map/tiles/12/2094/1404.png
12,2094,1405,map/tiles/12/2094/1405.png
12,2094,1406,map/tiles/12/2094/1406.png
12,2094,1407,map/tiles/12/2094/1407.png
12,2094,1408,map/tiles/12/2094/1408.png
12,2094,1409,map/tiles/12/2094/1409.png
12,2094,1410,map/tiles/12/2094/1410.png
12,2094,1411,map/tiles/12/2094/1411.png
12,2094,1412,map/tiles/12/2094/1412.png
12,2094,1413,map/tiles/12/2094/1413.png
12,2094,1414,map/tiles/12/2094/1414.png
12,2094,1415,map/tiles/12/2094/1415.png
12,2094,1416,map/tiles/12/2094/1416.png
12,2094,1417,map/tiles/12/2094/1417.png
12,2094,1418,map/tiles/12/2094/1418.png
12,2094,1419,map/tiles/12/2094/1419.png
12,2094,1420,map/tiles/12/2094/1420.png
12,2094,1421,map/tiles/12/2094/1421.png
12,2094,1422,map/tiles/12/2094/1422.png
12,2094,1423,map/tiles/12/2094/1423.png
12,2094,1424,map/tiles/12/2094/1424.png
12,2094,1425,map/tiles/12/2094/1425.png
12,2094,1426,map/tiles/12/2094/1426.png
12,2094,1427,map/tiles/12/2094/1427.png
12,2094,1428,map/tiles/12/2094/1428.png
12,2094,1429,map/tiles/12/2094/1429.png
12,2094,1430,map/tiles/12/2094/1430.png
12,2094,1431,map/tiles/12/2094/1431.png
12,2094,1432,map/tiles/12/2094/1432.png
12,2094,1433,map/tiles/12/2094/1433.png
12,2094,1434,map/tiles/12/2094/1434.png
12,2094,1435,map/tiles/12/2094/1435.png
12,2094,1436,map/tiles/12/2094/1436.png
12,2094,1437,map/tiles/12/2094/1437.png
12,2094,1438,map/tiles/12/2094/1438.png
12,2094,1439,map/tiles/12/2094/1439.png
12,2094,1440,map/tiles/12/2094/1440.png
12,2094,1441,map/tiles/12/2094/1441.png
12,2094,1442,map/tiles/12/2094/1442.png
12,2094,1443,map/tiles/12/2094/1443.png
12,2094,1444,map/tiles/12/2094/1444.png
12,2094,1445,map/tiles/12/2094/1445.png
12,2094,1446,map/tiles/12/2094/1446.png
12,2094,1447,map/tiles/12/2094/1447.png
12,2094,1448,map/tiles/12/2094/1448.png
12,2094,1449,map/tiles/12/2094/1449.png
12,2094,1450,map/tiles/12/2094/1450.png
12,2094,1451,map/tiles/12/2094/1451.png
12,2094,1452,map/tiles/12/2094/1452.png
12,2094,1453,map/tiles/12/2094/1453.png
12,2094,1454,map/tiles/12/2094/1454.png
12,2094,1455,map/tiles/12/2094/1455.png
12,2094,1456,map/tiles/12/2094/1456.png
12,2094,1457,map/tiles/12/2094/1457.png
12,2094,1458,map/tiles/12/2094/1458.png
12,2094,1459,map/tiles/12/2094/1459.png
12,2094,1460,map/tiles/12/2094/1460.png
12,2094,1461,map/tiles/12/2094/1461.png
12,2094,1462,map/tiles/12/2094/1462.png
12,2094,1463,map/tiles/12/2094/1463.png
12,2094,1464,map/tiles/12/2094/1464.png
12,2094,1465,map/tiles/12/2094/1465.png
12,2094,1466,map/tiles/12/2094/1466.png
12,2094,1467,map/tiles/12/2094/1467.png
12,2094,1468,map/tiles/12/2094/1468.png
12,2094,1469,map/tiles/12/2094/1469.png
12,2094,1470,map/tiles/12/2094/1470.png
12,2094,1471,map/tiles/12/2094/1471.png
12,2094,1472,map/tiles/12/2094/1472.png
12,2094,1473,map/tiles/12/2094/1473.png
12,2094,1474,map/tiles/12/2094/1474.png
12,2094,1475,map/tiles/12/2094/1475.png
12,2095,1371,map/tiles/12/2095/1371.png
12,2095,1372,map/tiles/12/2095/1372.png
12,2095,1373,map/tiles/12/2095/1373.png
12,2095,1374,map/tiles/12/2095/1374.png
12,2095,1375,map/tiles/12/2095/1375.png
12,2095,1376,map/tiles/12/2095/1376.png
12,2095,1377,map/tiles/12/2095/1377.png
12,2095,1378,map/tiles/12/2095/1378.png
12,2095,1379,map/tiles/12/2095/1379.png
12,2095,1380,map/tiles/12/2095/1380.png
12,2095,1381,map/tiles/12/2095/1381.png
12,2095,1382,map/tiles/12/2095/1382.png
12,2095,1383,map/tiles/12/2095/1383.png
12,2095,1384,map/tiles/12/2095/1384.png
12,2095,1385,map/tiles/12/2095/1385.png
12,2095,1386,map/tiles/12/2095/1386.png
12,2095,1387,map/tiles/12/2095/1387.png
12,2095,1388,map/tiles/12/2095/1388.png
12,2095,1389,map/tiles/12/2095/1389.png
12,2095,1390,map/tiles/12/2095/1390.png
12,2095,1391,map/tiles/12/2095/1391.png
12,2095,1392,map/tiles/12/2095/1392.png
12,2095,1393,map/tiles/12/2095/1393.png
12,2095,1394,map/tiles/12/2095/1394.png
12,2095,1395,map/tiles/12/2095/1395.png
12,2095,1396,map/tiles/12/2095/1396.png
12,2095,1397,map/tiles/12/2095/1397.png
12,2095,1398,map/tiles/12/2095/1398.png
12,2095,1399,map/tiles/12/2095/1399.png
12,2095,1400,map/tiles/12/2095/1400.png
12,2095,1401,map/tiles/12/2095/1401.png
12,2095,1402,map/tiles/12/2095/1402.png
12,2095,1403,map/tiles/12/2095/1403.png
12,2095,1404,map/tiles/12/2095/1404.png
12,2095,1405,map/tiles/12/2095/1405.png
12,2095,1406,map/tiles/12/2095/1406.png
12,2095,1407,map/tiles/12/2095/1407.png
12,2095,1408,map/tiles/12/2095/1408.png
12,2095,1409,map/tiles/12/2095/1409.png
12,2095,1410,map/tiles/12/2095/1410.png
12,2095,1411,map/tiles/12/2095/1411.png
12,2095,1412,map/tiles/12/2095/1412.png
12,2095,1413,map/tiles/12/2095/1413.png
12,2095,1414,map/tiles/12/2095/1414.png
12,2095,1415,map/tiles/12/2095/1415.png
12,2095,1416,map/tiles/12/2095/1416.png
12,2095,1417,map/tiles/12/2095/1417.png
12,2095,1418,map/tiles/12/2095/1418.png
12,2095,1419,map/tiles/12/2095/1419.png
12,2095,1420,map/tiles/12/2095/1420.png
12,2095,1421,map/tiles/12/2095/1421.png
12,2095,1422,map/tiles/12/2095/1422.png
12,2095,1423,map/tiles/12/2095/1423.png
12,2095,1424,map/tiles/12/2095/1424.png
12,2095,1425,map/tiles/12/2095/1425.png
12,2095,1426,map/tiles/12/2095/1426.png
12,2095,1427,map/tiles/12/2095/1427.png
12,2095,1428,map/tiles/12/2095/1428.png
12,2095,1429,map/tiles/12/2095/1429.png
12,2095,1430,map/tiles/12/2095/1430.png
12,2095,1431,map/tiles/12/2095/1431.png
12,2095,1432,map/tiles/12/2095/1432.png
12,2095,1433,map/tiles/12/2095/1433.png
12,2095,1434,map/tiles/12/2095/1434.png
12,2095,1435,map/tiles/12/2095/1435.png
12,2095,1436,map/tiles/12/2095/1436.png
12,2095,1437,map/tiles/12/2095/1437.png
12,2095,1438,map/tiles/12/2095/1438.png
12,2095,1439,map/tiles/12/2095/1439.png
12,2095,1440,map/tiles/12/2095/1440.png
12,2095,1441,map/tiles/12/2095/1441.png
12,2095,1442,map/tiles/12/2095/1442.png
12,2095,1443,map/tiles/12/2095/1443.png
12,2095,1444,map/tiles/12/2095/1444.png
12,2095,1445,map/tiles/12/2095/1445.png
12,2095,1446,map/tiles/12/2095/1446.png
12,2095,1447,map/tiles/12/2095/1447.png
12,2095,1448,map/tiles/12/2095/1448.png
12,2095,1449,map/tiles/12/2095/1449.png
12,2095,1450,map/tiles/12/2095/1450.png
12,2095,1451,map/tiles/12/2095/1451.png
12,2095,1452,map/tiles/12/2095/1452.png
12,2095,1453,map/tiles/12/2095/1453.png
12,2095,1454,map/tiles/12/2095/1454.png
12,2095,1455,map/tiles/12/2095/1455.png
12,2095,1456,map/tiles/12/2095/1456.png
12,2095,1457,map/tiles/12/2095/1457.png
12,2095,1458,map/tiles/12/2095/1458.png
12,2095,1459,map/tiles/12/2095/1459.png
12,2095,1460,map/tiles/12/2095/1460.png
12,2095,1461,map/tiles/12/2095/1461.png
12,2095,1462,map/tiles/12/2095/1462.png
12,2095,1463,map/tiles/12/2095/1463.png
12,2095,1464,map/tiles/12/2095/1464.png
12,2095,1465,map/tiles/12/2095/1465.png
12,2095,1466,map/tiles/12/2095/1466.png
12,2095,1467,map/tiles/12/2095/1467.png
12,2095,1468,map/tiles/12/2095/1468.png
12,2095,1469,map/tiles/12/2095/1469.png
12,2095,1470,map/tiles/12/2095/1470.png
12,2095,1471,map/tiles/12/2095/1471.png
12,2095,1472,map/tiles/12/2095/1472.png
12,2095,1473,map/tiles/12/2095/1473.png
12,2095,1474,map/tiles/12/2095/1474.png
12,2095,1475,map/tiles/12/2095/1475.png
12,2096,1371,map/tiles/12/2096/1371.png
12,2096,1372,map/tiles/12/2096/1372.png
12,2096,1373,map/tiles/12/2096/1373.png
12,2096,1374,map/tiles/12/2096/1374.png
12,2096,1375,map/tiles/12/2096/1375.png
12,2096,1376,map/tiles/12/2096/1376.png
12,2096,1377,map/tiles/12/2096/1377.png
12,2096,1378,map/tiles/12/2096/1378.png
12,2096,1379,map/tiles/12/2096/1379.png
12,2096,1380,map/tiles/12/2096/1380.png
12,2096,1381,map/tiles/12/2096/1381.png
12,2096,1382,map/tiles/12/2096/1382.png
12,2096,1383,map/tiles/12/2096/1383.png
12,2096,1384,map/tiles/12/2096/1384.png
12,2096,1385,map/tiles/12/2096/1385.png
12,2096,1386,map/tiles/12/2096/1386.png
12,2096,1387,map/tiles/12/2096/1387.png
12,2096,1388,map/tiles/12/2096/1388.png
12,2096,1389,map/tiles/12/2096/1389.png
12,2096,1390,map/tiles/12/2096/1390.png
12,2096,1391,map/tiles/12/2096/1391.png
12,2096,1392,map/tiles/12/2096/1392.png
12,2096,1393,map/tiles/12/2096/1393.png
12,2096,1394,map/tiles/12/2096/1394.png
12,2096,1395,map/tiles/12/2096/1395.png
12,2096,1396,map/tiles/12/2096/1396.png
12,2096,1397,map/tiles/12/2096/1397.png
12,2096,1398,map/tiles/12/2096/1398.png
12,2096,1399,map/tiles/12/2096/1399.png
12,2096,1400,map/tiles/12/2096/1400.png
12,2096,1401,map/tiles/12/2096/1401.png
12,2096,1402,map/tiles/12/2096/1402.png
12,2096,1403,map/tiles/12/2096/1403.png
12,2096,1404,map/tiles/12/2096/1404.png
12,2096,1405,map/tiles/12/2096/1405.png
12,2096,1406,map/tiles/12/2096/1406.png
12,2096,1407,map/tiles/12/2096/1407.png
12,2096,1408,map/tiles/12/2096/1408.png
12,2096,1409,map/tiles/12/2096/1409.png
12,2096,1410,map/tiles/12/2096/1410.png
12,2096,1411,map/tiles/12/2096/1411.png
12,2096,1412,map/tiles/12/2096/1412.png
12,2096,1413,map/tiles/12/2096/1413.png
12,2096,1414,map/tiles/12/2096/1414.png
12,2096,1415,map/tiles/12/2096/1415.png
12,2096,1416,map/tiles/12/2096/1416.png
12,2096,1417,map/tiles/12/2096/1417.png
12,2096,1418,map/tiles/12/2096/1418.png
12,2096,1419,map/tiles/12/2096/1419.png
12,2096,1420,map/tiles/12/2096/1420.png
12,2096,1421,map/tiles/12/2096/1421.png
12,2096,1422,map/tiles/12/2096/1422.png
12,2096,1423,map/tiles/12/2096/1423.png
12,2096,1424,map/tiles/12/2096/1424.png
12,2096,1425,map/tiles/12/2096/1425.png
12,2096,1426,map/tiles/12/2096/1426.png
12,2096,1427,map/tiles/12/2096/1427.png
12,2096,1428,map/tiles/12/2096/1428.png
12,2096,1429,map/tiles/12/2096/1429.png
12,2096,1430,map/tiles/12/2096/1430.png
12,2096,1431,map/tiles/12/2096/1431.png
12,2096,1432,map/tiles/12/2096/1432.png
12,2096,1433,map/tiles/12/2096/1433.png
12,2096,1434,map/tiles/12/2096/1434.png
12,2096,1435,map/tiles/12/2096/1435.png
12,2096,1436,map/tiles/12/2096/1436.png
12,2096,1437,map/tiles/12/2096/1437.png
12,2096,1438,map/tiles/12/2096/1438.png
12,2096,1439,map/tiles/12/2096/1439.png
12,2096,1440,map/tiles/12/2096/1440.png
12,2096,1441,map/tiles/12/2096/1441.png
12,2096,1442,map/tiles/12/2096/1442.png
12,2096,1443,map/tiles/12/2096/1443.png
12,2096,1444,map/tiles/12/2096/1444.png
12,2096,1445,map/tiles/12/2096/1445.png
12,2096,1446,map/tiles/12/2096/1446.png
12,2096,1447,map/tiles/12/2096/1447.png
12,2096,1448,map/tiles/12/2096/1448.png
12,2096,1449,map/tiles/12/2096/1449.png
12,2096,1450,map/tiles/12/2096/1450.png
12,2096,1451,map/tiles/12/2096/1451.png
12,2096,1452,map/tiles/12/2096/1452.png
12,2096,1453,map/tiles/12/2096/1453.png
12,2096,1454,map/tiles/12/2096/1454.png
12,2096,1455,map/tiles/12/2096/1455.png
12,2096,1456,map/tiles/12/2096/1456.png
12,2096,1457,map/tiles/12/2096/1457.png
12,2096,1458,map/tiles/12/2096/1458.png
12,2096,1459,map/tiles/12/2096/1459.png
12,2096,1460,map/tiles/12/2096/1460.png
12,2096,1461,map/tiles/12/2096/1461.png
12,2096,1462,map/tiles/12/2096/1462.png
12,2096,1463,map/tiles/12/2096/1463.png
12,2096,1464,map/tiles/12/2096/1464.png
12,2096,1465,map/tiles/12/2096/1465.png
12,2096,1466,map/tiles/12/2096/1466.png
12,2096,1467,map/tiles/12/2096/1467.png
12,2096,1468,map/tiles/12/2096/1468.png
12,2096,1469,map/tiles/12/2096/1469.png
12,2096,1470,map/tiles/12/2096/1470.png
12,2096,1471,map/tiles/12/2096/1471.png
12,2096,1472,map/tiles/12/2096/1472.png
12,2096,1473,map/tiles/12/2096/1473.png
12,2096,1474,map/tiles/12/2096/1474.png
12,2096,1475,map/tiles/12/2096/1475.png
12,2097,1371,map/tiles/12/2097/1371.png
12,2097,1372,map/tiles/12/2097/1372.png
12,2097,1373,map/tiles/12/2097/1373.png
12,2097,1374,map/tiles/12/2097/1374.png
12,2097,1375,map/tiles/12/2097/1375.png
12,2097,1376,map/tiles/12/2097/1376.png
12,2097,1377,map/tiles/12/2097/1377.png
12,2097,1378,map/tiles/12/2097/1378.png
12,2097,1379,map/tiles/12/2097/1379.png
12,2097,1380,map/tiles/12/2097/1380.png
12,2097,1381,map/tiles/12/2097/1381.png
12,2097,1382,map/tiles/12/2097/1382.png
12,2097,1383,map/tiles/12/2097/1383.png
12,2097,1384,map/tiles/12/2097/1384.png
12,2097,1385,map/tiles/12/2097/1385.png
12,2097,1386,map/tiles/12/2097/1386.png
12,2097,1387,map/tiles/12/2097/1387.png
12,2097,1388,map/tiles/12/2097/1388.png
12,2097,1389,map/tiles/12/2097/1389.png
12,2097,1390,map/tiles/12/2097/1390.png
12,2097,1391,map/tiles/12/2097/1391.png
12,2097,1392,map/tiles/12/2097/1392.png
12,2097,1393,map/tiles/12/2097/1393.png
12,2097,1394,map/tiles/12/2097/1394.png
12,2097,1395,map/tiles/12/2097/1395.png
12,2097,1396,map/tiles/12/2097/1396.png
12,2097,1397,map/tiles/12/2097/1397.png
12,2097,1398,map/tiles/12/2097/1398.png
12,2097,1399,map/tiles/12/2097/1399.png
12,2097,1400,map/tiles/12/2097/1400.png
12,2097,1401,map/tiles/12/2097/1401.png
12,2097,1402,map/tiles/12/2097/1402.png
12,2097,1403,map/tiles/12/2097/1403.png
12,2097,1404,map/tiles/12/2097/1404.png
12,2097,1405,map/tiles/12/2097/1405.png
12,2097,1406,map/tiles/12/2097/1406.png
12,2097,1407,map/tiles/12/2097/1407.png
12,2097,1408,map/tiles/12/2097/1408.png
12,2097,1409,map/tiles/12/2097/1409.png
12,2097,1410,map/tiles/12/2097/1410.png
12,2097,1411,map/tiles/12/2097/1411.png
12,2097,1412,map/tiles/12/2097/1412.png
12,2097,1413,map/tiles/12/2097/1413.png
12,2097,1414,map/tiles/12/2097/1414.png
12,2097,1415,map/tiles/12/2097/1415.png
12,2097,1416,map/tiles/12/2097/1416.png
12,2097,1417,map/tiles/12/2097/1417.png
12,2097,1418,map/tiles/12/2097/1418.png
12,2097,1419,map/tiles/12/2097/1419.png
12,2097,1420,map/tiles/12/2097/1420.png
12,2097,1421,map/tiles/12/2097/1421.png
12,2097,1422,map/tiles/12/2097/1422.png
12,2097,1423,map/tiles/12/2097/1423.png
12,2097,1424,map/tiles/12/2097/1424.png
12,2097,1425,map/tiles/12/2097/1425.png
12,2097,1426,map/tiles/12/2097/1426.png
12,2097,1427,map/tiles/12/2097/1427.png
12,2097,1428,map/tiles/12/2097/1428.png
12,2097,1429,map/tiles/12/2097/1429.png
12,2097,1430,map/tiles/12/2097/1430.png
12,2097,1431,map/tiles/12/2097/1431.png
12,2097,1432,map/tiles/12/2097/1432.png
12,2097,1433,map/tiles/12/2097/1433.png
12,2097,1434,map/tiles/12/2097/1434.png
12,2097,1435,map/tiles/12/2097/1435.png
12,2097,1436,map/tiles/12/2097/1436.png
12,2097,1437,map/tiles/12/2097/1437.png
12,2097,1438,map/tiles/12/2097/1438.png
12,2097,1439,map/tiles/12/2097/1439.png
12,2097,1440,map/tiles/12/2097/1440.png
12,2097,1441,map/tiles/12/2097/1441.png
12,2097,1442,map/tiles/12/2097/1442.png
12,2097,1443,map/tiles/12/2097/1443.png
12,2097,1444,map/tiles/12/2097/1444.png
12,2097,1445,map/tiles/12/2097/1445.png
12,2097,1446,map/tiles/12/2097/1446.png
12,2097,1447,map/tiles/12/2097/1447.png
12,2097,1448,map/tiles/12/2097/1448.png
12,2097,1449,map/tiles/12/2097/1449.png
12,2097,1450,map/tiles/12/2097/1450.png
12,2097,1451,map/tiles/12/2097/1451.png
12,2097,1452,map/tiles/12/2097/1452.png
12,2097,1453,map/tiles/12/2097/1453.png
12,2097,1454,map/tiles/12/2097/1454.png
12,2097,1455,map/tiles/12/2097/1455.png
12,2097,1456,map/tiles/12/2097/1456.png
12,2097,1457,map/tiles/12/2097/1457.png
12,2097,1458,map/tiles/12/2097/1458.png
12,2097,1459,map/tiles/12/2097/1459.png
12,2097,1460,map/tiles/12/2097/1460.png
12,2097,1461,map/tiles/12/2097/1461.png
12,2097,1462,map/tiles/12/2097/1462.png
12,2097,1463,map/tiles/12/2097/1463.png
12,2097,1464,map/tiles/12/2097/1464.png
12,2097,1465,map/tiles/12/2097/1465.png
12,2097,1466,map/tiles/12/2097/1466.png
12,2097,1467,map/tiles/12/2097/1467.png
12,2097,1468,map/tiles/12/2097/1468.png
12,2097,1469,map/tiles/12/2097/1469.png
12,2097,1470,map/tiles/12/2097/1470.png
12,2097,1471,map/tiles/12/2097/1471.png
12,2097,1472,map/tiles/12/2097/1472.png
12,2097,1473,map/tiles/12/2097/1473.png
12,2097,1474,map/tiles/12/2097/1474.png
12,2097,1475,map/tiles/12/2097/1475.png
12,2098,1371,map/tiles/12/2098/1371.png
12,2098,1372,map/tiles/12/2098/1372.png
12,2098,1373,map/tiles/12/2098/1373.png
12,2098,1374,map/tiles/12/2098/1374.png
12,2098,1375,map/tiles/12/2098/1375.png
12,2098,1376,map/tiles/12/2098/1376.png
12,2098,1377,map/tiles/12/2098/1377.png
12,2098,1378,map/tiles/12/2098/1378.png
12,2098,1379,map/tiles/12/2098/1379.png
12,2098,1380,map/tiles/12/2098/1380.png
12,2098,1381,map/tiles/12/2098/1381.png
12,2098,1382,map/tiles/12/2098/1382.png
12,2098,1383,map/tiles/12/2098/1383.png
12,2098,1384,map/tiles/12/2098/1384.png
12,2098,1385,map/tiles/12/2098/1385.png
12,2098,1386,map/tiles/12/2098/1386.png
12,2098,1387,map/tiles/12/2098/1387.png
12,2098,1388,map/tiles/12/2098/1388.png
12,2098,1389,map/tiles/12/2098/1389.png
12,2098,1390,map/tiles/12/2098/1390.png
12,2098,1391,map/tiles/12/2098/1391.png
12,2098,1392,map/tiles/12/2098/1392.png
12,2098,1393,map/tiles/12/2098/1393.png
12,2098,1394,map/tiles/12/2098/1394.png
12,2098,1395,map/tiles/12/2098/1395.png
12,2098,1396,map/tiles/12/2098/1396.png
12,2098,1397,map/tiles/12/2098/1397.png
12,2098,1398,map/tiles/12/2098/1398.png
12,2098,1399,map/tiles/12/2098/1399.png
12,2098,1400,map/tiles/12/2098/1400.png
12,2098,1401,map/tiles/12/2098/1401.png
12,2098,1402,map/tiles/12/2098/1402.png
12,2098,1403,map/tiles/12/2098/1403.png
12,2098,1404,map/tiles/12/2098/1404.png
12,2098,1405,map/tiles/12/2098/1405.png
12,2098,1406,map/tiles/12/2098/1406.png
12,2098,1407,map/tiles/12/2098/1407.png
12,2098,1408,map/tiles/12/2098/1408.png
12,2098,1409,map/tiles/12/2098/1409.png
12,2098,1410,map/tiles/12/2098/1410.png
12,2098,1411,map/tiles/12/2098/1411.png
12,2098,1412,map/tiles/12/2098/1412.png
12,2098,1413,map/tiles/12/2098/1413.png
12,2098,1414,map/tiles/12/2098/1414.png
12,2098,1415,map/tiles/12/2098/1415.png
12,2098,1416,map/tiles/12/2098/1416.png
12,2098,1417,map/tiles/12/2098/1417.png
12,2098,1418,map/tiles/12/2098/1418.png
12,2098,1419,map/tiles/12/2098/1419.png
12,2098,1420,map/tiles/12/2098/1420.png
12,2098,1421,map/tiles/12/2098/1421.png
12,2098,1422,map/tiles/12/2098/1422.png
12,2098,1423,map/tiles/12/2098/1423.png
12,2098,1424,map/tiles/12/2098/1424.png
12,2098,1425,map/tiles/12/2098/1425.png
12,2098,1426,map/tiles/12/2098/1426.png
12,2098,1427,map/tiles/12/2098/1427.png
12,2098,1428,map/tiles/12/2098/1428.png
12,2098,1429,map/tiles/12/2098/1429.png
12,2098,1430,map/tiles/12/2098/1430.png
12,2098,1431,map/tiles/12/2098/1431.png
12,2098,1432,map/tiles/12/2098/1432.png
12,2098,1433,map/tiles/12/2098/1433.png
12,2098,1434,map/tiles/12/2098/1434.png
12,2098,1435,map/tiles/12/2098/1435.png
12,2098,1436,map/tiles/12/2098/1436.png
12,2098,1437,map/tiles/12/2098/1437.png
12,2098,1438,map/tiles/12/2098/1438.png
12,2098,1439,map/tiles/12/2098/1439.png
12,2098,1440,map/tiles/12/2098/1440.png
12,2098,1441,map/tiles/12/2098/1441.png
12,2098,1442,map/tiles/12/2098/1442.png
12,2098,1443,map/tiles/12/2098/1443.png
12,2098,1444,map/tiles/12/2098/1444.png
12,2098,1445,map/tiles/12/2098/1445.png
12,2098,1446,map/tiles/12/2098/1446.png
12,2098,1447,map/tiles/12/2098/1447.png
12,2098,1448,map/tiles/12/2098/1448.png
12,2098,1449,map/tiles/12/2098/1449.png
12,2098,1450,map/tiles/12/2098/1450.png
12,2098,1451,map/tiles/12/2098/1451.png
12,2098,1452,map/tiles/12/2098/1452.png
12,2098,1453,map/tiles/12/2098/1453.png
12,2098,1454,map/tiles/12/2098/1454.png
12,2098,1455,map/tiles/12/2098/1455.png
12,2098,1456,map/tiles/12/2098/1456.png
12,2098,1457,map/tiles/12/2098/1457.png
12,2098,1458,map/tiles/12/2098/1458.png
12,2098,1459,map/tiles/12/2098/1459.png
12,2098,1460,map/tiles/12/2098/1460.png
12,2098,1461,map/tiles/12/2098/1461.png
12,2098,1462,map/tiles/12/2098/1462.png
12,2098,1463,map/tiles/12/2098/1463.png
12,2098,1464,map/tiles/12/2098/1464.png
12,2098,1465,map/tiles/12/2098/1465.png
12,2098,1466,map/tiles/12/2098/1466.png
12,2098,1467,map/tiles/12/2098/1467.png
12,2098,1468,map/tiles/12/2098/1468.png
12,2098,1469,map/tiles/12/2098/1469.png
12,2098,1470,map/tiles/12/2098/1470.png
12,2098,1471,map/tiles/12/2098/1471.png
12,2098,1472,map/tiles/12/2098/1472.png
12,2098,1473,map/tiles/12/2098/1473.png
12,2098,1474,map/tiles/12/2098/1474.png
12,2098,1475,map/tiles/12/2098/1475.png
12,2099,1371,map/tiles/12/2099/1371.png
12,2099,1372,map/tiles/12/2099/1372.png
12,2099,1373,map/tiles/12/2099/1373.png
12,2099,1374,map/tiles/12/2099/1374.png
12,2099,1375,map/tiles/12/2099/1375.png
12,2099,1376,map/tiles/12/2099/1376.png
12,2099,1377,map/tiles/12/2099/1377.png
12,2099,1378,map/tiles/12/2099/1378.png
12,2099,1379,map/tiles/12/2099/1379.png
12,2099,1380,map/tiles/12/2099/1380.png
12,2099,1381,map/tiles/12/2099/1381.png
12,2099,1382,map/tiles/12/2099/1382.png
12,2099,1383,map/tiles/12/2099/1383.png
12,2099,1384,map/tiles/12/2099/1384.png
12,2099,1385,map/tiles/12/2099/1385.png
12,2099,1386,map/tiles/12/2099/1386.png
12,2099,1387,map/tiles/12/2099/1387.png
12,2099,1388,map/tiles/12/2099/1388.png
12,2099,1389,map/tiles/12/2099/1389.png
12,2099,1390,map/tiles/12/2099/1390.png
12,2099,1391,map/tiles/12/2099/1391.png
12,2099,1392,map/tiles/12/2099/1392.png
12,2099,1393,map/tiles/12/2099/1393.png
12,2099,1394,map/tiles/12/2099/1394.png
12,2099,1395,map/tiles/12/2099/1395.png
12,2099,1396,map/tiles/12/2099/1396.png
12,2099,1397,map/tiles/12/2099/1397.png
12,2099,1398,map/tiles/12/2099/1398.png
12,2099,1399,map/tiles/12/2099/1399.png
12,2099,1400,map/tiles/12/2099/1400.png
12,2099,1401,map/tiles/12/2099/1401.png
12,2099,1402,map/tiles/12/2099/1402.png
12,2099,1403,map/tiles/12/2099/1403.png
12,2099,1404,map/tiles/12/2099/1404.png
12,2099,1405,map/tiles/12/2099/1405.png
12,2099,1406,map/tiles/12/2099/1406.png
12,2099,1407,map/tiles/12/2099/1407.png
12,2099,1408,map/tiles/12/2099/1408.png
12,2099,1409,map/tiles/12/2099/1409.png
12,2099,1410,map/tiles/12/2099/1410.png
12,2099,1411,map/tiles/12/2099/1411.png
12,2099,1412,map/tiles/12/2099/1412.png
12,2099,1413,map/tiles/12/2099/1413.png
12,2099,1414,map/tiles/12/2099/1414.png
12,2099,1415,map/tiles/12/2099/1415.png
12,2099,1416,map/tiles/12/2099/1416.png
12,2099,1417,map/tiles/12/2099/1417.png
12,2099,1418,map/tiles/12/2099/1418.png
12,2099,1419,map/tiles/12/2099/1419.png
12,2099,1420,map/tiles/12/2099/1420.png
12,2099,1421,map/tiles/12/2099/1421.png
12,2099,1422,map/tiles/12/2099/1422.png
12,2099,1423,map/tiles/12/2099/1423.png
12,2099,1424,map/tiles/12/2099/1424.png
12,2099,1425,map/tiles/12/2099/1425.png
12,2099,1426,map/tiles/12/2099/1426.png
12,2099,1427,map/tiles/12/2099/1427.png
12,2099,1428,map/tiles/12/2099/1428.png
12,2099,1429,map/tiles/12/2099/1429.png
12,2099,1430,map/tiles/12/2099/1430.png
12,2099,1431,map/tiles/12/2099/1431.png
12,2099,1432,map/tiles/12/2099/1432.png
12,2099,1433,map/tiles/12/2099/1433.png
12,2099,1434,map/tiles/12/2099/1434.png
12,2099,1435,map/tiles/12/2099/1435.png
12,2099,1436,map/tiles/12/2099/1436.png
12,2099,1437,map/tiles/12/2099/1437.png
12,2099,1438,map/tiles/12/2099/1438.png
12,2099,1439,map/tiles/12/2099/1439.png
12,2099,1440,map/tiles/12/2099/1440.png
12,2099,1441,map/tiles/12/2099/1441.png
12,2099,1442,map/tiles/12/2099/1442.png
12,2099,1443,map/tiles/12/2099/1443.png
12,2099,1444,map/tiles/12/2099/1444.png
12,2099,1445,map/tiles/12/2099/1445.png
12,2099,1446,map/tiles/12/2099/1446.png
12,2099,1447,map/tiles/12/2099/1447.png
12,2099,1448,map/tiles/12/2099/1448.png
12,2099,1449,map/tiles/12/2099/1449.png
12,2099,1450,map/tiles/12/2099/1450.png
12,2099,1451,map/tiles/12/2099/1451.png
12,2099,1452,map/tiles/12/2099/1452.png
12,2099,1453,map/tiles/12/2099/1453.png
12,2099,1454,map/tiles/12/2099/1454.png
12,2099,1455,map/tiles/12/2099/1455.png
12,2099,1456,map/tiles/12/2099/1456.png
12,2099,1457,map/tiles/12/2099/1457.png
12,2099,1458,map/tiles/12/2099/1458.png
12,2099,1459,map/tiles/12/2099/1459.png
12,2099,1460,map/tiles/12/2099/1460.png
12,2099,1461,map/tiles/12/2099/1461.png
12,2099,1462,map/tiles/12/2099/1462.png
12,2099,1463,map/tiles/12/2099/1463.png
12,2099,1464,map/tiles/12/2099/1464.png
12,2099,1465,map/tiles/12/2099/1465.png
12,2099,1466,map/tiles/12/2099/1466.png
12,2099,1467,map/tiles/12/2099/1467.png
12,2099,1468,map/tiles/12/2099/1468.png
12,2099,1469,map/tiles/12/2099/1469.png
12,2099,1470,map/tiles/12/2099/1470.png
12,2099,1471,map/tiles/12/2099/1471.png
12,2099,1472,map/tiles/12/2099/1472.png
12,2099,1473,map/tiles/12/2099/1473.png
12,2099,1474,map/tiles/12/2099/1474.png
12,2099,1475,map/tiles/12/2099/1475.png
12,2100,1371,map/tiles/12/2100/1371.png
12,2100,1372,map/tiles/12/2100/1372.png
12,2100,1373,map/tiles/12/2100/1373.png
12,2100,1374,map/tiles/12/2100/1374.png
12,2100,1375,map/tiles/12/2100/1375.png
12,2100,1376,map/tiles/12/2100/1376.png
12,2100,1377,map/tiles/12/2100/1377.png
12,2100,1378,map/tiles/12/2100/1378.png
12,2100,1379,map/tiles/12/2100/1379.png
12,2100,1380,map/tiles/12/2100/1380.png
12,2100,1381,map/tiles/12/2100/1381.png
12,2100,1382,map/tiles/12/2100/1382.png
12,2100,1383,map/tiles/12/2100/1383.png
12,2100,1384,map/tiles/12/2100/1384.png
12,2100,1385,map/tiles/12/2100/1385.png
12,2100,1386,map/tiles/12/2100/1386.png
12,2100,1387,map/tiles/12/2100/1387.png
12,2100,1388,map/tiles/12/2100/1388.png
12,2100,1389,map/tiles/12/2100/1389.png
12,2100,1390,map/tiles/12/2100/1390.png
12,2100,1391,map/tiles/12/2100/1391.png
12,2100,1392,map/tiles/12/2100/1392.png
12,2100,1393,map/tiles/12/2100/1393.png
12,2100,1394,map/tiles/12/2100/1394.png
12,2100,1395,map/tiles/12/2100/1395.png
12,2100,1396,map/tiles/12/2100/1396.png
12,2100,1397,map/tiles/12/2100/1397.png
12,2100,1398,map/tiles/12/2100/1398.png
12,2100,1399,map/tiles/12/2100/1399.png
12,2100,1400,map/tiles/12/2100/1400.png
12,2100,1401,map/tiles/12/2100/1401.png
12,2100,1402,map/tiles/12/2100/1402.png
12,2100,1403,map/tiles/12/2100/1403.png
12,2100,1404,map/tiles/12/2100/1404.png
12,2100,1405,map/tiles/12/2100/1405.png
12,2100,1406,map/tiles/12/2100/1406.png
12,2100,1407,map/tiles/12/2100/1407.png
12,2100,1408,map/tiles/12/2100/1408.png
12,2100,1409,map/tiles/12/2100/1409.png
12,2100,1410,map/tiles/12/2100/1410.png
12,2100,1411,map/tiles/12/2100/1411.png
12,2100,1412,map/tiles/12/2100/1412.png
12,2100,1413,map/tiles/12/2100/1413.png
12,2100,1414,map/tiles/12/2100/1414.png
12,2100,1415,map/tiles/12/2100/1415.png
12,2100,1416,map/tiles/12/2100/1416.png
12,2100,1417,map/tiles/12/2100/1417.png
12,2100,1418,map/tiles/12/2100/1418.png
12,2100,1419,map/tiles/12/2100/1419.png
12,2100,1420,map/tiles/12/2100/1420.png
12,2100,1421,map/tiles/12/2100/1421.png
12,2100,1422,map/tiles/12/2100/1422.png
12,2100,1423,map/tiles/12/2100/1423.png
12,2100,1424,map/tiles/12/2100/1424.png
12,2100,1425,map/tiles/12/2100/1425.png
12,2100,1426,map/tiles/12/2100/1426.png
12,2100,1427,map/tiles/12/2100/1427.png
12,2100,1428,map/tiles/12/2100/1428.png
12,2100,1429,map/tiles/12/2100/1429.png
12,2100,1430,map/tiles/12/2100/1430.png
12,2100,1431,map/tiles/12/2100/1431.png
12,2100,1432,map/tiles/12/2100/1432.png
12,2100,1433,map/tiles/12/2100/1433.png
12,2100,1434,map/tiles/12/2100/1434.png
12,2100,1435,map/tiles/12/2100/1435.png
12,2100,1436,map/tiles/12/2100/1436.png
12,2100,1437,map/tiles/12/2100/1437.png
12,2100,1438,map/tiles/12/2100/1438.png
12,2100,1439,map/tiles/12/2100/1439.png
12,2100,1440,map/tiles/12/2100/1440.png
12,2100,1441,map/tiles/12/2100/1441.png
12,2100,1442,map/tiles/12/2100/1442.png
12,2100,1443,map/tiles/12/2100/1443.png
12,2100,1444,map/tiles/12/2100/1444.png
12,2100,1445,map/tiles/12/2100/1445.png
12,2100,1446,map/tiles/12/2100/1446.png
12,2100,1447,map/tiles/12/2100/1447.png
12,2100,1448,map/tiles/12/2100/1448.png
12,2100,1449,map/tiles/12/2100/1449.png
12,2100,1450,map/tiles/12/2100/1450.png
12,2100,1451,map/tiles/12/2100/1451.png
12,2100,1452,map/tiles/12/2100/1452.png
12,2100,1453,map/tiles/12/2100/1453.png
12,2100,1454,map/tiles/12/2100/1454.png
12,2100,1455,map/tiles/12/2100/1455.png
12,2100,1456,map/tiles/12/2100/1456.png
12,2100,1457,map/tiles/12/2100/1457.png
12,2100,1458,map/tiles/12/2100/1458.png
12,2100,1459,map/tiles/12/2100/1459.png
12,2100,1460,map/tiles/12/2100/1460.png
12,2100,1461,map/tiles/12/2100/1461.png
12,2100,1462,map/tiles/12/2100/1462.png
12,2100,1463,map/tiles/12/2100/1463.png
12,2100,1464,map/tiles/12/2100/1464.png
12,2100,1465,map/tiles/12/2100/1465.png
12,2100,1466,map/tiles/12/2100/1466.png
12,2100,1467,map/tiles/12/2100/1467.png
12,2100,1468,map/tiles/12/2100/1468.png
12,2100,1469,map/tiles/12/2100/1469.png
12,2100,1470,map/tiles/12/2100/1470.png
12,2100,1471,map/tiles/12/2100/1471.png
12,2100,1472,map/tiles/12/2100/1472.png
12,2100,1473,map/tiles/12/2100/1473.png
12,2100,1474,map/tiles/12/2100/1474.png
12,2100,1475,map/tiles/12/2100/1475.png
12,2101,1371,map/tiles/12/2101/1371.png
12,2101,1372,map/tiles/12/2101/1372.png
12,2101,1373,map/tiles/12/2101/1373.png
12,2101,1374,map/tiles/12/2101/1374.png
12,2101,1375,map/tiles/12/2101/1375.png
12,2101,1376,map/tiles/12/2101/1376.png
12,2101,1377,map/tiles/12/2101/1377.png
12,2101,1378,map/tiles/12/2101/1378.png
12,2101,1379,map/tiles/12/2101/1379.png
12,2101,1380,map/tiles/12/2101/1380.png
12,2101,1381,map/tiles/12/2101/1381.png
12,2101,1382,map/tiles/12/2101/1382.png
12,2101,1383,map/tiles/12/2101/1383.png
12,2101,1384,map/tiles/12/2101/1384.png
12,2101,1385,map/tiles/12/2101/1385.png
12,2101,1386,map/tiles/12/2101/1386.png
12,2101,1387,map/tiles/12/2101/1387.png
12,2101,1388,map/tiles/12/2101/1388.png
12,2101,1389,map/tiles/12/2101/1389.png
12,2101,1390,map/tiles/12/2101/1390.png
12,2101,1391,map/tiles/12/2101/1391.png
12,2101,1392,map/tiles/12/2101/1392.png
12,2101,1393,map/tiles/12/2101/1393.png
12,2101,1394,map/tiles/12/2101/1394.png
12,2101,1395,map/tiles/12/2101/1395.png
12,2101,1396,map/tiles/12/2101/1396.png
12,2101,1397,map/tiles/12/2101/1397.png
12,2101,1398,map/tiles/12/2101/1398.png
12,2101,1399,map/tiles/12/2101/1399.png
12,2101,1400,map/tiles/12/2101/1400.png
12,2101,1401,map/tiles/12/2101/1401.png
12,2101,1402,map/tiles/12/2101/1402.png
12,2101,1403,map/tiles/12/2101/1403.png
12,2101,1404,map/tiles/12/2101/1404.png
12,2101,1405,map/tiles/12/2101/1405.png
12,2101,1406,map/tiles/12/2101/1406.png
12,2101,1407,map/tiles/12/2101/1407.png
12,2101,1408,map/tiles/12/2101/1408.png
12,2101,1409,map/tiles/12/2101/1409.png
12,2101,1410,map/tiles/12/2101/1410.png
12,2101,1411,map/tiles/12/2101/1411.png
12,2101,1412,map/tiles/12/2101/1412.png
12,2101,1413,map/tiles/12/2101/1413.png
12,2101,1414,map/tiles/12/2101/1414.png
12,2101,1415,map/tiles/12/2101/1415.png
12,2101,1416,map/tiles/12/2101/1416.png
12,2101,1417,map/tiles/12/2101/1417.png
12,2101,1418,map/tiles/12/2101/1418.png
12,2101,1419,map/tiles/12/2101/1419.png
12,2101,1420,map/tiles/12/2101/1420.png
12,2101,1421,map/tiles/12/2101/1421.png
12,2101,1422,map/tiles/12/2101/1422.png
12,2101,1423,map/tiles/12/2101/1423.png
12,2101,1424,map/tiles/12/2101/1424.png
12,2101,1425,map/tiles/12/2101/1425.png
12,2101,1426,map/tiles/12/2101/1426.png
12,2101,1427,map/tiles/12/2101/1427.png
12,2101,1428,map/tiles/12/2101/1428.png
12,2101,1429,map/tiles/12/2101/1429.png
12,2101,1430,map/tiles/12/2101/1430.png
12,2101,1431,map/tiles/12/2101/1431.png
12,2101,1432,map/tiles/12/2101/1432.png
12,2101,1433,map/tiles/12/2101/1433.png
12,2101,1434,map/tiles/12/2101/1434.png
12,2101,1435,map/tiles/12/2101/1435.png
12,2101,1436,map/tiles/12/2101/1436.png
12,2101,1437,map/tiles/12/2101/1437.png
12,2101,1438,map/tiles/12/2101/1438.png
12,2101,1439,map/tiles/12/2101/1439.png
12,2101,1440,map/tiles/12/2101/1440.png
12,2101,1441,map/tiles/12/2101/1441.png
12,2101,1442,map/tiles/12/2101/1442.png
12,2101,1443,map/tiles/12/2101/1443.png
12,2101,1444,map/tiles/12/2101/1444.png
12,2101,1445,map/tiles/12/2101/1445.png
12,2101,1446,map/tiles/12/2101/1446.png
12,2101,1447,map/tiles/12/2101/1447.png
12,2101,1448,map/tiles/12/2101/1448.png
12,2101,1449,map/tiles/12/2101/1449.png
12,2101,1450,map/tiles/12/2101/1450.png
12,2101,1451,map/tiles/12/2101/1451.png
12,2101,1452,map/tiles/12/2101/1452.png
12,2101,1453,map/tiles/12/2101/1453.png
12,2101,1454,map/tiles/12/2101/1454.png
12,2101,1455,map/tiles/12/2101/1455.png
12,2101,1456,map/tiles/12/2101/1456.png
12,2101,1457,map/tiles/12/2101/1457.png
12,2101,1458,map/tiles/12/2101/1458.png
12,2101,1459,map/tiles/12/2101/1459.png
12,2101,1460,map/tiles/12/2101/1460.png
12,2101,1461,map/tiles/12/2101/1461.png
12,2101,1462,map/tiles/12/2101/1462.png
12,2101,1463,map/tiles/12/2101/1463.png
12,2101,1464,map/tiles/12/2101/1464.png
12,2101,1465,map/tiles/12/2101/1465.png
12,2101,1466,map/tiles/12/2101/1466.png
12,2101,1467,map/tiles/12/2101/1467.png
12,2101,1468,map/tiles/12/2101/1468.png
12,2101,1469,map/tiles/12/2101/1469.png
12,2101,1470,map/tiles/12/2101/1470.png
12,2101,1471,map/tiles/12/2101/1471.png
12,2101,1472,map/tiles/12/2101/1472.png
12,2101,1473,map/tiles/12/2101/1473.png
12,2101,1474,map/tiles/12/2101/1474.png
12,2101,1475,map/tiles/12/2101/1475.png
12,2102,1371,map/tiles/12/2102/1371.png
12,2102,1372,map/tiles/12/2102/1372.png
12,2102,1373,map/tiles/12/2102/1373.png
12,2102,1374,map/tiles/12/2102/1374.png
12,2102,1375,map/tiles/12/2102/1375.png
12,2102,1376,map/tiles/12/2102/1376.png
12,2102,1377,map/tiles/12/2102/1377.png
12,2102,1378,map/tiles/12/2102/1378.png
12,2102,1379,map/tiles/12/2102/1379.png
12,2102,1380,map/tiles/12/2102/1380.png
12,2102,1381,map/tiles/12/2102/1381.png
12,2102,1382,map/tiles/12/2102/1382.png
12,2102,1383,map/tiles/12/2102/1383.png
12,2102,1384,map/tiles/12/2102/1384.png
12,2102,1385,map/tiles/12/2102/1385.png
12,2102,1386,map/tiles/12/2102/1386.png
12,2102,1387,map/tiles/12/2102/1387.png
12,2102,1388,map/tiles/12/2102/1388.png
12,2102,1389,map/tiles/12/2102/1389.png
12,2102,1390,map/tiles/12/2102/1390.png
12,2102,1391,map/tiles/12/2102/1391.png
12,2102,1392,map/tiles/12/2102/1392.png
12,2102,1393,map/tiles/12/2102/1393.png
12,2102,1394,map/tiles/12/2102/1394.png
12,2102,1395,map/tiles/12/2102/1395.png
12,2102,1396,map/tiles/12/2102/1396.png
12,2102,1397,map/tiles/12/2102/1397.png
12,2102,1398,map/tiles/12/2102/1398.png
12,2102,1399,map/tiles/12/2102/1399.png
12,2102,1400,map/tiles/12/2102/1400.png
12,2102,1401,map/tiles/12/2102/1401.png
12,2102,1402,map/tiles/12/2102/1402.png
12,2102,1403,map/tiles/12/2102/1403.png
12,2102,1404,map/tiles/12/2102/1404.png
12,2102,1405,map/tiles/12/2102/1405.png
12,2102,1406,map/tiles/12/2102/1406.png
12,2102,1407,map/tiles/12/2102/1407.png
12,2102,1408,map/tiles/12/2102/1408.png
12,2102,1409,map/tiles/12/2102/1409.png
12,2102,1410,map/tiles/12/2102/1410.png
12,2102,1411,map/tiles/12/2102/1411.png
12,2102,1412,map/tiles/12/2102/1412.png
12,2102,1413,map/tiles/12/2102/1413.png
12,2102,1414,map/tiles/12/2102/1414.png
12,2102,1415,map/tiles/12/2102/1415.png
12,2102,1416,map/tiles/12/2102/1416.png
12,2102,1417,map/tiles/12/2102/1417.png
12,2102,1418,map/tiles/12/2102/1418.png
12,2102,1419,map/tiles/12/2102/1419.png
12,2102,1420,map/tiles/12/2102/1420.png
12,2102,1421,map/tiles/12/2102/1421.png
12,2102,1422,map/tiles/12/2102/1422.png
12,2102,1423,map/tiles/12/2102/1423.png
12,2102,1424,map/tiles/12/2102/1424.png
12,2102,1425,map/tiles/12/2102/1425.png
12,2102,1426,map/tiles/12/2102/1426.png
12,2102,1427,map/tiles/12/2102/1427.png
12,2102,1428,map/tiles/12/2102/1428.png
12,2102,1429,map/tiles/12/2102/1429.png
12,2102,1430,map/tiles/12/2102/1430.png
12,2102,1431,map/tiles/12/2102/1431.png
12,2102,1432,map/tiles/12/2102/1432.png
12,2102,1433,map/tiles/12/2102/1433.png
12,2102,1434,map/tiles/12/2102/1434.png
12,2102,1435,map/tiles/12/2102/1435.png
12,2102,1436,map/tiles/12/2102/1436.png
12,2102,1437,map/tiles/12/2102/1437.png
12,2102,1438,map/tiles/12/2102/1438.png
12,2102,1439,map/tiles/12/2102/1439.png
12,2102,1440,map/tiles/12/2102/1440.png
12,2102,1441,map/tiles/12/2102/1441.png
12,2102,1442,map/tiles/12/2102/1442.png
12,2102,1443,map/tiles/12/2102/1443.png
12,2102,1444,map/tiles/12/2102/1444.png
12,2102,1445,map/tiles/12/2102/1445.png
12,2102,1446,map/tiles/12/2102/1446.png
12,2102,1447,map/tiles/12/2102/1447.png
12,2102,1448,map/tiles/12/2102/1448.png
12,2102,1449,map/tiles/12/2102/1449.png
12,2102,1450,map/tiles/12/2102/1450.png
12,2102,1451,map/tiles/12/2102/1451.png
12,2102,1452,map/tiles/12/2102/1452.png
12,2102,1453,map/tiles/12/2102/1453.png
12,2102,1454,map/tiles/12/2102/1454.png
12,2102,1455,map/tiles/12/2102/1455.png
12,2102,1456,map/tiles/12/2102/1456.png
12,2102,1457,map/tiles/12/2102/1457.png
12,2102,1458,map/tiles/12/2102/1458.png
12,2102,1459,map/tiles/12/2102/1459.png
12,2102,1460,map/tiles/12/2102/1460.png
12,2102,1461,map/tiles/12/2102/1461.png
12,2102,1462,map/tiles/12/2102/1462.png
12,2102,1463,map/tiles/12/2102/1463.png
12,2102,1464,map/tiles/12/2102/1464.png
12,2102,1465,map/tiles/12/2102/1465.png
12,2102,1466,map/tiles/12/2102/1466.png
12,2102,1467,map/tiles/12/2102/1467.png
12,2102,1468,map/tiles/12/2102/1468.png
12,2102,1469,map/tiles/12/2102/1469.png
12,2102,1470,map/tiles/12/2102/1470.png
12,2102,1471,map/tiles/12/2102/1471.png
12,2102,1472,map/tiles/12/2102/1472.png
12,2102,1473,map/tiles/12/2102/1473.png
12,2102,1474,map/tiles/12/2102/1474.png
12,2102,1475,map/tiles/12/2102/1475.png
12,2103,1371,map/tiles/12/2103/1371.png
12,2103,1372,map/tiles/12/2103/1372.png
12,2103,1373,map/tiles/12/2103/1373.png
12,2103,1374,map/tiles/12/2103/1374.png
12,2103,1375,map/tiles/12/2103/1375.png
12,2103,1376,map/tiles/12/2103/1376.png
12,2103,1377,map/tiles/12/2103/1377.png
12,2103,1378,map/tiles/12/2103/1378.png
12,2103,1379,map/tiles/12/2103/1379.png
12,2103,1380,map/tiles/12/2103/1380.png
12,2103,1381,map/tiles/12/2103/1381.png
12,2103,1382,map/tiles/12/2103/1382.png
12,2103,1383,map/tiles/12/2103/1383.png
12,2103,1384,map/tiles/12/2103/1384.png
12,2103,1385,map/tiles/12/2103/1385.png
12,2103,1386,map/tiles/12/2103/1386.png
12,2103,1387,map/tiles/12/2103/1387.png
12,2103,1388,map/tiles/12/2103/1388.png
12,2103,1389,map/tiles/12/2103/1389.png
12,2103,1390,map/tiles/12/2103/1390.png
12,2103,1391,map/tiles/12/2103/1391.png
12,2103,1392,map/tiles/12/2103/1392.png
12,2103,1393,map/tiles/12/2103/1393.png
12,2103,1394,map/tiles/12/2103/1394.png
12,2103,1395,map/tiles/12/2103/1395.png
12,2103,1396,map/tiles/12/2103/1396.png
12,2103,1397,map/tiles/12/2103/1397.png
12,2103,1398,map/tiles/12/2103/1398.png
12,2103,1399,map/tiles/12/2103/1399.png
12,2103,1400,map/tiles/12/2103/1400.png
12,2103,1401,map/tiles/12/2103/1401.png
12,2103,1402,map/tiles/12/2103/1402.png
12,2103,1403,map/tiles/12/2103/1403.png
12,2103,1404,map/tiles/12/2103/1404.png
12,2103,1405,map/tiles/12/2103/1405.png
12,2103,1406,map/tiles/12/2103/1406.png
12,2103,1407,map/tiles/12/2103/1407.png
12,2103,1408,map/tiles/12/2103/1408.png
12,2103,1409,map/tiles/12/2103/1409.png
12,2103,1410,map/tiles/12/2103/1410.png
12,2103,1411,map/tiles/12/2103/1411.png
12,2103,1412,map/tiles/12/2103/1412.png
12,2103,1413,map/tiles/12/2103/1413.png
12,2103,1414,map/tiles/12/2103/1414.png
12,2103,1415,map/tiles/12/2103/1415.png
12,2103,1416,map/tiles/12/2103/1416.png
12,2103,1417,map/tiles/12/2103/1417.png
12,2103,1418,map/tiles/12/2103/1418.png
12,2103,1419,map/tiles/12/2103/1419.png
12,2103,1420,map/tiles/12/2103/1420.png
12,2103,1421,map/tiles/12/2103/1421.png
12,2103,1422,map/tiles/12/2103/1422.png
12,2103,1423,map/tiles/12/2103/1423.png
12,2103,1424,map/tiles/12/2103/1424.png
12,2103,1425,map/tiles/12/2103/1425.png
12,2103,1426,map/tiles/12/2103/1426.png
12,2103,1427,map/tiles/12/2103/1427.png
12,2103,1428,map/tiles/12/2103/1428.png
12,2103,1429,map/tiles/12/2103/1429.png
12,2103,1430,map/tiles/12/2103/1430.png
12,2103,1431,map/tiles/12/2103/1431.png
12,2103,1432,map/tiles/12/2103/1432.png
12,2103,1433,map/tiles/12/2103/1433.png
12,2103,1434,map/tiles/12/2103/1434.png
12,2103,1435,map/tiles/12/2103/1435.png
12,2103,1436,map/tiles/12/2103/1436.png
12,2103,1437,map/tiles/12/2103/1437.png
12,2103,1438,map/tiles/12/2103/1438.png
12,2103,1439,map/tiles/12/2103/1439.png
12,2103,1440,map/tiles/12/2103/1440.png
12,2103,1441,map/tiles/12/2103/1441.png
12,2103,1442,map/tiles/12/2103/1442.png
12,2103,1443,map/tiles/12/2103/1443.png
12,2103,1444,map/tiles/12/2103/1444.png
12,2103,1445,map/tiles/12/2103/1445.png
12,2103,1446,map/tiles/12/2103/1446.png
12,2103,1447,map/tiles/12/2103/1447.png
12,2103,1448,map/tiles/12/2103/1448.png
12,2103,1449,map/tiles/12/2103/1449.png
12,2103,1450,map/tiles/12/2103/1450.png
12,2103,1451,map/tiles/12/2103/1451.png
12,2103,1452,map/tiles/12/2103/1452.png
12,2103,1453,map/tiles/12/2103/1453.png
12,2103,1454,map/tiles/12/2103/1454.png
12,2103,1455,map/tiles/12/2103/1455.png
12,2103,1456,map/tiles/12/2103/1456.png
12,2103,1457,map/tiles/12/2103/1457.png
12,2103,1458,map/tiles/12/2103/1458.png
12,2103,1459,map/tiles/12/2103/1459.png
12,2103,1460,map/tiles/12/2103/1460.png
12,2103,1461,map/tiles/12/2103/1461.png
12,2103,1462,map/tiles/12/2103/1462.png
12,2103,1463,map/tiles/12/2103/1463.png
12,2103,1464,map/tiles/12/2103/1464.png
12,2103,1465,map/tiles/12/2103/1465.png
12,2103,1466,map/tiles/12/2103/1466.png
12,2103,1467,map/tiles/12/2103/1467.png
12,2103,1468,map/tiles/12/2103/1468.png
12,2103,1469,map/tiles/12/2103/1469.png
12,2103,1470,map/tiles/12/2103/1470.png
12,2103,1471,map/tiles/12/2103/1471.png
12,2103,1472,map/tiles/12/2103/1472.png
12,2103,1473,map/tiles/12/2103/1473.png
12,2103,1474,map/tiles/12/2103/1474.png
12,2103,1475,map/tiles/12/2103/1475.png
12,2104,1371,map/tiles/12/2104/1371.png
12,2104,1372,map/tiles/12/2104/1372.png
12,2104,1373,map/tiles/12/2104/1373.png
12,2104,1374,map/tiles/12/2104/1374.png
12,2104,1375,map/tiles/12/2104/1375.png
12,2104,1376,map/tiles/12/2104/1376.png
12,2104,1377,map/tiles/12/2104/1377.png
12,2104,1378,map/tiles/12/2104/1378.png
12,2104,1379,map/tiles/12/2104/1379.png
12,2104,1380,map/tiles/12/2104/1380.png
12,2104,1381,map/tiles/12/2104/1381.png
12,2104,1382,map/tiles/12/2104/1382.png
12,2104,1383,map/tiles/12/2104/1383.png
12,2104,1384,map/tiles/12/2104/1384.png
12,2104,1385,map/tiles/12/2104/1385.png
12,2104,1386,map/tiles/12/2104/1386.png
12,2104,1387,map/tiles/12/2104/1387.png
12,2104,1388,map/tiles/12/2104/1388.png
12,2104,1389,map/tiles/12/2104/1389.png
12,2104,1390,map/tiles/12/2104/1390.png
12,2104,1391,map/tiles/12/2104/1391.png
12,2104,1392,map/tiles/12/2104/1392.png
12,2104,1393,map/tiles/12/2104/1393.png
12,2104,1394,map/tiles/12/2104/1394.png
12,2104,1395,map/tiles/12/2104/1395.png
12,2104,1396,map/tiles/12/2104/1396.png
12,2104,1397,map/tiles/12/2104/1397.png
12,2104,1398,map/tiles/12/2104/1398.png
12,2104,1399,map/tiles/12/2104/1399.png
12,2104,1400,map/tiles/12/2104/1400.png
12,2104,1401,map/tiles/12/2104/1401.png
12,2104,1402,map/tiles/12/2104/1402.png
12,2104,1403,map/tiles/12/2104/1403.png
12,2104,1404,map/tiles/12/2104/1404.png
12,2104,1405,map/tiles/12/2104/1405.png
12,2104,1406,map/tiles/12/2104/1406.png
12,2104,1407,map/tiles/12/2104/1407.png
12,2104,1408,map/tiles/12/2104/1408.png
12,2104,1409,map/tiles/12/2104/1409.png
12,2104,1410,map/tiles/12/2104/1410.png
12,2104,1411,map/tiles/12/2104/1411.png
12,2104,1412,map/tiles/12/2104/1412.png
12,2104,1413,map/tiles/12/2104/1413.png
12,2104,1414,map/tiles/12/2104/1414.png
12,2104,1415,map/tiles/12/2104/1415.png
12,2104,1416,map/tiles/12/2104/1416.png
12,2104,1417,map/tiles/12/2104/1417.png
12,2104,1418,map/tiles/12/2104/1418.png
12,2104,1419,map/tiles/12/2104/1419.png
12,2104,1420,map/tiles/12/2104/1420.png
12,2104,1421,map/tiles/12/2104/1421.png
12,2104,1422,map/tiles/12/2104/1422.png
12,2104,1423,map/tiles/12/2104/1423.png
12,2104,1424,map/tiles/12/2104/1424.png
12,2104,1425,map/tiles/12/2104/1425.png
12,2104,1426,map/tiles/12/2104/1426.png
12,2104,1427,map/tiles/12/2104/1427.png
12,2104,1428,map/tiles/12/2104/1428.png
12,2104,1429,map/tiles/12/2104/1429.png
12,2104,1430,map/tiles/12/2104/1430.png
12,2104,1431,map/tiles/12/2104/1431.png
12,2104,1432,map/tiles/12/2104/1432.png
12,2104,1433,map/tiles/12/2104/1433.png
12,2104,1434,map/tiles/12/2104/1434.png
12,2104,1435,map/tiles/12/2104/1435.png
12,2104,1436,map/tiles/12/2104/1436.png
12,2104,1437,map/tiles/12/2104/1437.png
12,2104,1438,map/tiles/12/2104/1438.png
12,2104,1439,map/tiles/12/2104/1439.png
12,2104,1440,map/tiles/12/2104/1440.png
12,2104,1441,map/tiles/12/2104/1441.png
12,2104,1442,map/tiles/12/2104/1442.png
12,2104,1443,map/tiles/12/2104/1443.png
12,2104,1444,map/tiles/12/2104/1444.png
12,2104,1445,map/tiles/12/2104/1445.png
12,2104,1446,map/tiles/12/2104/1446.png
12,2104,1447,map/tiles/12/2104/1447.png
12,2104,1448,map/tiles/12/2104/1448.png
12,2104,1449,map/tiles/12/2104/1449.png
12,2104,1450,map/tiles/12/2104/1450.png
12,2104,1451,map/tiles/12/2104/1451.png
12,2104,1452,map/tiles/12/2104/1452.png
12,2104,1453,map/tiles/12/2104/1453.png
12,2104,1454,map/tiles/12/2104/1454.png
12,2104,1455,map/tiles/12/2104/1455.png
12,2104,1456,map/tiles/12/2104/1456.png
12,2104,1457,map/tiles/12/2104/1457.png
12,2104,1458,map/tiles/12/2104/1458.png
12,2104,1459,map/tiles/12/2104/1459.png
12,2104,1460,map/tiles/12/2104/1460.png
12,2104,1461,map/tiles/12/2104/1461.png
12,2104,1462,map/tiles/12/2104/1462.png
12,2104,1463,map/tiles/12/2104/1463.png
12,2104,1464,map/tiles/12/2104/1464.png
12,2104,1465,map/tiles/12/2104/1465.png
12,2104,1466,map/tiles/12/2104/1466.png
12,2104,1467,map/tiles/12/2104/1467.png
12,2104,1468,map/tiles/12/2104/1468.png
12,2104,1469,map/tiles/12/2104/1469.png
12,2104,1470,map/tiles/12/2104/1470.png
12,2104,1471,map/tiles/12/2104/1471.png
12,2104,1472,map/tiles/12/2104/1472.png
12,2104,1473,map/tiles/12/2104/1473.png
12,2104,1474,map/tiles/12/2104/1474.png
12,2104,1475,map/tiles/12/2104/1475.png
12,2105,1371,map/tiles/12/2105/1371.png
12,2105,1372,map/tiles/12/2105/1372.png
12,2105,1373,map/tiles/12/2105/1373.png
12,2105,1374,map/tiles/12/2105/1374.png
12,2105,1375,map/tiles/12/2105/1375.png
12,2105,1376,map/tiles/12/2105/1376.png
12,2105,1377,map/tiles/12/2105/1377.png
12,2105,1378,map/tiles/12/2105/1378.png
12,2105,1379,map/tiles/12/2105/1379.png
12,2105,1380,map/tiles/12/2105/1380.png
12,2105,1381,map/tiles/12/2105/1381.png
12,2105,1382,map/tiles/12/2105/1382.png
12,2105,1383,map/tiles/12/2105/1383.png
12,2105,1384,map/tiles/12/2105/1384.png
12,2105,1385,map/tiles/12/2105/1385.png
12,2105,1386,map/tiles/12/2105/1386.png
12,2105,1387,map/tiles/12/2105/1387.png
12,2105,1388,map/tiles/12/2105/1388.png
12,2105,1389,map/tiles/12/2105/1389.png
12,2105,1390,map/tiles/12/2105/1390.png
12,2105,1391,map/tiles/12/2105/1391.png
12,2105,1392,map/tiles/12/2105/1392.png
12,2105,1393,map/tiles/12/2105/1393.png
12,2105,1394,map/tiles/12/2105/1394.png
12,2105,1395,map/tiles/12/2105/1395.png
12,2105,1396,map/tiles/12/2105/1396.png
12,2105,1397,map/tiles/12/2105/1397.png
12,2105,1398,map/tiles/12/2105/1398.png
12,2105,1399,map/tiles/12/2105/1399.png
12,2105,1400,map/tiles/12/2105/1400.png
12,2105,1401,map/tiles/12/2105/1401.png
12,2105,1402,map/tiles/12/2105/1402.png
12,2105,1403,map/tiles/12/2105/1403.png
12,2105,1404,map/tiles/12/2105/1404.png
12,2105,1405,map/tiles/12/2105/1405.png
12,2105,1406,map/tiles/12/2105/1406.png
12,2105,1407,map/tiles/12/2105/1407.png
12,2105,1408,map/tiles/12/2105/1408.png
12,2105,1409,map/tiles/12/2105/1409.png
12,2105,1410,map/tiles/12/2105/1410.png
12,2105,1411,map/tiles/12/2105/1411.png
12,2105,1412,map/tiles/12/2105/1412.png
12,2105,1413,map/tiles/12/2105/1413.png
12,2105,1414,map/tiles/12/2105/1414.png
12,2105,1415,map/tiles/12/2105/1415.png
12,2105,1416,map/tiles/12/2105/1416.png
12,2105,1417,map/tiles/12/2105/1417.png
12,2105,1418,map/tiles/12/2105/1418.png
12,2105,1419,map/tiles/12/2105/1419.png
12,2105,1420,map/tiles/12/2105/1420.png
12,2105,1421,map/tiles/12/2105/1421.png
12,2105,1422,map/tiles/12/2105/1422.png
12,2105,1423,map/tiles/12/2105/1423.png
12,2105,1424,map/tiles/12/2105/1424.png
12,2105,1425,map/tiles/12/2105/1425.png
12,2105,1426,map/tiles/12/2105/1426.png
12,2105,1427,map/tiles/12/2105/1427.png
12,2105,1428,map/tiles/12/2105/1428.png
12,2105,1429,map/tiles/12/2105/1429.png
12,2105,1430,map/tiles/12/2105/1430.png
12,2105,1431,map/tiles/12/2105/1431.png
12,2105,1432,map/tiles/12/2105/1432.png
12,2105,1433,map/tiles/12/2105/1433.png
12,2105,1434,map/tiles/12/2105/1434.png
12,2105,1435,map/tiles/12/2105/1435.png
12,2105,1436,map/tiles/12/2105/1436.png
12,2105,1437,map/tiles/12/2105/1437.png
12,2105,1438,map/tiles/12/2105/1438.png
12,2105,1439,map/tiles/12/2105/1439.png
12,2105,1440,map/tiles/12/2105/1440.png
12,2105,1441,map/tiles/12/2105/1441.png
12,2105,1442,map/tiles/12/2105/1442.png
12,2105,1443,map/tiles/12/2105/1443.png
12,2105,1444,map/tiles/12/2105/1444.png
12,2105,1445,map/tiles/12/2105/1445.png
12,2105,1446,map/tiles/12/2105/1446.png
12,2105,1447,map/tiles/12/2105/1447.png
12,2105,1448,map/tiles/12/2105/1448.png
12,2105,1449,map/tiles/12/2105/1449.png
12,2105,1450,map/tiles/12/2105/1450.png
12,2105,1451,map/tiles/12/2105/1451.png
12,2105,1452,map/tiles/12/2105/1452.png
12,2105,1453,map/tiles/12/2105/1453.png
12,2105,1454,map/tiles/12/2105/1454.png
12,2105,1455,map/tiles/12/2105/1455.png
12,2105,1456,map/tiles/12/2105/1456.png
12,2105,1457,map/tiles/12/2105/1457.png
12,2105,1458,map/tiles/12/2105/1458.png
12,2105,1459,map/tiles/12/2105/1459.png
12,2105,1460,map/tiles/12/2105/1460.png
12,2105,1461,map/tiles/12/2105/1461.png
12,2105,1462,map/tiles/12/2105/1462.png
12,2105,1463,map/tiles/12/2105/1463.png
12,2105,1464,map/tiles/12/2105/1464.png
12,2105,1465,map/tiles/12/2105/1465.png
12,2105,1466,map/tiles/12/2105/1466.png
12,2105,1467,map/tiles/12/2105/1467.png
12,2105,1468,map/tiles/12/2105/1468.png
12,2105,1469,map/tiles/12/2105/1469.png
12,2105,1470,map/tiles/12/2105/1470.png
12,2105,1471,map/tiles/12/2105/1471.png
12,2105,1472,map/tiles/12/2105/1472.png
12,2105,1473,map/tiles/12/2105/1473.png
12,2105,1474,map/tiles/12/2105/1474.png
12,2105,1475,map/tiles/12/2105/1475.png
12,2106,1371,map/tiles/12/2106/1371.png
12,2106,1372,map/tiles/12/2106/1372.png
12,2106,1373,map/tiles/12/2106/1373.png
12,2106,1374,map/tiles/12/2106/1374.png
12,2106,1375,map/tiles/12/2106/1375.png
12,2106,1376,map/tiles/12/2106/1376.png
12,2106,1377,map/tiles/12/2106/1377.png
12,2106,1378,map/tiles/12/2106/1378.png
12,2106,1379,map/tiles/12/2106/1379.png
12,2106,1380,map/tiles/12/2106/1380.png
12,2106,1381,map/tiles/12/2106/1381.png
12,2106,1382,map/tiles/12/2106/1382.png
12,2106,1383,map/tiles/12/2106/1383.png
12,2106,1384,map/tiles/12/2106/1384.png
12,2106,1385,map/tiles/12/2106/1385.png
12,2106,1386,map/tiles/12/2106/1386.png
12,2106,1387,map/tiles/12/2106/1387.png
12,2106,1388,map/tiles/12/2106/1388.png
12,2106,1389,map/tiles/12/2106/1389.png
12,2106,1390,map/tiles/12/2106/1390.png
12,2106,1391,map/tiles/12/2106/1391.png
12,2106,1392,map/tiles/12/2106/1392.png
12,2106,1393,map/tiles/12/2106/1393.png
12,2106,1394,map/tiles/12/2106/1394.png
12,2106,1395,map/tiles/12/2106/1395.png
12,2106,1396,map/tiles/12/2106/1396.png
12,2106,1397,map/tiles/12/2106/1397.png
12,2106,1398,map/tiles/12/2106/1398.png
12,2106,1399,map/tiles/12/2106/1399.png
12,2106,1400,map/tiles/12/2106/1400.png
12,2106,1401,map/tiles/12/2106/1401.png
12,2106,1402,map/tiles/12/2106/1402.png
12,2106,1403,map/tiles/12/2106/1403.png
12,2106,1404,map/tiles/12/2106/1404.png
12,2106,1405,map/tiles/12/2106/1405.png
12,2106,1406,map/tiles/12/2106/1406.png
12,2106,1407,map/tiles/12/2106/1407.png
12,2106,1408,map/tiles/12/2106/1408.png
12,2106,1409,map/tiles/12/2106/1409.png
12,2106,1410,map/tiles/12/2106/1410.png
12,2106,1411,map/tiles/12/2106/1411.png
12,2106,1412,map/tiles/12/2106/1412.png
12,2106,1413,map/tiles/12/2106/1413.png
12,2106,1414,map/tiles/12/2106/1414.png
12,2106,1415,map/tiles/12/2106/1415.png
12,2106,1416,map/tiles/12/2106/1416.png
12,2106,1417,map/tiles/12/2106/1417.png
12,2106,1418,map/tiles/12/2106/1418.png
12,2106,1419,map/tiles/12/2106/1419.png
12,2106,1420,map/tiles/12/2106/1420.png
12,2106,1421,map/tiles/12/2106/1421.png
12,2106,1422,map/tiles/12/2106/1422.png
12,2106,1423,map/tiles/12/2106/1423.png
12,2106,1424,map/tiles/12/2106/1424.png
12,2106,1425,map/tiles/12/2106/1425.png
12,2106,1426,map/tiles/12/2106/1426.png
12,2106,1427,map/tiles/12/2106/1427.png
12,2106,1428,map/tiles/12/2106/1428.png
12,2106,1429,map/tiles/12/2106/1429.png
12,2106,1430,map/tiles/12/2106/1430.png
12,2106,1431,map/tiles/12/2106/1431.png
12,2106,1432,map/tiles/12/2106/1432.png
12,2106,1433,map/tiles/12/2106/1433.png
12,2106,1434,map/tiles/12/2106/1434.png
12,2106,1435,map/tiles/12/2106/1435.png
12,2106,1436,map/tiles/12/2106/1436.png
12,2106,1437,map/tiles/12/2106/1437.png
12,2106,1438,map/tiles/12/2106/1438.png
12,2106,1439,map/tiles/12/2106/1439.png
12,2106,1440,map/tiles/12/2106/1440.png
12,2106,1441,map/tiles/12/2106/1441.png
12,2106,1442,map/tiles/12/2106/1442.png
12,2106,1443,map/tiles/12/2106/1443.png
12,2106,1444,map/tiles/12/2106/1444.png
12,2106,1445,map/tiles/12/2106/1445.png
12,2106,1446,map/tiles/12/2106/1446.png
12,2106,1447,map/tiles/12/2106/1447.png
12,2106,1448,map/tiles/12/2106/1448.png
12,2106,1449,map/tiles/12/2106/1449.png
12,2106,1450,map/tiles/12/2106/1450.png
12,2106,1451,map/tiles/12/2106/1451.png
12,2106,1452,map/tiles/12/2106/1452.png
12,2106,1453,map/tiles/12/2106/1453.png
12,2106,1454,map/tiles/12/2106/1454.png
12,2106,1455,map/tiles/12/2106/1455.png
12,2106,1456,map/tiles/12/2106/1456.png
12,2106,1457,map/tiles/12/2106/1457.png
12,2106,1458,map/tiles/12/2106/1458.png
12,2106,1459,map/tiles/12/2106/1459.png
12,2106,1460,map/tiles/12/2106/1460.png
12,2106,1461,map/tiles/12/2106/1461.png
12,2106,1462,map/tiles/12/2106/1462.png
12,2106,1463,map/tiles/12/2106/1463.png
12,2106,1464,map/tiles/12/2106/1464.png
12,2106,1465,map/tiles/12/2106/1465.png
12,2106,1466,map/tiles/12/2106/1466.png
12,2106,1467,map/tiles/12/2106/1467.png
12,2106,1468,map/tiles/12/2106/1468.png
12,2106,1469,map/tiles/12/2106/1469.png
12,2106,1470,map/tiles/12/2106/1470.png
12,2106,1471,map/tiles/12/2106/1471.png
12,2106,1472,map/tiles/12/2106/1472.png
12,2106,1473,map/tiles/12/2106/1473.png
12,2106,1474,map/tiles/12/2106/1474.png
12,2106,1475,map/tiles/12/2106/1475.png
12,2107,1371,map/tiles/12/2107/1371.png
12,2107,1372,map/tiles/12/2107/1372.png
12,2107,1373,map/tiles/12/2107/1373.png
12,2107,1374,map/tiles/12/2107/1374.png
12,2107,1375,map/tiles/12/2107/1375.png
12,2107,1376,map/tiles/12/2107/1376.png
12,2107,1377,map/tiles/12/2107/1377.png
12,2107,1378,map/tiles/12/2107/1378.png
12,2107,1379,map/tiles/12/2107/1379.png
12,2107,1380,map/tiles/12/2107/1380.png
12,2107,1381,map/tiles/12/2107/1381.png
12,2107,1382,map/tiles/12/2107/1382.png
12,2107,1383,map/tiles/12/2107/1383.png
12,2107,1384,map/tiles/12/2107/1384.png
12,2107,1385,map/tiles/12/2107/1385.png
12,2107,1386,map/tiles/12/2107/1386.png
12,2107,1387,map/tiles/12/2107/1387.png
12,2107,1388,map/tiles/12/2107/1388.png
12,2107,1389,map/tiles/12/2107/1389.png
12,2107,1390,map/tiles/12/2107/1390.png
12,2107,1391,map/tiles/12/2107/1391.png
12,2107,1392,map/tiles/12/2107/1392.png
12,2107,1393,map/tiles/12/2107/1393.png
12,2107,1394,map/tiles/12/2107/1394.png
12,2107,1395,map/tiles/12/2107/1395.png
12,2107,1396,map/tiles/12/2107/1396.png
12,2107,1397,map/tiles/12/2107/1397.png
12,2107,1398,map/tiles/12/2107/1398.png
12,2107,1399,map/tiles/12/2107/1399.png
12,2107,1400,map/tiles/12/2107/1400.png
12,2107,1401,map/tiles/12/2107/1401.png
12,2107,1402,map/tiles/12/2107/1402.png
12,2107,1403,map/tiles/12/2107/1403.png
12,2107,1404,map/tiles/12/2107/1404.png
12,2107,1405,map/tiles/12/2107/1405.png
12,2107,1406,map/tiles/12/2107/1406.png
12,2107,1407,map/tiles/12/2107/1407.png
12,2107,1408,map/tiles/12/2107/1408.png
12,2107,1409,map/tiles/12/2107/1409.png
12,2107,1410,map/tiles/12/2107/1410.png
12,2107,1411,map/tiles/12/2107/1411.png
12,2107,1412,map/tiles/12/2107/1412.png
12,2107,1413,map/tiles/12/2107/1413.png
12,2107,1414,map/tiles/12/2107/1414.png
12,2107,1415,map/tiles/12/2107/1415.png
12,2107,1416,map/tiles/12/2107/1416.png
12,2107,1417,map/tiles/12/2107/1417.png
12,2107,1418,map/tiles/12/2107/1418.png
12,2107,1419,map/tiles/12/2107/1419.png
12,2107,1420,map/tiles/12/2107/1420.png
12,2107,1421,map/tiles/12/2107/1421.png
12,2107,1422,map/tiles/12/2107/1422.png
12,2107,1423,map/tiles/12/2107/1423.png
12,2107,1424,map/tiles/12/2107/1424.png
12,2107,1425,map/tiles/12/2107/1425.png
12,2107,1426,map/tiles/12/2107/1426.png
12,2107,1427,map/tiles/12/2107/1427.png
12,2107,1428,map/tiles/12/2107/1428.png
12,2107,1429,map/tiles/12/2107/1429.png
12,2107,1430,map/tiles/12/2107/1430.png
12,2107,1431,map/tiles/12/2107/1431.png
12,2107,1432,map/tiles/12/2107/1432.png
12,2107,1433,map/tiles/12/2107/1433.png
12,2107,1434,map/tiles/12/2107/1434.png
12,2107,1435,map/tiles/12/2107/1435.png
12,2107,1436,map/tiles/12/2107/1436.png
12,2107,1437,map/tiles/12/2107/1437.png
12,2107,1438,map/tiles/12/2107/1438.png
12,2107,1439,map/tiles/12/2107/1439.png
12,2107,1440,map/tiles/12/2107/1440.png
12,2107,1441,map/tiles/12/2107/1441.png
12,2107,1442,map/tiles/12/2107/1442.png
12,2107,1443,map/tiles/12/2107/1443.png
12,2107,1444,map/tiles/12/2107/1444.png
12,2107,1445,map/tiles/12/2107/1445.png
12,2107,1446,map/tiles/12/2107/1446.png
12,2107,1447,map/tiles/12/2107/1447.png
12,2107,1448,map/tiles/12/2107/1448.png
12,2107,1449,map/tiles/12/2107/1449.png
12,2107,1450,map/tiles/12/2107/1450.png
12,2107,1451,map/tiles/12/2107/1451.png
12,2107,1452,map/tiles/12/2107/1452.png
12,2107,1453,map/tiles/12/2107/1453.png
12,2107,1454,map/tiles/12/2107/1454.png
12,2107,1455,map/tiles/12/2107/1455.png
12,2107,1456,map/tiles/12/2107/1456.png
12,2107,1457,map/tiles/12/2107/1457.png
12,2107,1458,map/tiles/12/2107/1458.png
12,2107,1459,map/tiles/12/2107/1459.png
12,2107,1460,map/tiles/12/2107/1460.png
12,2107,1461,map/tiles/12/2107/1461.png
12,2107,1462,map/tiles/12/2107/1462.png
12,2107,1463,map/tiles/12/2107/1463.png
12,2107,1464,map/tiles/12/2107/1464.png
12,2107,1465,map/tiles/12/2107/1465.png
12,2107,1466,map/tiles/12/2107/1466.png
12,2107,1467,map/tiles/12/2107/1467.png
12,2107,1468,map/tiles/12/2107/1468.png
12,2107,1469,map/tiles/12/2107/1469.png
12,2107,1470,map/tiles/12/2107/1470.png
12,2107,1471,map/tiles/12/2107/1471.png
12,2107,1472,map/tiles/12/2107/1472.png
12,2107,1473,map/tiles/12/2107/1473.png
12,2107,1474,map/tiles/12/2107/1474.png
12,2107,1475,map/tiles/12/2107/1475.png
12,2108,1371,map/tiles/12/2108/1371.png
12,2108,1372,map/tiles/12/2108/1372.png
12,2108,1373,map/tiles/12/2108/1373.png
12,2108,1374,map/tiles/12/2108/1374.png
12,2108,1375,map/tiles/12/2108/1375.png
12,2108,1376,map/tiles/12/2108/1376.png
12,2108,1377,map/tiles/12/2108/1377.png
12,2108,1378,map/tiles/12/2108/1378.png
12,2108,1379,map/tiles/12/2108/1379.png
12,2108,1380,map/tiles/12/2108/1380.png
12,2108,1381,map/tiles/12/2108/1381.png
12,2108,1382,map/tiles/12/2108/1382.png
12,2108,1383,map/tiles/12/2108/1383.png
12,2108,1384,map/tiles/12/2108/1384.png
12,2108,1385,map/tiles/12/2108/1385.png
12,2108,1386,map/tiles/12/2108/1386.png
12,2108,1387,map/tiles/12/2108/1387.png
12,2108,1388,map/tiles/12/2108/1388.png
12,2108,1389,map/tiles/12/2108/1389.png
12,2108,1390,map/tiles/12/2108/1390.png
12,2108,1391,map/tiles/12/2108/1391.png
12,2108,1392,map/tiles/12/2108/1392.png
12,2108,1393,map/tiles/12/2108/1393.png
12,2108,1394,map/tiles/12/2108/1394.png
12,2108,1395,map/tiles/12/2108/1395.png
12,2108,1396,map/tiles/12/2108/1396.png
12,2108,1397,map/tiles/12/2108/1397.png
12,2108,1398,map/tiles/12/2108/1398.png
12,2108,1399,map/tiles/12/2108/1399.png
12,2108,1400,map/tiles/12/2108/1400.png
12,2108,1401,map/tiles/12/2108/1401.png
12,2108,1402,map/tiles/12/2108/1402.png
12,2108,1403,map/tiles/12/2108/1403.png
12,2108,1404,map/tiles/12/2108/1404.png
12,2108,1405,map/tiles/12/2108/1405.png
12,2108,1406,map/tiles/12/2108/1406.png
12,2108,1407,map/tiles/12/2108/1407.png
12,2108,1408,map/tiles/12/2108/1408.png
12,2108,1409,map/tiles/12/2108/1409.png
12,2108,1410,map/tiles/12/2108/1410.png
12,2108,1411,map/tiles/12/2108/1411.png
12,2108,1412,map/tiles/12/2108/1412.png
12,2108,1413,map/tiles/12/2108/1413.png
12,2108,1414,map/tiles/12/2108/1414.png
12,2108,1415,map/tiles/12/2108/1415.png
12,2108,1416,map/tiles/12/2108/1416.png
12,2108,1417,map/tiles/12/2108/1417.png
12,2108,1418,map/tiles/12/2108/1418.png
12,2108,1419,map/tiles/12/2108/1419.png
12,2108,1420,map/tiles/12/2108/1420.png
12,2108,1421,map/tiles/12/2108/1421.png
12,2108,1422,map/tiles/12/2108/1422.png
12,2108,1423,map/tiles/12/2108/1423.png
12,2108,1424,map/tiles/12/2108/1424.png
12,2108,1425,map/tiles/12/2108/1425.png
12,2108,1426,map/tiles/12/2108/1426.png
12,2108,1427,map/tiles/12/2108/1427.png
12,2108,1428,map/tiles/12/2108/1428.png
12,2108,1429,map/tiles/12/2108/1429.png
12,2108,1430,map/tiles/12/2108/1430.png
12,2108,1431,map/tiles/12/2108/1431.png
12,2108,1432,map/tiles/12/2108/1432.png
12,2108,1433,map/tiles/12/2108/1433.png
12,2108,1434,map/tiles/12/2108/1434.png
12,2108,1435,map/tiles/12/2108/1435.png
12,2108,1436,map/tiles/12/2108/1436.png
12,2108,1437,map/tiles/12/2108/1437.png
12,2108,1438,map/tiles/12/2108/1438.png
12,2108,1439,map/tiles/12/2108/1439.png
12,2108,1440,map/tiles/12/2108/1440.png
12,2108,1441,map/tiles/12/2108/1441.png
12,2108,1442,map/tiles/12/2108/1442.png
12,2108,1443,map/tiles/12/2108/1443.png
12,2108,1444,map/tiles/12/2108/1444.png
12,2108,1445,map/tiles/12/2108/1445.png
12,2108,1446,map/tiles/12/2108/1446.png
12,2108,1447,map/tiles/12/2108/1447.png
12,2108,1448,map/tiles/12/2108/1448.png
12,2108,1449,map/tiles/12/2108/1449.png
12,2108,1450,map/tiles/12/2108/1450.png
12,2108,1451,map/tiles/12/2108/1451.png
12,2108,1452,map/tiles/12/2108/1452.png
12,2108,1453,map/tiles/12/2108/1453.png
12,2108,1454,map/tiles/12/2108/1454.png
12,2108,1455,map/tiles/12/2108/1455.png
12,2108,1456,map/tiles/12/2108/1456.png
12,2108,1457,map/tiles/12/2108/1457.png
12,2108,1458,map/tiles/12/2108/1458.png
12,2108,1459,map/tiles/12/2108/1459.png
12,2108,1460,map/tiles/12/2108/1460.png
12,2108,1461,map/tiles/12/2108/1461.png
12,2108,1462,map/tiles/12/2108/1462.png
12,2108,1463,map/tiles/12/2108/1463.png
12,2108,1464,map/tiles/12/2108/1464.png
12,2108,1465,map/tiles/12/2108/1465.png
12,2108,1466,map/tiles/12/2108/1466.png
12,2108,1467,map/tiles/12/2108/1467.png
12,2108,1468,map/tiles/12/2108/1468.png
12,2108,1469,map/tiles/12/2108/1469.png
12,2108,1470,map/tiles/12/2108/1470.png
12,2108,1471,map/tiles/12/2108/1471.png
12,2108,1472,map/tiles/12/2108/1472.png
12,2108,1473,map/tiles/12/2108/1473.png
12,2108,1474,map/tiles/12/2108/1474.png
12,2108,1475,map/tiles/12/2108/1475.png
12,2109,1371,map/tiles/12/2109/1371.png
12,2109,1372,map/tiles/12/2109/1372.png
12,2109,1373,map/tiles/12/2109/1373.png
12,2109,1374,map/tiles/12/2109/1374.png
12,2109,1375,map/tiles/12/2109/1375.png
12,2109,1376,map/tiles/12/2109/1376.png
12,2109,1377,map/tiles/12/2109/1377.png
12,2109,1378,map/tiles/12/2109/1378.png
12,2109,1379,map/tiles/12/2109/1379.png
12,2109,1380,map/tiles/12/2109/1380.png
12,2109,1381,map/tiles/12/2109/1381.png
12,2109,1382,map/tiles/12/2109/1382.png
12,2109,1383,map/tiles/12/2109/1383.png
12,2109,1384,map/tiles/12/2109/1384.png
12,2109,1385,map/tiles/12/2109/1385.png
12,2109,1386,map/tiles/12/2109/1386.png
12,2109,1387,map/tiles/12/2109/1387.png
12,2109,1388,map/tiles/12/2109/1388.png
12,2109,1389,map/tiles/12/2109/1389.png
12,2109,1390,map/tiles/12/2109/1390.png
12,2109,1391,map/tiles/12/2109/1391.png
12,2109,1392,map/tiles/12/2109/1392.png
12,2109,1393,map/tiles/12/2109/1393.png
12,2109,1394,map/tiles/12/2109/1394.png
12,2109,1395,map/tiles/12/2109/1395.png
12,2109,1396,map/tiles/12/2109/1396.png
12,2109,1397,map/tiles/12/2109/1397.png
12,2109,1398,map/tiles/12/2109/1398.png
12,2109,1399,map/tiles/12/2109/1399.png
12,2109,1400,map/tiles/12/2109/1400.png
12,2109,1401,map/tiles/12/2109/1401.png
12,2109,1402,map/tiles/12/2109/1402.png
12,2109,1403,map/tiles/12/2109/1403.png
12,2109,1404,map/tiles/12/2109/1404.png
12,2109,1405,map/tiles/12/2109/1405.png
12,2109,1406,map/tiles/12/2109/1406.png
12,2109,1407,map/tiles/12/2109/1407.png
12,2109,1408,map/tiles/12/2109/1408.png
12,2109,1409,map/tiles/12/2109/1409.png
12,2109,1410,map/tiles/12/2109/1410.png
12,2109,1411,map/tiles/12/2109/1411.png
12,2109,1412,map/tiles/12/2109/1412.png
12,2109,1413,map/tiles/12/2109/1413.png
12,2109,1414,map/tiles/12/2109/1414.png
12,2109,1415,map/tiles/12/2109/1415.png
12,2109,1416,map/tiles/12/2109/1416.png
12,2109,1417,map/tiles/12/2109/1417.png
12,2109,1418,map/tiles/12/2109/1418.png
12,2109,1419,map/tiles/12/2109/1419.png
12,2109,1420,map/tiles/12/2109/1420.png
12,2109,1421,map/tiles/12/2109/1421.png
12,2109,1422,map/tiles/12/2109/1422.png
12,2109,1423,map/tiles/12/2109/1423.png
12,2109,1424,map/tiles/12/2109/1424.png
12,2109,1425,map/tiles/12/2109/1425.png
12,2109,1426,map/tiles/12/2109/1426.png
12,2109,1427,map/tiles/12/2109/1427.png
12,2109,1428,map/tiles/12/2109/1428.png
12,2109,1429,map/tiles/12/2109/1429.png
12,2109,1430,map/tiles/12/2109/1430.png
12,2109,1431,map/tiles/12/2109/1431.png
12,2109,1432,map/tiles/12/2109/1432.png
12,2109,1433,map/tiles/12/2109/1433.png
12,2109,1434,map/tiles/12/2109/1434.png
12,2109,1435,map/tiles/12/2109/1435.png
12,2109,1436,map/tiles/12/2109/1436.png
12,2109,1437,map/tiles/12/2109/1437.png
12,2109,1438,map/tiles/12/2109/1438.png
12,2109,1439,map/tiles/12/2109/1439.png
12,2109,1440,map/tiles/12/2109/1440.png
12,2109,1441,map/tiles/12/2109/1441.png
12,2109,1442,map/tiles/12/2109/1442.png
12,2109,1443,map/tiles/12/2109/1443.png
12,2109,1444,map/tiles/12/2109/1444.png
12,2109,1445,map/tiles/12/2109/1445.png
12,2109,1446,map/tiles/12/2109/1446.png
12,2109,1447,map/tiles/12/2109/1447.png
12,2109,1448,map/tiles/12/2109/1448.png
12,2109,1449,map/tiles/12/2109/1449.png
12,2109,1450,map/tiles/12/2109/1450.png
12,2109,1451,map/tiles/12/2109/1451.png
12,2109,1452,map/tiles/12/2109/1452.png
12,2109,1453,map/tiles/12/2109/1453.png
12,2109,1454,map/tiles/12/2109/1454.png
12,2109,1455,map/tiles/12/2109/1455.png
12,2109,1456,map/tiles/12/2109/1456.png
12,2109,1457,map/tiles/12/2109/1457.png
12,2109,1458,map/tiles/12/2109/1458.png
12,2109,1459,map/tiles/12/2109/1459.png
12,2109,1460,map/tiles/12/2109/1460.png
12,2109,1461,map/tiles/12/2109/1461.png
12,2109,1462,map/tiles/12/2109/1462.png
12,2109,1463,map/tiles/12/2109/1463.png
12,2109,1464,map/tiles/12/2109/1464.png
12,2109,1465,map/tiles/12/2109/1465.png
12,2109,1466,map/tiles/12/2109/1466.png
12,2109,1467,map/tiles/12/2109/1467.png
12,2109,1468,map/tiles/12/2109/1468.png
12,2109,1469,map/tiles/12/2109/1469.png
12,2109,1470,map/tiles/12/2109/1470.png
12,2109,1471,map/tiles/12/2109/1471.png
12,2109,1472,map/tiles/12/2109/1472.png
12,2109,1473,map/tiles/12/2109/1473.png
12,2109,1474,map/tiles/12/2109/1474.png
12,2109,1475,map/tiles/12/2109/1475.png
12,2110,1371,map/tiles/12/2110/1371.png
12,2110,1372,map/tiles/12/2110/1372.png
12,2110,1373,map/tiles/12/2110/1373.png
12,2110,1374,map/tiles/12/2110/1374.png
12,2110,1375,map/tiles/12/2110/1375.png
12,2110,1376,map/tiles/12/2110/1376.png
12,2110,1377,map/tiles/12/2110/1377.png
12,2110,1378,map/tiles/12/2110/1378.png
12,2110,1379,map/tiles/12/2110/1379.png
12,2110,1380,map/tiles/12/2110/1380.png
12,2110,1381,map/tiles/12/2110/1381.png
12,2110,1382,map/tiles/12/2110/1382.png
12,2110,1383,map/tiles/12/2110/1383.png
12,2110,1384,map/tiles/12/2110/1384.png
12,2110,1385,map/tiles/12/2110/1385.png
12,2110,1386,map/tiles/12/2110/1386.png
12,2110,1387,map/tiles/12/2110/1387.png
12,2110,1388,map/tiles/12/2110/1388.png
12,2110,1389,map/tiles/12/2110/1389.png
12,2110,1390,map/tiles/12/2110/1390.png
12,2110,1391,map/tiles/12/2110/1391.png
12,2110,1392,map/tiles/12/2110/1392.png
12,2110,1393,map/tiles/12/2110/1393.png
12,2110,1394,map/tiles/12/2110/1394.png
12,2110,1395,map/tiles/12/2110/1395.png
12,2110,1396,map/tiles/12/2110/1396.png
12,2110,1397,map/tiles/12/2110/1397.png
12,2110,1398,map/tiles/12/2110/1398.png
12,2110,1399,map/tiles/12/2110/1399.png
12,2110,1400,map/tiles/12/2110/1400.png
12,2110,1401,map/tiles/12/2110/1401.png
12,2110,1402,map/tiles/12/2110/1402.png
12,2110,1403,map/tiles/12/2110/1403.png
12,2110,1404,map/tiles/12/2110/1404.png
12,2110,1405,map/tiles/12/2110/1405.png
12,2110,1406,map/tiles/12/2110/1406.png
12,2110,1407,map/tiles/12/2110/1407.png
12,2110,1408,map/tiles/12/2110/1408.png
12,2110,1409,map/tiles/12/2110/1409.png
12,2110,1410,map/tiles/12/2110/1410.png
12,2110,1411,map/tiles/12/2110/1411.png
12,2110,1412,map/tiles/12/2110/1412.png
12,2110,1413,map/tiles/12/2110/1413.png
12,2110,1414,map/tiles/12/2110/1414.png
12,2110,1415,map/tiles/12/2110/1415.png
12,2110,1416,map/tiles/12/2110/1416.png
12,2110,1417,map/tiles/12/2110/1417.png
12,2110,1418,map/tiles/12/2110/1418.png
12,2110,1419,map/tiles/12/2110/1419.png
12,2110,1420,map/tiles/12/2110/1420.png
12,2110,1421,map/tiles/12/2110/1421.png
12,2110,1422,map/tiles/12/2110/1422.png
12,2110,1423,map/tiles/12/2110/1423.png
12,2110,1424,map/tiles/12/2110/1424.png
12,2110,1425,map/tiles/12/2110/1425.png
12,2110,1426,map/tiles/12/2110/1426.png
12,2110,1427,map/tiles/12/2110/1427.png
12,2110,1428,map/tiles/12/2110/1428.png
12,2110,1429,map/tiles/12/2110/1429.png
12,2110,1430,map/tiles/12/2110/1430.png
12,2110,1431,map/tiles/12/2110/1431.png
12,2110,1432,map/tiles/12/2110/1432.png
12,2110,1433,map/tiles/12/2110/1433.png
12,2110,1434,map/tiles/12/2110/1434.png
12,2110,1435,map/tiles/12/2110/1435.png
12,2110,1436,map/tiles/12/2110/1436.png
12,2110,1437,map/tiles/12/2110/1437.png
12,2110,1438,map/tiles/12/2110/1438.png
12,2110,1439,map/tiles/12/2110/1439.png
12,2110,1440,map/tiles/12/2110/1440.png
12,2110,1441,map/tiles/12/2110/1441.png
12,2110,1442,map/tiles/12/2110/1442.png
12,2110,1443,map/tiles/12/2110/1443.png
12,2110,1444,map/tiles/12/2110/1444.png
12,2110,1445,map/tiles/12/2110/1445.png
12,2110,1446,map/tiles/12/2110/1446.png
12,2110,1447,map/tiles/12/2110/1447.png
12,2110,1448,map/tiles/12/2110/1448.png
12,2110,1449,map/tiles/12/2110/1449.png
12,2110,1450,map/tiles/12/2110/1450.png
12,2110,1451,map/tiles/12/2110/1451.png
12,2110,1452,map/tiles/12/2110/1452.png
12,2110,1453,map/tiles/12/2110/1453.png
12,2110,1454,map/tiles/12/2110/1454.png
12,2110,1455,map/tiles/12/2110/1455.png
12,2110,1456,map/tiles/12/2110/1456.png
12,2110,1457,map/tiles/12/2110/1457.png
12,2110,1458,map/tiles/12/2110/1458.png
12,2110,1459,map/tiles/12/2110/1459.png
12,2110,1460,map/tiles/12/2110/1460.png
12,2110,1461,map/tiles/12/2110/1461.png
12,2110,1462,map/tiles/12/2110/1462.png
12,2110,1463,map/tiles/12/2110/1463.png
12,2110,1464,map/tiles/12/2110/1464.png
12,2110,1465,map/tiles/12/2110/1465.png
12,2110,1466,map/tiles/12/2110/1466.png
12,2110,1467,map/tiles/12/2110/1467.png
12,2110,1468,map/tiles/12/2110/1468.png
12,2110,1469,map/tiles/12/2110/1469.png
12,2110,1470,map/tiles/12/2110/1470.png
12,2110,1471,map/tiles/12/2110/1471.png
12,2110,1472,map/tiles/12/2110/1472.png
12,2110,1473,map/tiles/12/2110/1473.png
12,2110,1474,map/tiles/12/2110/1474.png
12,2110,1475,map/tiles/12/2110/1475.png
12,2111,1371,map/tiles/12/2111/1371.png
12,2111,1372,map/tiles/12/2111/1372.png
12,2111,1373,map/tiles/12/2111/1373.png
12,2111,1374,map/tiles/12/2111/1374.png
12,2111,1375,map/tiles/12/2111/1375.png
12,2111,1376,map/tiles/12/2111/1376.png
12,2111,1377,map/tiles/12/2111/1377.png
12,2111,1378,map/tiles/12/2111/1378.png
12,2111,1379,map/tiles/12/2111/1379.png
12,2111,1380,map/tiles/12/2111/1380.png
12,2111,1381,map/tiles/12/2111/1381.png
12,2111,1382,map/tiles/12/2111/1382.png
12,2111,1383,map/tiles/12/2111/1383.png
12,2111,1384,map/tiles/12/2111/1384.png
12,2111,1385,map/tiles/12/2111/1385.png
12,2111,1386,map/tiles/12/2111/1386.png
12,2111,1387,map/tiles/12/2111/1387.png
12,2111,1388,map/tiles/12/2111/1388.png
12,2111,1389,map/tiles/12/2111/1389.png
12,2111,1390,map/tiles/12/2111/1390.png
12,2111,1391,map/tiles/12/2111/1391.png
12,2111,1392,map/tiles/12/2111/1392.png
12,2111,1393,map/tiles/12/2111/1393.png
12,2111,1394,map/tiles/12/2111/1394.png
12,2111,1395,map/tiles/12/2111/1395.png
12,2111,1396,map/tiles/12/2111/1396.png
12,2111,1397,map/tiles/12/2111/1397.png
12,2111,1398,map/tiles/12/2111/1398.png
12,2111,1399,map/tiles/12/2111/1399.png
12,2111,1400,map/tiles/12/2111/1400.png
12,2111,1401,map/tiles/12/2111/1401.png
12,2111,1402,map/tiles/12/2111/1402.png
12,2111,1403,map/tiles/12/2111/1403.png
12,2111,1404,map/tiles/12/2111/1404.png
12,2111,1405,map/tiles/12/2111/1405.png
12,2111,1406,map/tiles/12/2111/1406.png
12,2111,1407,map/tiles/12/2111/1407.png
12,2111,1408,map/tiles/12/2111/1408.png
12,2111,1409,map/tiles/12/2111/1409.png
12,2111,1410,map/tiles/12/2111/1410.png
12,2111,1411,map/tiles/12/2111/1411.png
12,2111,1412,map/tiles/12/2111/1412.png
12,2111,1413,map/tiles/12/2111/1413.png
12,2111,1414,map/tiles/12/2111/1414.png
12,2111,1415,map/tiles/12/2111/1415.png
12,2111,1416,map/tiles/12/2111/1416.png
12,2111,1417,map/tiles/12/2111/1417.png
12,2111,1418,map/tiles/12/2111/1418.png
12,2111,1419,map/tiles/12/2111/1419.png
12,2111,1420,map/tiles/12/2111/1420.png
12,2111,1421,map/tiles/12/2111/1421.png
12,2111,1422,map/tiles/12/2111/1422.png
12,2111,1423,map/tiles/12/2111/1423.png
12,2111,1424,map/tiles/12/2111/1424.png
12,2111,1425,map/tiles/12/2111/1425.png
12,2111,1426,map/tiles/12/2111/1426.png
12,2111,1427,map/tiles/12/2111/1427.png
12,2111,1428,map/tiles/12/2111/1428.png
12,2111,1429,map/tiles/12/2111/1429.png
12,2111,1430,map/tiles/12/2111/1430.png
12,2111,1431,map/tiles/12/2111/1431.png
12,2111,1432,map/tiles/12/2111/1432.png
12,2111,1433,map/tiles/12/2111/1433.png
12,2111,1434,map/tiles/12/2111/1434.png
12,2111,1435,map/tiles/12/2111/1435.png
12,2111,1436,map/tiles/12/2111/1436.png
12,2111,1437,map/tiles/12/2111/1437.png
12,2111,1438,map/tiles/12/2111/1438.png
12,2111,1439,map/tiles/12/2111/1439.png
12,2111,1440,map/tiles/12/2111/1440.png
12,2111,1441,map/tiles/12/2111/1441.png
12,2111,1442,map/tiles/12/2111/1442.png
12,2111,1443,map/tiles/12/2111/1443.png
12,2111,1444,map/tiles/12/2111/1444.png
12,2111,1445,map/tiles/12/2111/1445.png
12,2111,1446,map/tiles/12/2111/1446.png
12,2111,1447,map/tiles/12/2111/1447.png
12,2111,1448,map/tiles/12/2111/1448.png
12,2111,1449,map/tiles/12/2111/1449.png
12,2111,1450,map/tiles/12/2111/1450.png
12,2111,1451,map/tiles/12/2111/1451.png
12,2111,1452,map/tiles/12/2111/1452.png
12,2111,1453,map/tiles/12/2111/1453.png
12,2111,1454,map/tiles/12/2111/1454.png
12,2111,1455,map/tiles/12/2111/1455.png
12,2111,1456,map/tiles/12/2111/1456.png
12,2111,1457,map/tiles/12/2111/1457.png
12,2111,1458,map/tiles/12/2111/1458.png
12,2111,1459,map/tiles/12/2111/1459.png
12,2111,1460,map/tiles/12/2111/1460.png
12,2111,1461,map/tiles/12/2111/1461.png
12,2111,1462,map/tiles/12/2111/1462.png
12,2111,1463,map/tiles/12/2111/1463.png
12,2111,1464,map/tiles/12/2111/1464.png
12,2111,1465,map/tiles/12/2111/1465.png
12,2111,1466,map/tiles/12/2111/1466.png
12,2111,1467,map/tiles/12/2111/1467.png
12,2111,1468,map/tiles/12/2111/1468.png
12,2111,1469,map/tiles/12/2111/1469.png
12,2111,1470,map/tiles/12/2111/1470.png
12,2111,1471,map/tiles/12/2111/1471.png
12,2111,1472,map/tiles/12/2111/1472.png
12,2111,1473,map/tiles/12/2111/1473.png
12,2111,1474,map/tiles/12/2111/1474.png
12,2111,1475,map/tiles/12/2111/1475.png
12,2112,1371,map/tiles/12/2112/1371.png
12,2112,1372,map/tiles/12/2112/1372.png
12,2112,1373,map/tiles/12/2112/1373.png
12,2112,1374,map/tiles/12/2112/1374.png
12,2112,1375,map/tiles/12/2112/1375.png
12,2112,1376,map/tiles/12/2112/1376.png
12,2112,1377,map/tiles/12/2112/1377.png
12,2112,1378,map/tiles/12/2112/1378.png
12,2112,1379,map/tiles/12/2112/1379.png
12,2112,1380,map/tiles/12/2112/1380.png
12,2112,1381,map/tiles/12/2112/1381.png
12,2112,1382,map/tiles/12/2112/1382.png
12,2112,1383,map/tiles/12/2112/1383.png
12,2112,1384,map/tiles/12/2112/1384.png
12,2112,1385,map/tiles/12/2112/1385.png
12,2112,1386,map/tiles/12/2112/1386.png
12,2112,1387,map/tiles/12/2112/1387.png
12,2112,1388,map/tiles/12/2112/1388.png
12,2112,1389,map/tiles/12/2112/1389.png
12,2112,1390,map/tiles/12/2112/1390.png
12,2112,1391,map/tiles/12/2112/1391.png
12,2112,1392,map/tiles/12/2112/1392.png
12,2112,1393,map/tiles/12/2112/1393.png
12,2112,1394,map/tiles/12/2112/1394.png
12,2112,1395,map/tiles/12/2112/1395.png
12,2112,1396,map/tiles/12/2112/1396.png
12,2112,1397,map/tiles/12/2112/1397.png
12,2112,1398,map/tiles/12/2112/1398.png
12,2112,1399,map/tiles/12/2112/1399.png
12,2112,1400,map/tiles/12/2112/1400.png
12,2112,1401,map/tiles/12/2112/1401.png
12,2112,1402,map/tiles/12/2112/1402.png
12,2112,1403,map/tiles/12/2112/1403.png
12,2112,1404,map/tiles/12/2112/1404.png
12,2112,1405,map/tiles/12/2112/1405.png
12,2112,1406,map/tiles/12/2112/1406.png
12,2112,1407,map/tiles/12/2112/1407.png
12,2112,1408,map/tiles/12/2112/1408.png
12,2112,1409,map/tiles/12/2112/1409.png
12,2112,1410,map/tiles/12/2112/1410.png
12,2112,1411,map/tiles/12/2112/1411.png
12,2112,1412,map/tiles/12/2112/1412.png
12,2112,1413,map/tiles/12/2112/1413.png
12,2112,1414,map/tiles/12/2112/1414.png
12,2112,1415,map/tiles/12/2112/1415.png
12,2112,1416,map/tiles/12/2112/1416.png
12,2112,1417,map/tiles/12/2112/1417.png
12,2112,1418,map/tiles/12/2112/1418.png
12,2112,1419,map/tiles/12/2112/1419.png
12,2112,1420,map/tiles/12/2112/1420.png
12,2112,1421,map/tiles/12/2112/1421.png
12,2112,1422,map/tiles/12/2112/1422.png
12,2112,1423,map/tiles/12/2112/1423.png
12,2112,1424,map/tiles/12/2112/1424.png
12,2112,1425,map/tiles/12/2112/1425.png
12,2112,1426,map/tiles/12/2112/1426.png
12,2112,1427,map/tiles/12/2112/1427.png
12,2112,1428,map/tiles/12/2112/1428.png
12,2112,1429,map/tiles/12/2112/1429.png
12,2112,1430,map/tiles/12/2112/1430.png
12,2112,1431,map/tiles/12/2112/1431.png
12,2112,1432,map/tiles/12/2112/1432.png
12,2112,1433,map/tiles/12/2112/1433.png
12,2112,1434,map/tiles/12/2112/1434.png
12,2112,1435,map/tiles/12/2112/1435.png
12,2112,1436,map/tiles/12/2112/1436.png
12,2112,1437,map/tiles/12/2112/1437.png
12,2112,1438,map/tiles/12/2112/1438.png
12,2112,1439,map/tiles/12/2112/1439.png
12,2112,1440,map/tiles/12/2112/1440.png
12,2112,1441,map/tiles/12/2112/1441.png
12,2112,1442,map/tiles/12/2112/1442.png
12,2112,1443,map/tiles/12/2112/1443.png
12,2112,1444,map/tiles/12/2112/1444.png
12,2112,1445,map/tiles/12/2112/1445.png
12,2112,1446,map/tiles/12/2112/1446.png
12,2112,1447,map/tiles/12/2112/1447.png
12,2112,1448,map/tiles/12/2112/1448.png
12,2112,1449,map/tiles/12/2112/1449.png
12,2112,1450,map/tiles/12/2112/1450.png
12,2112,1451,map/tiles/12/2112/1451.png
12,2112,1452,map/tiles/12/2112/1452.png
12,2112,1453,map/tiles/12/2112/1453.png
12,2112,1454,map/tiles/12/2112/1454.png
12,2112,1455,map/tiles/12/2112/1455.png
12,2112,1456,map/tiles/12/2112/1456.png
12,2112,1457,map/tiles/12/2112/1457.png
12,2112,1458,map/tiles/12/2112/1458.png
12,2112,1459,map/tiles/12/2112/1459.png
12,2112,1460,map/tiles/12/2112/1460.png
12,2112,1461,map/tiles/12/2112/1461.png
12,2112,1462,map/tiles/12/2112/1462.png
12,2112,1463,map/tiles/12/2112/1463.png
12,2112,1464,map/tiles/12/2112/1464.png
12,2112,1465,map/tiles/12/2112/1465.png
12,2112,1466,map/tiles/12/2112/1466.png
12,2112,1467,map/tiles/12/2112/1467.png
12,2112,1468,map/tiles/12/2112/1468.png
12,2112,1469,map/tiles/12/2112/1469.png
12,2112,1470,map/tiles/12/2112/1470.png
12,2112,1471,map/tiles/12/2112/1471.png
12,2112,1472,map/tiles/12/2112/1472.png
12,2112,1473,map/tiles/12/2112/1473.png
12,2112,1474,map/tiles/12/2112/1474.png
12,2112,1475,map/tiles/12/2112/1475.png
12,2113,1371,map/tiles/12/2113/1371.png
12,2113,1372,map/tiles/12/2113/1372.png
12,2113,1373,map/tiles/12/2113/1373.png
12,2113,1374,map/tiles/12/2113/1374.png
12,2113,1375,map/tiles/12/2113/1375.png
12,2113,1376,map/tiles/12/2113/1376.png
12,2113,1377,map/tiles/12/2113/1377.png
12,2113,1378,map/tiles/12/2113/1378.png
12,2113,1379,map/tiles/12/2113/1379.png
12,2113,1380,map/tiles/12/2113/1380.png
12,2113,1381,map/tiles/12/2113/1381.png
12,2113,1382,map/tiles/12/2113/1382.png
12,2113,1383,map/tiles/12/2113/1383.png
12,2113,1384,map/tiles/12/2113/1384.png
12,2113,1385,map/tiles/12/2113/1385.png
12,2113,1386,map/tiles/12/2113/1386.png
12,2113,1387,map/tiles/12/2113/1387.png
12,2113,1388,map/tiles/12/2113/1388.png
12,2113,1389,map/tiles/12/2113/1389.png
12,2113,1390,map/tiles/12/2113/1390.png
12,2113,1391,map/tiles/12/2113/1391.png
12,2113,1392,map/tiles/12/2113/1392.png
12,2113,1393,map/tiles/12/2113/1393.png
12,2113,1394,map/tiles/12/2113/1394.png
12,2113,1395,map/tiles/12/2113/1395.png
12,2113,1396,map/tiles/12/2113/1396.png
12,2113,1397,map/tiles/12/2113/1397.png
12,2113,1398,map/tiles/12/2113/1398.png
12,2113,1399,map/tiles/12/2113/1399.png
12,2113,1400,map/tiles/12/2113/1400.png
12,2113,1401,map/tiles/12/2113/1401.png
12,2113,1402,map/tiles/12/2113/1402.png
12,2113,1403,map/tiles/12/2113/1403.png
12,2113,1404,map/tiles/12/2113/1404.png
12,2113,1405,map/tiles/12/2113/1405.png
12,2113,1406,map/tiles/12/2113/1406.png
12,2113,1407,map/tiles/12/2113/1407.png
12,2113,1408,map/tiles/12/2113/1408.png
12,2113,1409,map/tiles/12/2113/1409.png
12,2113,1410,map/tiles/12/2113/1410.png
12,2113,1411,map/tiles/12/2113/1411.png
12,2113,1412,map/tiles/12/2113/1412.png
12,2113,1413,map/tiles/12/2113/1413.png
12,2113,1414,map/tiles/12/2113/1414.png
12,2113,1415,map/tiles/12/2113/1415.png
12,2113,1416,map/tiles/12/2113/1416.png
12,2113,1417,map/tiles/12/2113/1417.png
12,2113,1418,map/tiles/12/2113/1418.png
12,2113,1419,map/tiles/12/2113/1419.png
12,2113,1420,map/tiles/12/2113/1420.png
12,2113,1421,map/tiles/12/2113/1421.png
12,2113,1422,map/tiles/12/2113/1422.png
12,2113,1423,map/tiles/12/2113/1423.png
12,2113,1424,map/tiles/12/2113/1424.png
12,2113,1425,map/tiles/12/2113/1425.png
12,2113,1426,map/tiles/12/2113/1426.png
12,2113,1427,map/tiles/12/2113/1427.png
12,2113,1428,map/tiles/12/2113/1428.png
12,2113,1429,map/tiles/12/2113/1429.png
12,2113,1430,map/tiles/12/2113/1430.png
12,2113,1431,map/tiles/12/2113/1431.png
12,2113,1432,map/tiles/12/2113/1432.png
12,2113,1433,map/tiles/12/2113/1433.png
12,2113,1434,map/tiles/12/2113/1434.png
12,2113,1435,map/tiles/12/2113/1435.png
12,2113,1436,map/tiles/12/2113/1436.png
12,2113,1437,map/tiles/12/2113/1437.png
12,2113,1438,map/tiles/12/2113/1438.png
12,2113,1439,map/tiles/12/2113/1439.png
12,2113,1440,map/tiles/12/2113/1440.png
12,2113,1441,map/tiles/12/2113/1441.png
12,2113,1442,map/tiles/12/2113/1442.png
12,2113,1443,map/tiles/12/2113/1443.png
12,2113,1444,map/tiles/12/2113/1444.png
12,2113,1445,map/tiles/12/2113/1445.png
12,2113,1446,map/tiles/12/2113/1446.png
12,2113,1447,map/tiles/12/2113/1447.png
12,2113,1448,map/tiles/12/2113/1448.png
12,2113,1449,map/tiles/12/2113/1449.png
12,2113,1450,map/tiles/12/2113/1450.png
12,2113,1451,map/tiles/12/2113/1451.png
12,2113,1452,map/tiles/12/2113/1452.png
12,2113,1453,map/tiles/12/2113/1453.png
12,2113,1454,map/tiles/12/2113/1454.png
12,2113,1455,map/tiles/12/2113/1455.png
12,2113,1456,map/tiles/12/2113/1456.png
12,2113,1457,map/tiles/12/2113/1457.png
12,2113,1458,map/tiles/12/2113/1458.png
12,2113,1459,map/tiles/12/2113/1459.png
12,2113,1460,map/tiles/12/2113/1460.png
12,2113,1461,map/tiles/12/2113/1461.png
12,2113,1462,map/tiles/12/2113/1462.png
12,2113,1463,map/tiles/12/2113/1463.png
12,2113,1464,map/tiles/12/2113/1464.png
12,2113,1465,map/tiles/12/2113/1465.png
12,2113,1466,map/tiles/12/2113/1466.png
12,2113,1467,map/tiles/12/2113/1467.png
12,2113,1468,map/tiles/12/2113/1468.png
12,2113,1469,map/tiles/12/2113/1469.png
12,2113,1470,map/tiles/12/2113/1470.png
12,2113,1471,map/tiles/12/2113/1471.png
12,2113,1472,map/tiles/12/2113/1472.png
12,2113,1473,map/tiles/12/2113/1473.png
12,2113,1474,map/tiles/12/2113/1474.png
12,2113,1475,map/tiles/12/2113/1475.png
12,2114,1371,map/tiles/12/2114/1371.png
12,2114,1372,map/tiles/12/2114/1372.png
12,2114,1373,map/tiles/12/2114/1373.png
12,2114,1374,map/tiles/12/2114/1374.png
12,2114,1375,map/tiles/12/2114/1375.png
12,2114,1376,map/tiles/12/2114/1376.png
12,2114,1377,map/tiles/12/2114/1377.png
12,2114,1378,map/tiles/12/2114/1378.png
12,2114,1379,map/tiles/12/2114/1379.png
12,2114,1380,map/tiles/12/2114/1380.png
12,2114,1381,map/tiles/12/2114/1381.png
12,2114,1382,map/tiles/12/2114/1382.png
12,2114,1383,map/tiles/12/2114/1383.png
12,2114,1384,map/tiles/12/2114/1384.png
12,2114,1385,map/tiles/12/2114/1385.png
12,2114,1386,map/tiles/12/2114/1386.png
12,2114,1387,map/tiles/12/2114/1387.png
12,2114,1388,map/tiles/12/2114/1388.png
12,2114,1389,map/tiles/12/2114/1389.png
12,2114,1390,map/tiles/12/2114/1390.png
12,2114,1391,map/tiles/12/2114/1391.png
12,2114,1392,map/tiles/12/2114/1392.png
12,2114,1393,map/tiles/12/2114/1393.png
12,2114,1394,map/tiles/12/2114/1394.png
12,2114,1395,map/tiles/12/2114/1395.png
12,2114,1396,map/tiles/12/2114/1396.png
12,2114,1397,map/tiles/12/2114/1397.png
12,2114,1398,map/tiles/12/2114/1398.png
12,2114,1399,map/tiles/12/2114/1399.png
12,2114,1400,map/tiles/12/2114/1400.png
12,2114,1401,map/tiles/12/2114/1401.png
12,2114,1402,map/tiles/12/2114/1402.png
12,2114,1403,map/tiles/12/2114/1403.png
12,2114,1404,map/tiles/12/2114/1404.png
12,2114,1405,map/tiles/12/2114/1405.png
12,2114,1406,map/tiles/12/2114/1406.png
12,2114,1407,map/tiles/12/2114/1407.png
12,2114,1408,map/tiles/12/2114/1408.png
12,2114,1409,map/tiles/12/2114/1409.png
12,2114,1410,map/tiles/12/2114/1410.png
12,2114,1411,map/tiles/12/2114/1411.png
12,2114,1412,map/tiles/12/2114/1412.png
12,2114,1413,map/tiles/12/2114/1413.png
12,2114,1414,map/tiles/12/2114/1414.png
12,2114,1415,map/tiles/12/2114/1415.png
12,2114,1416,map/tiles/12/2114/1416.png
12,2114,1417,map/tiles/12/2114/1417.png
12,2114,1418,map/tiles/12/2114/1418.png
12,2114,1419,map/tiles/12/2114/1419.png
12,2114,1420,map/tiles/12/2114/1420.png
12,2114,1421,map/tiles/12/2114/1421.png
12,2114,1422,map/tiles/12/2114/1422.png
12,2114,1423,map/tiles/12/2114/1423.png
12,2114,1424,map/tiles/12/2114/1424.png
12,2114,1425,map/tiles/12/2114/1425.png
12,2114,1426,map/tiles/12/2114/1426.png
12,2114,1427,map/tiles/12/2114/1427.png
12,2114,1428,map/tiles/12/2114/1428.png
12,2114,1429,map/tiles/12/2114/1429.png
12,2114,1430,map/tiles/12/2114/1430.png
12,2114,1431,map/tiles/12/2114/1431.png
12,2114,1432,map/tiles/12/2114/1432.png
12,2114,1433,map/tiles/12/2114/1433.png
12,2114,1434,map/tiles/12/2114/1434.png
12,2114,1435,map/tiles/12/2114/1435.png
12,2114,1436,map/tiles/12/2114/1436.png
12,2114,1437,map/tiles/12/2114/1437.png
12,2114,1438,map/tiles/12/2114/1438.png
12,2114,1439,map/tiles/12/2114/1439.png
12,2114,1440,map/tiles/12/2114/1440.png
12,2114,1441,map/tiles/12/2114/1441.png
12,2114,1442,map/tiles/12/2114/1442.png
12,2114,1443,map/tiles/12/2114/1443.png
12,2114,1444,map/tiles/12/2114/1444.png
12,2114,1445,map/tiles/12/2114/1445.png
12,2114,1446,map/tiles/12/2114/1446.png
12,2114,1447,map/tiles/12/2114/1447.png
12,2114,1448,map/tiles/12/2114/1448.png
12,2114,1449,map/tiles/12/2114/1449.png
12,2114,1450,map/tiles/12/2114/1450.png
12,2114,1451,map/tiles/12/2114/1451.png
12,2114,1452,map/tiles/12/2114/1452.png
12,2114,1453,map/tiles/12/2114/1453.png
12,2114,1454,map/tiles/12/2114/1454.png
12,2114,1455,map/tiles/12/2114/1455.png
12,2114,1456,map/tiles/12/2114/1456.png
12,2114,1457,map/tiles/12/2114/1457.png
12,2114,1458,map/tiles/12/2114/1458.png
12,2114,1459,map/tiles/12/2114/1459.png
12,2114,1460,map/tiles/12/2114/1460.png
12,2114,1461,map/tiles/12/2114/1461.png
12,2114,1462,map/tiles/12/2114/1462.png
12,2114,1463,map/tiles/12/2114/1463.png
12,2114,1464,map/tiles/12/2114/1464.png
12,2114,1465,map/tiles/12/2114/1465.png
12,2114,1466,map/tiles/12/2114/1466.png
12,2114,1467,map/tiles/12/2114/1467.png
12,2114,1468,map/tiles/12/2114/1468.png
12,2114,1469,map/tiles/12/2114/1469.png
12,2114,1470,map/tiles/12/2114/1470.png
12,2114,1471,map/tiles/12/2114/1471.png
12,2114,1472,map/tiles/12/2114/1472.png
12,2114,1473,map/tiles/12/2114/1473.png
12,2114,1474,map/tiles/12/2114/1474.png
12,2114,1475,map/tiles/12/2114/1475.png
12,2115,1371,map/tiles/12/2115/1371.png
12,2115,1372,map/tiles/12/2115/1372.png
12,2115,1373,map/tiles/12/2115/1373.png
12,2115,1374,map/tiles/12/2115/1374.png
12,2115,1375,map/tiles/12/2115/1375.png
12,2115,1376,map/tiles/12/2115/1376.png
12,2115,1377,map/tiles/12/2115/1377.png
12,2115,1378,map/tiles/12/2115/1378.png
12,2115,1379,map/tiles/12/2115/1379.png
12,2115,1380,map/tiles/12/2115/1380.png
12,2115,1381,map/tiles/12/2115/1381.png
12,2115,1382,map/tiles/12/2115/1382.png
12,2115,1383,map/tiles/12/2115/1383.png
12,2115,1384,map/tiles/12/2115/1384.png
12,2115,1385,map/tiles/12/2115/1385.png
12,2115,1386,map/tiles/12/2115/1386.png
12,2115,1387,map/tiles/12/2115/1387.png
12,2115,1388,map/tiles/12/2115/1388.png
12,2115,1389,map/tiles/12/2115/1389.png
12,2115,1390,map/tiles/12/2115/1390.png
12,2115,1391,map/tiles/12/2115/1391.png
12,2115,1392,map/tiles/12/2115/1392.png
12,2115,1393,map/tiles/12/2115/1393.png
12,2115,1394,map/tiles/12/2115/1394.png
12,2115,1395,map/tiles/12/2115/1395.png
12,2115,1396,map/tiles/12/2115/1396.png
12,2115,1397,map/tiles/12/2115/1397.png
12,2115,1398,map/tiles/12/2115/1398.png
12,2115,1399,map/tiles/12/2115/1399.png
12,2115,1400,map/tiles/12/2115/1400.png
12,2115,1401,map/tiles/12/2115/1401.png
12,2115,1402,map/tiles/12/2115/1402.png
12,2115,1403,map/tiles/12/2115/1403.png
12,2115,1404,map/tiles/12/2115/1404.png
12,2115,1405,map/tiles/12/2115/1405.png
12,2115,1406,map/tiles/12/2115/1406.png
12,2115,1407,map/tiles/12/2115/1407.png
12,2115,1408,map/tiles/12/2115/1408.png
12,2115,1409,map/tiles/12/2115/1409.png
12,2115,1410,map/tiles/12/2115/1410.png
12,2115,1411,map/tiles/12/2115/1411.png
12,2115,1412,map/tiles/12/2115/1412.png
12,2115,1413,map/tiles/12/2115/1413.png
12,2115,1414,map/tiles/12/2115/1414.png
12,2115,1415,map/tiles/12/2115/1415.png
12,2115,1416,map/tiles/12/2115/1416.png
12,2115,1417,map/tiles/12/2115/1417.png
12,2115,1418,map/tiles/12/2115/1418.png
12,2115,1419,map/tiles/12/2115/1419.png
12,2115,1420,map/tiles/12/2115/1420.png
12,2115,1421,map/tiles/12/2115/1421.png
12,2115,1422,map/tiles/12/2115/1422.png
12,2115,1423,map/tiles/12/2115/1423.png
12,2115,1424,map/tiles/12/2115/1424.png
12,2115,1425,map/tiles/12/2115/1425.png
12,2115,1426,map/tiles/12/2115/1426.png
12,2115,1427,map/tiles/12/2115/1427.png
12,2115,1428,map/tiles/12/2115/1428.png
12,2115,1429,map/tiles/12/2115/1429.png
12,2115,1430,map/tiles/12/2115/1430.png
12,2115,1431,map/tiles/12/2115/1431.png
12,2115,1432,map/tiles/12/2115/1432.png
12,2115,1433,map/tiles/12/2115/1433.png
12,2115,1434,map/tiles/12/2115/1434.png
12,2115,1435,map/tiles/12/2115/1435.png
12,2115,1436,map/tiles/12/2115/1436.png
12,2115,1437,map/tiles/12/2115/1437.png
12,2115,1438,map/tiles/12/2115/1438.png
12,2115,1439,map/tiles/12/2115/1439.png
12,2115,1440,map/tiles/12/2115/1440.png
12,2115,1441,map/tiles/12/2115/1441.png
12,2115,1442,map/tiles/12/2115/1442.png
12,2115,1443,map/tiles/12/2115/1443.png
12,2115,1444,map/tiles/12/2115/1444.png
12,2115,1445,map/tiles/12/2115/1445.png
12,2115,1446,map/tiles/12/2115/1446.png
12,2115,1447,map/tiles/12/2115/1447.png
12,2115,1448,map/tiles/12/2115/1448.png
12,2115,1449,map/tiles/12/2115/1449.png
12,2115,1450,map/tiles/12/2115/1450.png
12,2115,1451,map/tiles/12/2115/1451.png
12,2115,1452,map/tiles/12/2115/1452.png
12,2115,1453,map/tiles/12/2115/1453.png
12,2115,1454,map/tiles/12/2115/1454.png
12,2115,1455,map/tiles/12/2115/1455.png
12,2115,1456,map/tiles/12/2115/1456.png
12,2115,1457,map/tiles/12/2115/1457.png
12,2115,1458,map/tiles/12/2115/1458.png
12,2115,1459,map/tiles/12/2115/1459.png
12,2115,1460,map/tiles/12/2115/1460.png
12,2115,1461,map/tiles/12/2115/1461.png
12,2115,1462,map/tiles/12/2115/1462.png
12,2115,1463,map/tiles/12/2115/1463.png
12,2115,1464,map/tiles/12/2115/1464.png
12,2115,1465,map/tiles/12/2115/1465.png
12,2115,1466,map/tiles/12/2115/1466.png
12,2115,1467,map/tiles/12/2115/1467.png
12,2115,1468,map/tiles/12/2115/1468.png
12,2115,1469,map/tiles/12/2115/1469.png
12,2115,1470,map/tiles/12/2115/1470.png
12,2115,1471,map/tiles/12/2115/1471.png
12,2115,1472,map/tiles/12/2115/1472.png
12,2115,1473,map/tiles/12/2115/1473.png
12,2115,1474,map/tiles/12/2115/1474.png
12,2115,1475,map/tiles/12/2115/1475.png
12,2116,1371,map/tiles/12/2116/1371.png
12,2116,1372,map/tiles/12/2116/1372.png
12,2116,1373,map/tiles/12/2116/1373.png
12,2116,1374,map/tiles/12/2116/1374.png
12,2116,1375,map/tiles/12/2116/1375.png
12,2116,1376,map/tiles/12/2116/1376.png
12,2116,1377,map/tiles/12/2116/1377.png
12,2116,1378,map/tiles/12/2116/1378.png
12,2116,1379,map/tiles/12/2116/1379.png
12,2116,1380,map/tiles/12/2116/1380.png
12,2116,1381,map/tiles/12/2116/1381.png
12,2116,1382,map/tiles/12/2116/1382.png
12,2116,1383,map/tiles/12/2116/1383.png
12,2116,1384,map/tiles/12/2116/1384.png
12,2116,1385,map/tiles/12/2116/1385.png
12,2116,1386,map/tiles/12/2116/1386.png
12,2116,1387,map/tiles/12/2116/1387.png
12,2116,1388,map/tiles/12/2116/1388.png
12,2116,1389,map/tiles/12/2116/1389.png
12,2116,1390,map/tiles/12/2116/1390.png
12,2116,1391,map/tiles/12/2116/1391.png
12,2116,1392,map/tiles/12/2116/1392.png
12,2116,1393,map/tiles/12/2116/1393.png
12,2116,1394,map/tiles/12/2116/1394.png
12,2116,1395,map/tiles/12/2116/1395.png
12,2116,1396,map/tiles/12/2116/1396.png
12,2116,1397,map/tiles/12/2116/1397.png
12,2116,1398,map/tiles/12/2116/1398.png
12,2116,1399,map/tiles/12/2116/1399.png
12,2116,1400,map/tiles/12/2116/1400.png
12,2116,1401,map/tiles/12/2116/1401.png
12,2116,1402,map/tiles/12/2116/1402.png
12,2116,1403,map/tiles/12/2116/1403.png
12,2116,1404,map/tiles/12/2116/1404.png
12,2116,1405,map/tiles/12/2116/1405.png
12,2116,1406,map/tiles/12/2116/1406.png
12,2116,1407,map/tiles/12/2116/1407.png
12,2116,1408,map/tiles/12/2116/1408.png
12,2116,1409,map/tiles/12/2116/1409.png
12,2116,1410,map/tiles/12/2116/1410.png
12,2116,1411,map/tiles/12/2116/1411.png
12,2116,1412,map/tiles/12/2116/1412.png
12,2116,1413,map/tiles/12/2116/1413.png
12,2116,1414,map/tiles/12/2116/1414.png
12,2116,1415,map/tiles/12/2116/1415.png
12,2116,1416,map/tiles/12/2116/1416.png
12,2116,1417,map/tiles/12/2116/1417.png
12,2116,1418,map/tiles/12/2116/1418.png
12,2116,1419,map/tiles/12/2116/1419.png
12,2116,1420,map/tiles/12/2116/1420.png
12,2116,1421,map/tiles/12/2116/1421.png
12,2116,1422,map/tiles/12/2116/1422.png
12,2116,1423,map/tiles/12/2116/1423.png
12,2116,1424,map/tiles/12/2116/1424.png
12,2116,1425,map/tiles/12/2116/1425.png
12,2116,1426,map/tiles/12/2116/1426.png
12,2116,1427,map/tiles/12/2116/1427.png
12,2116,1428,map/tiles/12/2116/1428.png
12,2116,1429,map/tiles/12/2116/1429.png
12,2116,1430,map/tiles/12/2116/1430.png
12,2116,1431,map/tiles/12/2116/1431.png
12,2116,1432,map/tiles/12/2116/1432.png
12,2116,1433,map/tiles/12/2116/1433.png
12,2116,1434,map/tiles/12/2116/1434.png
12,2116,1435,map/tiles/12/2116/1435.png
12,2116,1436,map/tiles/12/2116/1436.png
12,2116,1437,map/tiles/12/2116/1437.png
12,2116,1438,map/tiles/12/2116/1438.png
12,2116,1439,map/tiles/12/2116/1439.png
12,2116,1440,map/tiles/12/2116/1440.png
12,2116,1441,map/tiles/12/2116/1441.png
12,2116,1442,map/tiles/12/2116/1442.png
12,2116,1443,map/tiles/12/2116/1443.png
12,2116,1444,map/tiles/12/2116/1444.png
12,2116,1445,map/tiles/12/2116/1445.png
12,2116,1446,map/tiles/12/2116/1446.png
12,2116,1447,map/tiles/12/2116/1447.png
12,2116,1448,map/tiles/12/2116/1448.png
12,2116,1449,map/tiles/12/2116/1449.png
12,2116,1450,map/tiles/12/2116/1450.png
12,2116,1451,map/tiles/12/2116/1451.png
12,2116,1452,map/tiles/12/2116/1452.png
12,2116,1453,map/tiles/12/2116/1453.png
12,2116,1454,map/tiles/12/2116/1454.png
12,2116,1455,map/tiles/12/2116/1455.png
12,2116,1456,map/tiles/12/2116/1456.png
12,2116,1457,map/tiles/12/2116/1457.png
12,2116,1458,map/tiles/12/2116/1458.png
12,2116,1459,map/tiles/12/2116/1459.png
12,2116,1460,map/tiles/12/2116/1460.png
12,2116,1461,map/tiles/12/2116/1461.png
12,2116,1462,map/tiles/12/2116/1462.png
12,2116,1463,map/tiles/12/2116/1463.png
12,2116,1464,map/tiles/12/2116/1464.png
12,2116,1465,map/tiles/12/2116/1465.png
12,2116,1466,map/tiles/12/2116/1466.png
12,2116,1467,map/tiles/12/2116/1467.png
12,2116,1468,map/tiles/12/2116/1468.png
12,2116,1469,map/tiles/12/2116/1469.png
12,2116,1470,map/tiles/12/2116/1470.png
12,2116,1471,map/tiles/12/2116/1471.png
12,2116,1472,map/tiles/12/2116/1472.png
12,2116,1473,map/tiles/12/2116/1473.png
12,2116,1474,map/tiles/12/2116/1474.png
12,2116,1475,map/tiles/12/2116/1475.png
12,2117,1371,map/tiles/12/2117/1371.png
12,2117,1372,map/tiles/12/2117/1372.png
12,2117,1373,map/tiles/12/2117/1373.png
12,2117,1374,map/tiles/12/2117/1374.png
12,2117,1375,map/tiles/12/2117/1375.png
12,2117,1376,map/tiles/12/2117/1376.png
12,2117,1377,map/tiles/12/2117/1377.png
12,2117,1378,map/tiles/12/2117/1378.png
12,2117,1379,map/tiles/12/2117/1379.png
12,2117,1380,map/tiles/12/2117/1380.png
12,2117,1381,map/tiles/12/2117/1381.png
12,2117,1382,map/tiles/12/2117/1382.png
12,2117,1383,map/tiles/12/2117/1383.png
12,2117,1384,map/tiles/12/2117/1384.png
12,2117,1385,map/tiles/12/2117/1385.png
12,2117,1386,map/tiles/12/2117/1386.png
12,2117,1387,map/tiles/12/2117/1387.png
12,2117,1388,map/tiles/12/2117/1388.png
12,2117,1389,map/tiles/12/2117/1389.png
12,2117,1390,map/tiles/12/2117/1390.png
12,2117,1391,map/tiles/12/2117/1391.png
12,2117,1392,map/tiles/12/2117/1392.png
12,2117,1393,map/tiles/12/2117/1393.png
12,2117,1394,map/tiles/12/2117/1394.png
12,2117,1395,map/tiles/12/2117/1395.png
12,2117,1396,map/tiles/12/2117/1396.png
12,2117,1397,map/tiles/12/2117/1397.png
12,2117,1398,map/tiles/12/2117/1398.png
12,2117,1399,map/tiles/12/2117/1399.png
12,2117,1400,map/tiles/12/2117/1400.png
12,2117,1401,map/tiles/12/2117/1401.png
12,2117,1402,map/tiles/12/2117/1402.png
12,2117,1403,map/tiles/12/2117/1403.png
12,2117,1404,map/tiles/12/2117/1404.png
12,2117,1405,map/tiles/12/2117/1405.png
12,2117,1406,map/tiles/12/2117/1406.png
12,2117,1407,map/tiles/12/2117/1407.png
12,2117,1408,map/tiles/12/2117/1408.png
12,2117,1409,map/tiles/12/2117/1409.png
12,2117,1410,map/tiles/12/2117/1410.png
12,2117,1411,map/tiles/12/2117/1411.png
12,2117,1412,map/tiles/12/2117/1412.png
12,2117,1413,map/tiles/12/2117/1413.png
12,2117,1414,map/tiles/12/2117/1414.png
12,2117,1415,map/tiles/12/2117/1415.png
12,2117,1416,map/tiles/12/2117/1416.png
12,2117,1417,map/tiles/12/2117/1417.png
12,2117,1418,map/tiles/12/2117/1418.png
12,2117,1419,map/tiles/12/2117/1419.png
12,2117,1420,map/tiles/12/2117/1420.png
12,2117,1421,map/tiles/12/2117/1421.png
12,2117,1422,map/tiles/12/2117/1422.png
12,2117,1423,map/tiles/12/2117/1423.png
12,2117,1424,map/tiles/12/2117/1424.png
12,2117,1425,map/tiles/12/2117/1425.png
12,2117,1426,map/tiles/12/2117/1426.png
12,2117,1427,map/tiles/12/2117/1427.png
12,2117,1428,map/tiles/12/2117/1428.png
12,2117,1429,map/tiles/12/2117/1429.png
12,2117,1430,map/tiles/12/2117/1430.png
12,2117,1431,map/tiles/12/2117/1431.png
12,2117,1432,map/tiles/12/2117/1432.png
12,2117,1433,map/tiles/12/2117/1433.png
12,2117,1434,map/tiles/12/2117/1434.png
12,2117,1435,map/tiles/12/2117/1435.png
12,2117,1436,map/tiles/12/2117/1436.png
12,2117,1437,map/tiles/12/2117/1437.png
12,2117,1438,map/tiles/12/2117/1438.png
12,2117,1439,map/tiles/12/2117/1439.png
12,2117,1440,map/tiles/12/2117/1440.png
12,2117,1441,map/tiles/12/2117/1441.png
12,2117,1442,map/tiles/12/2117/1442.png
12,2117,1443,map/tiles/12/2117/1443.png
12,2117,1444,map/tiles/12/2117/1444.png
12,2117,1445,map/tiles/12/2117/1445.png
12,2117,1446,map/tiles/12/2117/1446.png
12,2117,1447,map/tiles/12/2117/1447.png
12,2117,1448,map/tiles/12/2117/1448.png
12,2117,1449,map/tiles/12/2117/1449.png
12,2117,1450,map/tiles/12/2117/1450.png
12,2117,1451,map/tiles/12/2117/1451.png
12,2117,1452,map/tiles/12/2117/1452.png
12,2117,1453,map/tiles/12/2117/1453.png
12,2117,1454,map/tiles/12/2117/1454.png
12,2117,1455,map/tiles/12/2117/1455.png
12,2117,1456,map/tiles/12/2117/1456.png
12,2117,1457,map/tiles/12/2117/1457.png
12,2117,1458,map/tiles/12/2117/1458.png
12,2117,1459,map/tiles/12/2117/1459.png
12,2117,1460,map/tiles/12/2117/1460.png
12,2117,1461,map/tiles/12/2117/1461.png
12,2117,1462,map/tiles/12/2117/1462.png
12,2117,1463,map/tiles/12/2117/1463.png
12,2117,1464,map/tiles/12/2117/1464.png
12,2117,1465,map/tiles/12/2117/1465.png
12,2117,1466,map/tiles/12/2117/1466.png
12,2117,1467,map/tiles/12/2117/1467.png
12,2117,1468,map/tiles/12/2117/1468.png
12,2117,1469,map/tiles/12/2117/1469.png
12,2117,1470,map/tiles/12/2117/1470.png
12,2117,1471,map/tiles/12/2117/1471.png
12,2117,1472,map/tiles/12/2117/1472.png
12,2117,1473,map/tiles/12/2117/1473.png
12,2117,1474,map/tiles/12/2117/1474.png
12,2117,1475,map/tiles/12/2117/1475.png
12,2118,1371,map/tiles/12/2118/1371.png
12,2118,1372,map/tiles/12/2118/1372.png
12,2118,1373,map/tiles/12/2118/1373.png
12,2118,1374,map/tiles/12/2118/1374.png
12,2118,1375,map/tiles/12/2118/1375.png
12,2118,1376,map/tiles/12/2118/1376.png
12,2118,1377,map/tiles/12/2118/1377.png
12,2118,1378,map/tiles/12/2118/1378.png
12,2118,1379,map/tiles/12/2118/1379.png
12,2118,1380,map/tiles/12/2118/1380.png
12,2118,1381,map/tiles/12/2118/1381.png
12,2118,1382,map/tiles/12/2118/1382.png
12,2118,1383,map/tiles/12/2118/1383.png
12,2118,1384,map/tiles/12/2118/1384.png
12,2118,1385,map/tiles/12/2118/1385.png
12,2118,1386,map/tiles/12/2118/1386.png
12,2118,1387,map/tiles/12/2118/1387.png
12,2118,1388,map/tiles/12/2118/1388.png
12,2118,1389,map/tiles/12/2118/1389.png
12,2118,1390,map/tiles/12/2118/1390.png
12,2118,1391,map/tiles/12/2118/1391.png
12,2118,1392,map/tiles/12/2118/1392.png
12,2118,1393,map/tiles/12/2118/1393.png
12,2118,1394,map/tiles/12/2118/1394.png
12,2118,1395,map/tiles/12/2118/1395.png
12,2118,1396,map/tiles/12/2118/1396.png
12,2118,1397,map/tiles/12/2118/1397.png
12,2118,1398,map/tiles/12/2118/1398.png
12,2118,1399,map/tiles/12/2118/1399.png
12,2118,1400,map/tiles/12/2118/1400.png
12,2118,1401,map/tiles/12/2118/1401.png
12,2118,1402,map/tiles/12/2118/1402.png
12,2118,1403,map/tiles/12/2118/1403.png
12,2118,1404,map/tiles/12/2118/1404.png
12,2118,1405,map/tiles/12/2118/1405.png
12,2118,1406,map/tiles/12/2118/1406.png
12,2118,1407,map/tiles/12/2118/1407.png
12,2118,1408,map/tiles/12/2118/1408.png
12,2118,1409,map/tiles/12/2118/1409.png
12,2118,1410,map/tiles/12/2118/1410.png
12,2118,1411,map/tiles/12/2118/1411.png
12,2118,1412,map/tiles/12/2118/1412.png
12,2118,1413,map/tiles/12/2118/1413.png
12,2118,1414,map/tiles/12/2118/1414.png
12,2118,1415,map/tiles/12/2118/1415.png
12,2118,1416,map/tiles/12/2118/1416.png
12,2118,1417,map/tiles/12/2118/1417.png
12,2118,1418,map/tiles/12/2118/1418.png
12,2118,1419,map/tiles/12/2118/1419.png
12,2118,1420,map/tiles/12/2118/1420.png
12,2118,1421,map/tiles/12/2118/1421.png
12,2118,1422,map/tiles/12/2118/1422.png
12,2118,1423,map/tiles/12/2118/1423.png
12,2118,1424,map/tiles/12/2118/1424.png
12,2118,1425,map/tiles/12/2118/1425.png
12,2118,1426,map/tiles/12/2118/1426.png
12,2118,1427,map/tiles/12/2118/1427.png
12,2118,1428,map/tiles/12/2118/1428.png
12,2118,1429,map/tiles/12/2118/1429.png
12,2118,1430,map/tiles/12/2118/1430.png
12,2118,1431,map/tiles/12/2118/1431.png
12,2118,1432,map/tiles/12/2118/1432.png
12,2118,1433,map/tiles/12/2118/1433.png
12,2118,1434,map/tiles/12/2118/1434.png
12,2118,1435,map/tiles/12/2118/1435.png
12,2118,1436,map/tiles/12/2118/1436.png
12,2118,1437,map/tiles/12/2118/1437.png
12,2118,1438,map/tiles/12/2118/1438.png
12,2118,1439,map/tiles/12/2118/1439.png
12,2118,1440,map/tiles/12/2118/1440.png
12,2118,1441,map/tiles/12/2118/1441.png
12,2118,1442,map/tiles/12/2118/1442.png
12,2118,1443,map/tiles/12/2118/1443.png
12,2118,1444,map/tiles/12/2118/1444.png
12,2118,1445,map/tiles/12/2118/1445.png
12,2118,1446,map/tiles/12/2118/1446.png
12,2118,1447,map/tiles/12/2118/1447.png
12,2118,1448,map/tiles/12/2118/1448.png
12,2118,1449,map/tiles/12/2118/1449.png
12,2118,1450,map/tiles/12/2118/1450.png
12,2118,1451,map/tiles/12/2118/1451.png
12,2118,1452,map/tiles/12/2118/1452.png
12,2118,1453,map/tiles/12/2118/1453.png
12,2118,1454,map/tiles/12/2118/1454.png
12,2118,1455,map/tiles/12/2118/1455.png
12,2118,1456,map/tiles/12/2118/1456.png
12,2118,1457,map/tiles/12/2118/1457.png
12,2118,1458,map/tiles/12/2118/1458.png
12,2118,1459,map/tiles/12/2118/1459.png
12,2118,1460,map/tiles/12/2118/1460.png
12,2118,1461,map/tiles/12/2118/1461.png
12,2118,1462,map/tiles/12/2118/1462.png
12,2118,1463,map/tiles/12/2118/1463.png
12,2118,1464,map/tiles/12/2118/1464.png
12,2118,1465,map/tiles/12/2118/1465.png
12,2118,1466,map/tiles/12/2118/1466.png
12,2118,1467,map/tiles/12/2118/1467.png
12,2118,1468,map/tiles/12/2118/1468.png
12,2118,1469,map/tiles/12/2118/1469.png
12,2118,1470,map/tiles/12/2118/1470.png
12,2118,1471,map/tiles/12/2118/1471.png
12,2118,1472,map/tiles/12/2118/1472.png
12,2118,1473,map/tiles/12/2118/1473.png
12,2118,1474,map/tiles/12/2118/1474.png
12,2118,1475,map/tiles/12/2118/1475.png
12,2119,1371,map/tiles/12/2119/1371.png
12,2119,1372,map/tiles/12/2119/1372.png
12,2119,1373,map/tiles/12/2119/1373.png
12,2119,1374,map/tiles/12/2119/1374.png
12,2119,1375,map/tiles/12/2119/1375.png
12,2119,1376,map/tiles/12/2119/1376.png
12,2119,1377,map/tiles/12/2119/1377.png
12,2119,1378,map/tiles/12/2119/1378.png
12,2119,1379,map/tiles/12/2119/1379.png
12,2119,1380,map/tiles/12/2119/1380.png
12,2119,1381,map/tiles/12/2119/1381.png
12,2119,1382,map/tiles/12/2119/1382.png
12,2119,1383,map/tiles/12/2119/1383.png
12,2119,1384,map/tiles/12/2119/1384.png
12,2119,1385,map/tiles/12/2119/1385.png
12,2119,1386,map/tiles/12/2119/1386.png
12,2119,1387,map/tiles/12/2119/1387.png
12,2119,1388,map/tiles/12/2119/1388.png
12,2119,1389,map/tiles/12/2119/1389.png
12,2119,1390,map/tiles/12/2119/1390.png
12,2119,1391,map/tiles/12/2119/1391.png
12,2119,1392,map/tiles/12/2119/1392.png
12,2119,1393,map/tiles/12/2119/1393.png
12,2119,1394,map/tiles/12/2119/1394.png
12,2119,1395,map/tiles/12/2119/1395.png
12,2119,1396,map/tiles/12/2119/1396.png
12,2119,1397,map/tiles/12/2119/1397.png
12,2119,1398,map/tiles/12/2119/1398.png
12,2119,1399,map/tiles/12/2119/1399.png
12,2119,1400,map/tiles/12/2119/1400.png
12,2119,1401,map/tiles/12/2119/1401.png
12,2119,1402,map/tiles/12/2119/1402.png
12,2119,1403,map/tiles/12/2119/1403.png
12,2119,1404,map/tiles/12/2119/1404.png
12,2119,1405,map/tiles/12/2119/1405.png
12,2119,1406,map/tiles/12/2119/1406.png
12,2119,1407,map/tiles/12/2119/1407.png
12,2119,1408,map/tiles/12/2119/1408.png
12,2119,1409,map/tiles/12/2119/1409.png
12,2119,1410,map/tiles/12/2119/1410.png
12,2119,1411,map/tiles/12/2119/1411.png
12,2119,1412,map/tiles/12/2119/1412.png
12,2119,1413,map/tiles/12/2119/1413.png
12,2119,1414,map/tiles/12/2119/1414.png
12,2119,1415,map/tiles/12/2119/1415.png
12,2119,1416,map/tiles/12/2119/1416.png
12,2119,1417,map/tiles/12/2119/1417.png
12,2119,1418,map/tiles/12/2119/1418.png
12,2119,1419,map/tiles/12/2119/1419.png
12,2119,1420,map/tiles/12/2119/1420.png
12,2119,1421,map/tiles/12/2119/1421.png
12,2119,1422,map/tiles/12/2119/1422.png
12,2119,1423,map/tiles/12/2119/1423.png
12,2119,1424,map/tiles/12/2119/1424.png
12,2119,1425,map/tiles/12/2119/1425.png
12,2119,1426,map/tiles/12/2119/1426.png
12,2119,1427,map/tiles/12/2119/1427.png
12,2119,1428,map/tiles/12/2119/1428.png
12,2119,1429,map/tiles/12/2119/1429.png
12,2119,1430,map/tiles/12/2119/1430.png
12,2119,1431,map/tiles/12/2119/1431.png
12,2119,1432,map/tiles/12/2119/1432.png
12,2119,1433,map/tiles/12/2119/1433.png
12,2119,1434,map/tiles/12/2119/1434.png
12,2119,1435,map/tiles/12/2119/1435.png
12,2119,1436,map/tiles/12/2119/1436.png
12,2119,1437,map/tiles/12/2119/1437.png
12,2119,1438,map/tiles/12/2119/1438.png
12,2119,1439,map/tiles/12/2119/1439.png
12,2119,1440,map/tiles/12/2119/1440.png
12,2119,1441,map/tiles/12/2119/1441.png
12,2119,1442,map/tiles/12/2119/1442.png
12,2119,1443,map/tiles/12/2119/1443.png
12,2119,1444,map/tiles/12/2119/1444.png
12,2119,1445,map/tiles/12/2119/1445.png
12,2119,1446,map/tiles/12/2119/1446.png
12,2119,1447,map/tiles/12/2119/1447.png
12,2119,1448,map/tiles/12/2119/1448.png
12,2119,1449,map/tiles/12/2119/1449.png
12,2119,1450,map/tiles/12/2119/1450.png
12,2119,1451,map/tiles/12/2119/1451.png
12,2119,1452,map/tiles/12/2119/1452.png
12,2119,1453,map/tiles/12/2119/1453.png
12,2119,1454,map/tiles/12/2119/1454.png
12,2119,1455,map/tiles/12/2119/1455.png
12,2119,1456,map/tiles/12/2119/1456.png
12,2119,1457,map/tiles/12/2119/1457.png
12,2119,1458,map/tiles/12/2119/1458.png
12,2119,1459,map/tiles/12/2119/1459.png
12,2119,1460,map/tiles/12/2119/1460.png
12,2119,1461,map/tiles/12/2119/1461.png
12,2119,1462,map/tiles/12/2119/1462.png
12,2119,1463,map/tiles/12/2119/1463.png
12,2119,1464,map/tiles/12/2119/1464.png
12,2119,1465,map/tiles/12/2119/1465.png
12,2119,1466,map/tiles/12/2119/1466.png
12,2119,1467,map/tiles/12/2119/1467.png
12,2119,1468,map/tiles/12/2119/1468.png
12,2119,1469,map/tiles/12/2119/1469.png
12,2119,1470,map/tiles/12/2119/1470.png
12,2119,1471,map/tiles/12/2119/1471.png
12,2119,1472,map/tiles/12/2119/1472.png
12,2119,1473,map/tiles/12/2119/1473.png
12,2119,1474,map/tiles/12/2119/1474.png
12,2119,1475,map/tiles/12/2119/1475.png
12,2120,1371,map/tiles/12/2120/1371.png
12,2120,1372,map/tiles/12/2120/1372.png
12,2120,1373,map/tiles/12/2120/1373.png
12,2120,1374,map/tiles/12/2120/1374.png
12,2120,1375,map/tiles/12/2120/1375.png
12,2120,1376,map/tiles/12/2120/1376.png
12,2120,1377,map/tiles/12/2120/1377.png
12,2120,1378,map/tiles/12/2120/1378.png
12,2120,1379,map/tiles/12/2120/1379.png
12,2120,1380,map/tiles/12/2120/1380.png
12,2120,1381,map/tiles/12/2120/1381.png
12,2120,1382,map/tiles/12/2120/1382.png
12,2120,1383,map/tiles/12/2120/1383.png
12,2120,1384,map/tiles/12/2120/1384.png
12,2120,1385,map/tiles/12/2120/1385.png
12,2120,1386,map/tiles/12/2120/1386.png
12,2120,1387,map/tiles/12/2120/1387.png
12,2120,1388,map/tiles/12/2120/1388.png
12,2120,1389,map/tiles/12/2120/1389.png
12,2120,1390,map/tiles/12/2120/1390.png
12,2120,1391,map/tiles/12/2120/1391.png
12,2120,1392,map/tiles/12/2120/1392.png
12,2120,1393,map/tiles/12/2120/1393.png
12,2120,1394,map/tiles/12/2120/1394.png
12,2120,1395,map/tiles/12/2120/1395.png
12,2120,1396,map/tiles/12/2120/1396.png
12,2120,1397,map/tiles/12/2120/1397.png
12,2120,1398,map/tiles/12/2120/1398.png
12,2120,1399,map/tiles/12/2120/1399.png
12,2120,1400,map/tiles/12/2120/1400.png
12,2120,1401,map/tiles/12/2120/1401.png
12,2120,1402,map/tiles/12/2120/1402.png
12,2120,1403,map/tiles/12/2120/1403.png
12,2120,1404,map/tiles/12/2120/1404.png
12,2120,1405,map/tiles/12/2120/1405.png
12,2120,1406,map/tiles/12/2120/1406.png
12,2120,1407,map/tiles/12/2120/1407.png
12,2120,1408,map/tiles/12/2120/1408.png
12,2120,1409,map/tiles/12/2120/1409.png
12,2120,1410,map/tiles/12/2120/1410.png
12,2120,1411,map/tiles/12/2120/1411.png
12,2120,1412,map/tiles/12/2120/1412.png
12,2120,1413,map/tiles/12/2120/1413.png
12,2120,1414,map/tiles/12/2120/1414.png
12,2120,1415,map/tiles/12/2120/1415.png
12,2120,1416,map/tiles/12/2120/1416.png
12,2120,1417,map/tiles/12/2120/1417.png
12,2120,1418,map/tiles/12/2120/1418.png
12,2120,1419,map/tiles/12/2120/1419.png
12,2120,1420,map/tiles/12/2120/1420.png
12,2120,1421,map/tiles/12/2120/1421.png
12,2120,1422,map/tiles/12/2120/1422.png
12,2120,1423,map/tiles/12/2120/1423.png
12,2120,1424,map/tiles/12/2120/1424.png
12,2120,1425,map/tiles/12/2120/1425.png
12,2120,1426,map/tiles/12/2120/1426.png
12,2120,1427,map/tiles/12/2120/1427.png
12,2120,1428,map/tiles/12/2120/1428.png
12,2120,1429,map/tiles/12/2120/1429.png
12,2120,1430,map/tiles/12/2120/1430.png
12,2120,1431,map/tiles/12/2120/1431.png
12,2120,1432,map/tiles/12/2120/1432.png
12,2120,1433,map/tiles/12/2120/1433.png
12,2120,1434,map/tiles/12/2120/1434.png
12,2120,1435,map/tiles/12/2120/1435.png
12,2120,1436,map/tiles/12/2120/1436.png
12,2120,1437,map/tiles/12/2120/1437.png
12,2120,1438,map/tiles/12/2120/1438.png
12,2120,1439,map/tiles/12/2120/1439.png
12,2120,1440,map/tiles/12/2120/1440.png
12,2120,1441,map/tiles/12/2120/1441.png
12,2120,1442,map/tiles/12/2120/1442.png
12,2120,1443,map/tiles/12/2120/1443.png
12,2120,1444,map/tiles/12/2120/1444.png
12,2120,1445,map/tiles/12/2120/1445.png
12,2120,1446,map/tiles/12/2120/1446.png
12,2120,1447,map/tiles/12/2120/1447.png
12,2120,1448,map/tiles/12/2120/1448.png
12,2120,1449,map/tiles/12/2120/1449.png
12,2120,1450,map/tiles/12/2120/1450.png
12,2120,1451,map/tiles/12/2120/1451.png
12,2120,1452,map/tiles/12/2120/1452.png
12,2120,1453,map/tiles/12/2120/1453.png
12,2120,1454,map/tiles/12/2120/1454.png
12,2120,1455,map/tiles/12/2120/1455.png
12,2120,1456,map/tiles/12/2120/1456.png
12,2120,1457,map/tiles/12/2120/1457.png
12,2120,1458,map/tiles/12/2120/1458.png
12,2120,1459,map/tiles/12/2120/1459.png
12,2120,1460,map/tiles/12/2120/1460.png
12,2120,1461,map/tiles/12/2120/1461.png
12,2120,1462,map/tiles/12/2120/1462.png
12,2120,1463,map/tiles/12/2120/1463.png
12,2120,1464,map/tiles/12/2120/1464.png
12,2120,1465,map/tiles/12/2120/1465.png
12,2120,1466,map/tiles/12/2120/1466.png
12,2120,1467,map/tiles/12/2120/1467.png
12,2120,1468,map/tiles/12/2120/1468.png
12,2120,1469,map/tiles/12/2120/1469.png
12,2120,1470,map/tiles/12/2120/1470.png
12,2120,1471,map/tiles/12/2120/1471.png
12,2120,1472,map/tiles/12/2120/1472.png
12,2120,1473,map/tiles/12/2120/1473.png
12,2120,1474,map/tiles/12/2120/1474.png
12,2120,1475,map/tiles/12/2120/1475.png
12,2121,1371,map/tiles/12/2121/1371.png
12,2121,1372,map/tiles/12/2121/1372.png
12,2121,1373,map/tiles/12/2121/1373.png
12,2121,1374,map/tiles/12/2121/1374.png
12,2121,1375,map/tiles/12/2121/1375.png
12,2121,1376,map/tiles/12/2121/1376.png
12,2121,1377,map/tiles/12/2121/1377.png
12,2121,1378,map/tiles/12/2121/1378.png
12,2121,1379,map/tiles/12/2121/1379.png
12,2121,1380,map/tiles/12/2121/1380.png
12,2121,1381,map/tiles/12/2121/1381.png
12,2121,1382,map/tiles/12/2121/1382.png
12,2121,1383,map/tiles/12/2121/1383.png
12,2121,1384,map/tiles/12/2121/1384.png
12,2121,1385,map/tiles/12/2121/1385.png
12,2121,1386,map/tiles/12/2121/1386.png
12,2121,1387,map/tiles/12/2121/1387.png
12,2121,1388,map/tiles/12/2121/1388.png
12,2121,1389,map/tiles/12/2121/1389.png
12,2121,1390,map/tiles/12/2121/1390.png
12,2121,1391,map/tiles/12/2121/1391.png
12,2121,1392,map/tiles/12/2121/1392.png
12,2121,1393,map/tiles/12/2121/1393.png
12,2121,1394,map/tiles/12/2121/1394.png
12,2121,1395,map/tiles/12/2121/1395.png
12,2121,1396,map/tiles/12/2121/1396.png
12,2121,1397,map/tiles/12/2121/1397.png
12,2121,1398,map/tiles/12/2121/1398.png
12,2121,1399,map/tiles/12/2121/1399.png
12,2121,1400,map/tiles/12/2121/1400.png
12,2121,1401,map/tiles/12/2121/1401.png
12,2121,1402,map/tiles/12/2121/1402.png
12,2121,1403,map/tiles/12/2121/1403.png
12,2121,1404,map/tiles/12/2121/1404.png
12,2121,1405,map/tiles/12/2121/1405.png
12,2121,1406,map/tiles/12/2121/1406.png
12,2121,1407,map/tiles/12/2121/1407.png
12,2121,1408,map/tiles/12/2121/1408.png
12,2121,1409,map/tiles/12/2121/1409.png
12,2121,1410,map/tiles/12/2121/1410.png
12,2121,1411,map/tiles/12/2121/1411.png
12,2121,1412,map/tiles/12/2121/1412.png
12,2121,1413,map/tiles/12/2121/1413.png
12,2121,1414,map/tiles/12/2121/1414.png
12,2121,1415,map/tiles/12/2121/1415.png
12,2121,1416,map/tiles/12/2121/1416.png
12,2121,1417,map/tiles/12/2121/1417.png
12,2121,1418,map/tiles/12/2121/1418.png
12,2121,1419,map/tiles/12/2121/1419.png
12,2121,1420,map/tiles/12/2121/1420.png
12,2121,1421,map/tiles/12/2121/1421.png
12,2121,1422,map/tiles/12/2121/1422.png
12,2121,1423,map/tiles/12/2121/1423.png
12,2121,1424,map/tiles/12/2121/1424.png
12,2121,1425,map/tiles/12/2121/1425.png
12,2121,1426,map/tiles/12/2121/1426.png
12,2121,1427,map/tiles/12/2121/1427.png
12,2121,1428,map/tiles/12/2121/1428.png
12,2121,1429,map/tiles/12/2121/1429.png
12,2121,1430,map/tiles/12/2121/1430.png
12,2121,1431,map/tiles/12/2121/1431.png
12,2121,1432,map/tiles/12/2121/1432.png
12,2121,1433,map/tiles/12/2121/1433.png
12,2121,1434,map/tiles/12/2121/1434.png
12,2121,1435,map/tiles/12/2121/1435.png
12,2121,1436,map/tiles/12/2121/1436.png
12,2121,1437,map/tiles/12/2121/1437.png
12,2121,1438,map/tiles/12/2121/1438.png
12,2121,1439,map/tiles/12/2121/1439.png
12,2121,1440,map/tiles/12/2121/1440.png
12,2121,1441,map/tiles/12/2121/1441.png
12,2121,1442,map/tiles/12/2121/1442.png
12,2121,1443,map/tiles/12/2121/1443.png
12,2121,1444,map/tiles/12/2121/1444.png
12,2121,1445,map/tiles/12/2121/1445.png
12,2121,1446,map/tiles/12/2121/1446.png
12,2121,1447,map/tiles/12/2121/1447.png
12,2121,1448,map/tiles/12/2121/1448.png
12,2121,1449,map/tiles/12/2121/1449.png
12,2121,1450,map/tiles/12/2121/1450.png
12,2121,1451,map/tiles/12/2121/1451.png
12,2121,1452,map/tiles/12/2121/1452.png
12,2121,1453,map/tiles/12/2121/1453.png
12,2121,1454,map/tiles/12/2121/1454.png
12,2121,1455,map/tiles/12/2121/1455.png
12,2121,1456,map/tiles/12/2121/1456.png
12,2121,1457,map/tiles/12/2121/1457.png
12,2121,1458,map/tiles/12/2121/1458.png
12,2121,1459,map/tiles/12/2121/1459.png
12,2121,1460,map/tiles/12/2121/1460.png
12,2121,1461,map/tiles/12/2121/1461.png
12,2121,1462,map/tiles/12/2121/1462.png
12,2121,1463,map/tiles/12/2121/1463.png
12,2121,1464,map/tiles/12/2121/1464.png
12,2121,1465,map/tiles/12/2121/1465.png
12,2121,1466,map/tiles/12/2121/1466.png
12,2121,1467,map/tiles/12/2121/1467.png
12,2121,1468,map/tiles/12/2121/1468.png
12,2121,1469,map/tiles/12/2121/1469.png
12,2121,1470,map/tiles/12/2121/1470.png
12,2121,1471,map/tiles/12/2121/1471.png
12,2121,1472,map/tiles/12/2121/1472.png
12,2121,1473,map/tiles/12/2121/1473.png
12,2121,1474,map/tiles/12/2121/1474.png
12,2121,1475,map/tiles/12/2121/1475.png
12,2122,1371,map/tiles/12/2122/1371.png
12,2122,1372,map/tiles/12/2122/1372.png
12,2122,1373,map/tiles/12/2122/1373.png
12,2122,1374,map/tiles/12/2122/1374.png
12,2122,1375,map/tiles/12/2122/1375.png
12,2122,1376,map/tiles/12/2122/1376.png
12,2122,1377,map/tiles/12/2122/1377.png
12,2122,1378,map/tiles/12/2122/1378.png
12,2122,1379,map/tiles/12/2122/1379.png
12,2122,1380,map/tiles/12/2122/1380.png
12,2122,1381,map/tiles/12/2122/1381.png
12,2122,1382,map/tiles/12/2122/1382.png
12,2122,1383,map/tiles/12/2122/1383.png
12,2122,1384,map/tiles/12/2122/1384.png
12,2122,1385,map/tiles/12/2122/1385.png
12,2122,1386,map/tiles/12/2122/1386.png
12,2122,1387,map/tiles/12/2122/1387.png
12,2122,1388,map/tiles/12/2122/1388.png
12,2122,1389,map/tiles/12/2122/1389.png
12,2122,1390,map/tiles/12/2122/1390.png
12,2122,1391,map/tiles/12/2122/1391.png
12,2122,1392,map/tiles/12/2122/1392.png
12,2122,1393,map/tiles/12/2122/1393.png
12,2122,1394,map/tiles/12/2122/1394.png
12,2122,1395,map/tiles/12/2122/1395.png
12,2122,1396,map/tiles/12/2122/1396.png
12,2122,1397,map/tiles/12/2122/1397.png
12,2122,1398,map/tiles/12/2122/1398.png
12,2122,1399,map/tiles/12/2122/1399.png
12,2122,1400,map/tiles/12/2122/1400.png
12,2122,1401,map/tiles/12/2122/1401.png
12,2122,1402,map/tiles/12/2122/1402.png
12,2122,1403,map/tiles/12/2122/1403.png
12,2122,1404,map/tiles/12/2122/1404.png
12,2122,1405,map/tiles/12/2122/1405.png
12,2122,1406,map/tiles/12/2122/1406.png
12,2122,1407,map/tiles/12/2122/1407.png
12,2122,1408,map/tiles/12/2122/1408.png
12,2122,1409,map/tiles/12/2122/1409.png
12,2122,1410,map/tiles/12/2122/1410.png
12,2122,1411,map/tiles/12/2122/1411.png
12,2122,1412,map/tiles/12/2122/1412.png
12,2122,1413,map/tiles/12/2122/1413.png
12,2122,1414,map/tiles/12/2122/1414.png
12,2122,1415,map/tiles/12/2122/1415.png
12,2122,1416,map/tiles/12/2122/1416.png
12,2122,1417,map/tiles/12/2122/1417.png
12,2122,1418,map/tiles/12/2122/1418.png
12,2122,1419,map/tiles/12/2122/1419.png
12,2122,1420,map/tiles/12/2122/1420.png
12,2122,1421,map/tiles/12/2122/1421.png
12,2122,1422,map/tiles/12/2122/1422.png
12,2122,1423,map/tiles/12/2122/1423.png
12,2122,1424,map/tiles/12/2122/1424.png
12,2122,1425,map/tiles/12/2122/1425.png
12,2122,1426,map/tiles/12/2122/1426.png
12,2122,1427,map/tiles/12/2122/1427.png
12,2122,1428,map/tiles/12/2122/1428.png
12,2122,1429,map/tiles/12/2122/1429.png
12,2122,1430,map/tiles/12/2122/1430.png
12,2122,1431,map/tiles/12/2122/1431.png
12,2122,1432,map/tiles/12/2122/1432.png
12,2122,1433,map/tiles/12/2122/1433.png
12,2122,1434,map/tiles/12/2122/1434.png
12,2122,1435,map/tiles/12/2122/1435.png
12,2122,1436,map/tiles/12/2122/1436.png
12,2122,1437,map/tiles/12/2122/1437.png
12,2122,1438,map/tiles/12/2122/1438.png
12,2122,1439,map/tiles/12/2122/1439.png
12,2122,1440,map/tiles/12/2122/1440.png
12,2122,1441,map/tiles/12/2122/1441.png
12,2122,1442,map/tiles/12/2122/1442.png
12,2122,1443,map/tiles/12/2122/1443.png
12,2122,1444,map/tiles/12/2122/1444.png
12,2122,1445,map/tiles/12/2122/1445.png
12,2122,1446,map/tiles/12/2122/1446.png
12,2122,1447,map/tiles/12/2122/1447.png
12,2122,1448,map/tiles/12/2122/1448.png
12,2122,1449,map/tiles/12/2122/1449.png
12,2122,1450,map/tiles/12/2122/1450.png
12,2122,1451,map/tiles/12/2122/1451.png
12,2122,1452,map/tiles/12/2122/1452.png
12,2122,1453,map/tiles/12/2122/1453.png
12,2122,1454,map/tiles/12/2122/1454.png
12,2122,1455,map/tiles/12/2122/1455.png
12,2122,1456,map/tiles/12/2122/1456.png
12,2122,1457,map/tiles/12/2122/1457.png
12,2122,1458,map/tiles/12/2122/1458.png
12,2122,1459,map/tiles/12/2122/1459.png
12,2122,1460,map/tiles/12/2122/1460.png
12,2122,1461,map/tiles/12/2122/1461.png
12,2122,1462,map/tiles/12/2122/1462.png
12,2122,1463,map/tiles/12/2122/1463.png
12,2122,1464,map/tiles/12/2122/1464.png
12,2122,1465,map/tiles/12/2122/1465.png
12,2122,1466,map/tiles/12/2122/1466.png
12,2122,1467,map/tiles/12/2122/1467.png
12,2122,1468,map/tiles/12/2122/1468.png
12,2122,1469,map/tiles/12/2122/1469.png
12,2122,1470,map/tiles/12/2122/1470.png
12,2122,1471,map/tiles/12/2122/1471.png
12,2122,1472,map/tiles/12/2122/1472.png
12,2122,1473,map/tiles/12/2122/1473.png
12,2122,1474,map/tiles/12/2122/1474.png
12,2122,1475,map/tiles/12/2122/1475.png
12,2123,1371,map/tiles/12/2123/1371.png
12,2123,1372,map/tiles/12/2123/1372.png
12,2123,1373,map/tiles/12/2123/1373.png
12,2123,1374,map/tiles/12/2123/1374.png
12,2123,1375,map/tiles/12/2123/1375.png
12,2123,1376,map/tiles/12/2123/1376.png
12,2123,1377,map/tiles/12/2123/1377.png
12,2123,1378,map/tiles/12/2123/1378.png
12,2123,1379,map/tiles/12/2123/1379.png
12,2123,1380,map/tiles/12/2123/1380.png
12,2123,1381,map/tiles/12/2123/1381.png
12,2123,1382,map/tiles/12/2123/1382.png
12,2123,1383,map/tiles/12/2123/1383.png
12,2123,1384,map/tiles/12/2123/1384.png
12,2123,1385,map/tiles/12/2123/1385.png
12,2123,1386,map/tiles/12/2123/1386.png
12,2123,1387,map/tiles/12/2123/1387.png
12,2123,1388,map/tiles/12/2123/1388.png
12,2123,1389,map/tiles/12/2123/1389.png
12,2123,1390,map/tiles/12/2123/1390.png
12,2123,1391,map/tiles/12/2123/1391.png
12,2123,1392,map/tiles/12/2123/1392.png
12,2123,1393,map/tiles/12/2123/1393.png
12,2123,1394,map/tiles/12/2123/1394.png
12,2123,1395,map/tiles/12/2123/1395.png
12,2123,1396,map/tiles/12/2123/1396.png
12,2123,1397,map/tiles/12/2123/1397.png
12,2123,1398,map/tiles/12/2123/1398.png
12,2123,1399,map/tiles/12/2123/1399.png
12,2123,1400,map/tiles/12/2123/1400.png
12,2123,1401,map/tiles/12/2123/1401.png
12,2123,1402,map/tiles/12/2123/1402.png
12,2123,1403,map/tiles/12/2123/1403.png
12,2123,1404,map/tiles/12/2123/1404.png
12,2123,1405,map/tiles/12/2123/1405.png
12,2123,1406,map/tiles/12/2123/1406.png
12,2123,1407,map/tiles/12/2123/1407.png
12,2123,1408,map/tiles/12/2123/1408.png
12,2123,1409,map/tiles/12/2123/1409.png
12,2123,1410,map/tiles/12/2123/1410.png
12,2123,1411,map/tiles/12/2123/1411.png
12,2123,1412,map/tiles/12/2123/1412.png
12,2123,1413,map/tiles/12/2123/1413.png
12,2123,1414,map/tiles/12/2123/1414.png
12,2123,1415,map/tiles/12/2123/1415.png
12,2123,1416,map/tiles/12/2123/1416.png
12,2123,1417,map/tiles/12/2123/1417.png
12,2123,1418,map/tiles/12/2123/1418.png
12,2123,1419,map/tiles/12/2123/1419.png
12,2123,1420,map/tiles/12/2123/1420.png
12,2123,1421,map/tiles/12/2123/1421.png
12,2123,1422,map/tiles/12/2123/1422.png
12,2123,1423,map/tiles/12/2123/1423.png
12,2123,1424,map/tiles/12/2123/1424.png
12,2123,1425,map/tiles/12/2123/1425.png
12,2123,1426,map/tiles/12/2123/1426.png
12,2123,1427,map/tiles/12/2123/1427.png
12,2123,1428,map/tiles/12/2123/1428.png
12,2123,1429,map/tiles/12/2123/1429.png
12,2123,1430,map/tiles/12/2123/1430.png
12,2123,1431,map/tiles/12/2123/1431.png
12,2123,1432,map/tiles/12/2123/1432.png
12,2123,1433,map/tiles/12/2123/1433.png
12,2123,1434,map/tiles/12/2123/1434.png
12,2123,1435,map/tiles/12/2123/1435.png
12,2123,1436,map/tiles/12/2123/1436.png
12,2123,1437,map/tiles/12/2123/1437.png
12,2123,1438,map/tiles/12/2123/1438.png
12,2123,1439,map/tiles/12/2123/1439.png
12,2123,1440,map/tiles/12/2123/1440.png
12,2123,1441,map/tiles/12/2123/1441.png
12,2123,1442,map/tiles/12/2123/1442.png
12,2123,1443,map/tiles/12/2123/1443.png
12,2123,1444,map/tiles/12/2123/1444.png
12,2123,1445,map/tiles/12/2123/1445.png
12,2123,1446,map/tiles/12/2123/1446.png
12,2123,1447,map/tiles/12/2123/1447.png
12,2123,1448,map/tiles/12/2123/1448.png
12,2123,1449,map/tiles/12/2123/1449.png
12,2123,1450,map/tiles/12/2123/1450.png
12,2123,1451,map/tiles/12/2123/1451.png
12,2123,1452,map/tiles/12/2123/1452.png
12,2123,1453,map/tiles/12/2123/1453.png
12,2123,1454,map/tiles/12/2123/1454.png
12,2123,1455,map/tiles/12/2123/1455.png
12,2123,1456,map/tiles/12/2123/1456.png
12,2123,1457,map/tiles/12/2123/1457.png
12,2123,1458,map/tiles/12/2123/1458.png
12,2123,1459,map/tiles/12/2123/1459.png
12,2123,1460,map/tiles/12/2123/1460.png
12,2123,1461,map/tiles/12/2123/1461.png
12,2123,1462,map/tiles/12/2123/1462.png
12,2123,1463,map/tiles/12/2123/1463.png
12,2123,1464,map/tiles/12/2123/1464.png
12,2123,1465,map/tiles/12/2123/1465.png
12,2123,1466,map/tiles/12/2123/1466.png
12,2123,1467,map/tiles/12/2123/1467.png
12,2123,1468,map/tiles/12/2123/1468.png
12,2123,1469,map/tiles/12/2123/1469.png
12,2123,1470,map/tiles/12/2123/1470.png
12,2123,1471,map/tiles/12/2123/1471.png
12,2123,1472,map/tiles/12/2123/1472.png
12,2123,1473,map/tiles/12/2123/1473.png
12,2123,1474,map/tiles/12/2123/1474.png
12,2123,1475,map/tiles/12/2123/1475.png
12,2124,1371,map/tiles/12/2124/1371.png
12,2124,1372,map/tiles/12/2124/1372.png
12,2124,1373,map/tiles/12/2124/1373.png
12,2124,1374,map/tiles/12/2124/1374.png
12,2124,1375,map/tiles/12/2124/1375.png
12,2124,1376,map/tiles/12/2124/1376.png
12,2124,1377,map/tiles/12/2124/1377.png
12,2124,1378,map/tiles/12/2124/1378.png
12,2124,1379,map/tiles/12/2124/1379.png
12,2124,1380,map/tiles/12/2124/1380.png
12,2124,1381,map/tiles/12/2124/1381.png
12,2124,1382,map/tiles/12/2124/1382.png
12,2124,1383,map/tiles/12/2124/1383.png
12,2124,1384,map/tiles/12/2124/1384.png
12,2124,1385,map/tiles/12/2124/1385.png
12,2124,1386,map/tiles/12/2124/1386.png
12,2124,1387,map/tiles/12/2124/1387.png
12,2124,1388,map/tiles/12/2124/1388.png
12,2124,1389,map/tiles/12/2124/1389.png
12,2124,1390,map/tiles/12/2124/1390.png
12,2124,1391,map/tiles/12/2124/1391.png
12,2124,1392,map/tiles/12/2124/1392.png
12,2124,1393,map/tiles/12/2124/1393.png
12,2124,1394,map/tiles/12/2124/1394.png
12,2124,1395,map/tiles/12/2124/1395.png
12,2124,1396,map/tiles/12/2124/1396.png
12,2124,1397,map/tiles/12/2124/1397.png
12,2124,1398,map/tiles/12/2124/1398.png
12,2124,1399,map/tiles/12/2124/1399.png
12,2124,1400,map/tiles/12/2124/1400.png
12,2124,1401,map/tiles/12/2124/1401.png
12,2124,1402,map/tiles/12/2124/1402.png
12,2124,1403,map/tiles/12/2124/1403.png
12,2124,1404,map/tiles/12/2124/1404.png
12,2124,1405,map/tiles/12/2124/1405.png
12,2124,1406,map/tiles/12/2124/1406.png
12,2124,1407,map/tiles/12/2124/1407.png
12,2124,1408,map/tiles/12/2124/1408.png
12,2124,1409,map/tiles/12/2124/1409.png
12,2124,1410,map/tiles/12/2124/1410.png
12,2124,1411,map/tiles/12/2124/1411.png
12,2124,1412,map/tiles/12/2124/1412.png
12,2124,1413,map/tiles/12/2124/1413.png
12,2124,1414,map/tiles/12/2124/1414.png
12,2124,1415,map/tiles/12/2124/1415.png
12,2124,1416,map/tiles/12/2124/1416.png
12,2124,1417,map/tiles/12/2124/1417.png
12,2124,1418,map/tiles/12/2124/1418.png
12,2124,1419,map/tiles/12/2124/1419.png
12,2124,1420,map/tiles/12/2124/1420.png
12,2124,1421,map/tiles/12/2124/1421.png
12,2124,1422,map/tiles/12/2124/1422.png
12,2124,1423,map/tiles/12/2124/1423.png
12,2124,1424,map/tiles/12/2124/1424.png
12,2124,1425,map/tiles/12/2124/1425.png
12,2124,1426,map/tiles/12/2124/1426.png
12,2124,1427,map/tiles/12/2124/1427.png
12,2124,1428,map/tiles/12/2124/1428.png
12,2124,1429,map/tiles/12/2124/1429.png
12,2124,1430,map/tiles/12/2124/1430.png
12,2124,1431,map/tiles/12/2124/1431.png
12,2124,1432,map/tiles/12/2124/1432.png
12,2124,1433,map/tiles/12/2124/1433.png
12,2124,1434,map/tiles/12/2124/1434.png
12,2124,1435,map/tiles/12/2124/1435.png
12,2124,1436,map/tiles/12/2124/1436.png
12,2124,1437,map/tiles/12/2124/1437.png
12,2124,1438,map/tiles/12/2124/1438.png
12,2124,1439,map/tiles/12/2124/1439.png
12,2124,1440,map/tiles/12/2124/1440.png
12,2124,1441,map/tiles/12/2124/1441.png
12,2124,1442,map/tiles/12/2124/1442.png
12,2124,1443,map/tiles/12/2124/1443.png
12,2124,1444,map/tiles/12/2124/1444.png
12,2124,1445,map/tiles/12/2124/1445.png
12,2124,1446,map/tiles/12/2124/1446.png
12,2124,1447,map/tiles/12/2124/1447.png
12,2124,1448,map/tiles/12/2124/1448.png
12,2124,1449,map/tiles/12/2124/1449.png
12,2124,1450,map/tiles/12/2124/1450.png
12,2124,1451,map/tiles/12/2124/1451.png
12,2124,1452,map/tiles/12/2124/1452.png
12,2124,1453,map/tiles/12/2124/1453.png
12,2124,1454,map/tiles/12/2124/1454.png
12,2124,1455,map/tiles/12/2124/1455.png
12,2124,1456,map/tiles/12/2124/1456.png
12,2124,1457,map/tiles/12/2124/1457.png
12,2124,1458,map/tiles/12/2124/1458.png
12,2124,1459,map/tiles/12/2124/1459.png
12,2124,1460,map/tiles/12/2124/1460.png
12,2124,1461,map/tiles/12/2124/1461.png
12,2124,1462,map/tiles/12/2124/1462.png
12,2124,1463,map/tiles/12/2124/1463.png
12,2124,1464,map/tiles/12/2124/1464.png
12,2124,1465,map/tiles/12/2124/1465.png
12,2124,1466,map/tiles/12/2124/1466.png
12,2124,1467,map/tiles/12/2124/1467.png
12,2124,1468,map/tiles/12/2124/1468.png
12,2124,1469,map/tiles/12/2124/1469.png
12,2124,1470,map/tiles/12/2124/1470.png
12,2124,1471,map/tiles/12/2124/1471.png
12,2124,1472,map/tiles/12/2124/1472.png
12,2124,1473,map/tiles/12/2124/1473.png
12,2124,1474,map/tiles/12/2124/1474.png
12,2124,1475,map/tiles/12/2124/1475.png
12,2125,1371,map/tiles/12/2125/1371.png
12,2125,1372,map/tiles/12/2125/1372.png
12,2125,1373,map/tiles/12/2125/1373.png
12,2125,1374,map/tiles/12/2125/1374.png
12,2125,1375,map/tiles/12/2125/1375.png
12,2125,1376,map/tiles/12/2125/1376.png
12,2125,1377,map/tiles/12/2125/1377.png
12,2125,1378,map/tiles/12/2125/1378.png
12,2125,1379,map/tiles/12/2125/1379.png
12,2125,1380,map/tiles/12/2125/1380.png
12,2125,1381,map/tiles/12/2125/1381.png
12,2125,1382,map/tiles/12/2125/1382.png
12,2125,1383,map/tiles/12/2125/1383.png
12,2125,1384,map/tiles/12/2125/1384.png
12,2125,1385,map/tiles/12/2125/1385.png
12,2125,1386,map/tiles/12/2125/1386.png
12,2125,1387,map/tiles/12/2125/1387.png
12,2125,1388,map/tiles/12/2125/1388.png
12,2125,1389,map/tiles/12/2125/1389.png
12,2125,1390,map/tiles/12/2125/1390.png
12,2125,1391,map/tiles/12/2125/1391.png
12,2125,1392,map/tiles/12/2125/1392.png
12,2125,1393,map/tiles/12/2125/1393.png
12,2125,1394,map/tiles/12/2125/1394.png
12,2125,1395,map/tiles/12/2125/1395.png
12,2125,1396,map/tiles/12/2125/1396.png
12,2125,1397,map/tiles/12/2125/1397.png
12,2125,1398,map/tiles/12/2125/1398.png
12,2125,1399,map/tiles/12/2125/1399.png
12,2125,1400,map/tiles/12/2125/1400.png
12,2125,1401,map/tiles/12/2125/1401.png
12,2125,1402,map/tiles/12/2125/1402.png
12,2125,1403,map/tiles/12/2125/1403.png
12,2125,1404,map/tiles/12/2125/1404.png
12,2125,1405,map/tiles/12/2125/1405.png
12,2125,1406,map/tiles/12/2125/1406.png
12,2125,1407,map/tiles/12/2125/1407.png
12,2125,1408,map/tiles/12/2125/1408.png
12,2125,1409,map/tiles/12/2125/1409.png
12,2125,1410,map/tiles/12/2125/1410.png
12,2125,1411,map/tiles/12/2125/1411.png
12,2125,1412,map/tiles/12/2125/1412.png
12,2125,1413,map/tiles/12/2125/1413.png
12,2125,1414,map/tiles/12/2125/1414.png
12,2125,1415,map/tiles/12/2125/1415.png
12,2125,1416,map/tiles/12/2125/1416.png
12,2125,1417,map/tiles/12/2125/1417.png
12,2125,1418,map/tiles/12/2125/1418.png
12,2125,1419,map/tiles/12/2125/1419.png
12,2125,1420,map/tiles/12/2125/1420.png
12,2125,1421,map/tiles/12/2125/1421.png
12,2125,1422,map/tiles/12/2125/1422.png
12,2125,1423,map/tiles/12/2125/1423.png
12,2125,1424,map/tiles/12/2125/1424.png
12,2125,1425,map/tiles/12/2125/1425.png
12,2125,1426,map/tiles/12/2125/1426.png
12,2125,1427,map/tiles/12/2125/1427.png
12,2125,1428,map/tiles/12/2125/1428.png
12,2125,1429,map/tiles/12/2125/1429.png
12,2125,1430,map/tiles/12/2125/1430.png
12,2125,1431,map/tiles/12/2125/1431.png
12,2125,1432,map/tiles/12/2125/1432.png
12,2125,1433,map/tiles/12/2125/1433.png
12,2125,1434,map/tiles/12/2125/1434.png
12,2125,1435,map/tiles/12/2125/1435.png
12,2125,1436,map/tiles/12/2125/1436.png
12,2125,1437,map/tiles/12/2125/1437.png
12,2125,1438,map/tiles/12/2125/1438.png
12,2125,1439,map/tiles/12/2125/1439.png
12,2125,1440,map/tiles/12/2125/1440.png
12,2125,1441,map/tiles/12/2125/1441.png
12,2125,1442,map/tiles/12/2125/1442.png
12,2125,1443,map/tiles/12/2125/1443.png
12,2125,1444,map/tiles/12/2125/1444.png
12,2125,1445,map/tiles/12/2125/1445.png
12,2125,1446,map/tiles/12/2125/1446.png
12,2125,1447,map/tiles/12/2125/1447.png
12,2125,1448,map/tiles/12/2125/1448.png
12,2125,1449,map/tiles/12/2125/1449.png
12,2125,1450,map/tiles/12/2125/1450.png
12,2125,1451,map/tiles/12/2125/1451.png
12,2125,1452,map/tiles/12/2125/1452.png
12,2125,1453,map/tiles/12/2125/1453.png
12,2125,1454,map/tiles/12/2125/1454.png
12,2125,1455,map/tiles/12/2125/1455.png
12,2125,1456,map/tiles/12/2125/1456.png
12,2125,1457,map/tiles/12/2125/1457.png
12,2125,1458,map/tiles/12/2125/1458.png
12,2125,1459,map/tiles/12/2125/1459.png
12,2125,1460,map/tiles/12/2125/1460.png
12,2125,1461,map/tiles/12/2125/1461.png
12,2125,1462,map/tiles/12/2125/1462.png
12,2125,1463,map/tiles/12/2125/1463.png
12,2125,1464,map/tiles/12/2125/1464.png
12,2125,1465,map/tiles/12/2125/1465.png
12,2125,1466,map/tiles/12/2125/1466.png
12,2125,1467,map/tiles/12/2125/1467.png
12,2125,1468,map/tiles/12/2125/1468.png
12,2125,1469,map/tiles/12/2125/1469.png
12,2125,1470,map/tiles/12/2125/1470.png
12,2125,1471,map/tiles/12/2125/1471.png
12,2125,1472,map/tiles/12/2125/1472.png
12,2125,1473,map/tiles/12/2125/1473.png
12,2125,1474,map/tiles/12/2125/1474.png
12,2125,1475,map/tiles/12/2125/1475.png
12,2126,1371,map/tiles/12/2126/1371.png
12,2126,1372,map/tiles/12/2126/1372.png
12,2126,1373,map/tiles/12/2126/1373.png
12,2126,1374,map/tiles/12/2126/1374.png
12,2126,1375,map/tiles/12/2126/1375.png
12,2126,1376,map/tiles/12/2126/1376.png
12,2126,1377,map/tiles/12/2126/1377.png
12,2126,1378,map/tiles/12/2126/1378.png
12,2126,1379,map/tiles/12/2126/1379.png
12,2126,1380,map/tiles/12/2126/1380.png
12,2126,1381,map/tiles/12/2126/1381.png
12,2126,1382,map/tiles/12/2126/1382.png
12,2126,1383,map/tiles/12/2126/1383.png
12,2126,1384,map/tiles/12/2126/1384.png
12,2126,1385,map/tiles/12/2126/1385.png
12,2126,1386,map/tiles/12/2126/1386.png
12,2126,1387,map/tiles/12/2126/1387.png
12,2126,1388,map/tiles/12/2126/1388.png
12,2126,1389,map/tiles/12/2126/1389.png
12,2126,1390,map/tiles/12/2126/1390.png
12,2126,1391,map/tiles/12/2126/1391.png
12,2126,1392,map/tiles/12/2126/1392.png
12,2126,1393,map/tiles/12/2126/1393.png
12,2126,1394,map/tiles/12/2126/1394.png
12,2126,1395,map/tiles/12/2126/1395.png
12,2126,1396,map/tiles/12/2126/1396.png
12,2126,1397,map/tiles/12/2126/1397.png
12,2126,1398,map/tiles/12/2126/1398.png
12,2126,1399,map/tiles/12/2126/1399.png
12,2126,1400,map/tiles/12/2126/1400.png
12,2126,1401,map/tiles/12/2126/1401.png
12,2126,1402,map/tiles/12/2126/1402.png
12,2126,1403,map/tiles/12/2126/1403.png
12,2126,1404,map/tiles/12/2126/1404.png
12,2126,1405,map/tiles/12/2126/1405.png
12,2126,1406,map/tiles/12/2126/1406.png
12,2126,1407,map/tiles/12/2126/1407.png
12,2126,1408,map/tiles/12/2126/1408.png
12,2126,1409,map/tiles/12/2126/1409.png
12,2126,1410,map/tiles/12/2126/1410.png
12,2126,1411,map/tiles/12/2126/1411.png
12,2126,1412,map/tiles/12/2126/1412.png
12,2126,1413,map/tiles/12/2126/1413.png
12,2126,1414,map/tiles/12/2126/1414.png
12,2126,1415,map/tiles/12/2126/1415.png
12,2126,1416,map/tiles/12/2126/1416.png
12,2126,1417,map/tiles/12/2126/1417.png
12,2126,1418,map/tiles/12/2126/1418.png
12,2126,1419,map/tiles/12/2126/1419.png
12,2126,1420,map/tiles/12/2126/1420.png
12,2126,1421,map/tiles/12/2126/1421.png
12,2126,1422,map/tiles/12/2126/1422.png
12,2126,1423,map/tiles/12/2126/1423.png
12,2126,1424,map/tiles/12/2126/1424.png
12,2126,1425,map/tiles/12/2126/1425.png
12,2126,1426,map/tiles/12/2126/1426.png
12,2126,1427,map/tiles/12/2126/1427.png
12,2126,1428,map/tiles/12/2126/1428.png
12,2126,1429,map/tiles/12/2126/1429.png
12,2126,1430,map/tiles/12/2126/1430.png
12,2126,1431,map/tiles/12/2126/1431.png
12,2126,1432,map/tiles/12/2126/1432.png
12,2126,1433,map/tiles/12/2126/1433.png
12,2126,1434,map/tiles/12/2126/1434.png
12,2126,1435,map/tiles/12/2126/1435.png
12,2126,1436,map/tiles/12/2126/1436.png
12,2126,1437,map/tiles/12/2126/1437.png
12,2126,1438,map/tiles/12/2126/1438.png
12,2126,1439,map/tiles/12/2126/1439.png
12,2126,1440,map/tiles/12/2126/1440.png
12,2126,1441,map/tiles/12/2126/1441.png
12,2126,1442,map/tiles/12/2126/1442.png
12,2126,1443,map/tiles/12/2126/1443.png
12,2126,1444,map/tiles/12/2126/1444.png
12,2126,1445,map/tiles/12/2126/1445.png
12,2126,1446,map/tiles/12/2126/1446.png
12,2126,1447,map/tiles/12/2126/1447.png
12,2126,1448,map/tiles/12/2126/1448.png
12,2126,1449,map/tiles/12/2126/1449.png
12,2126,1450,map/tiles/12/2126/1450.png
12,2126,1451,map/tiles/12/2126/1451.png
12,2126,1452,map/tiles/12/2126/1452.png
12,2126,1453,map/tiles/12/2126/1453.png
12,2126,1454,map/tiles/12/2126/1454.png
12,2126,1455,map/tiles/12/2126/1455.png
12,2126,1456,map/tiles/12/2126/1456.png
12,2126,1457,map/tiles/12/2126/1457.png
12,2126,1458,map/tiles/12/2126/1458.png
12,2126,1459,map/tiles/12/2126/1459.png
12,2126,1460,map/tiles/12/2126/1460.png
12,2126,1461,map/tiles/12/2126/1461.png
12,2126,1462,map/tiles/12/2126/1462.png
12,2126,1463,map/tiles/12/2126/1463.png
12,2126,1464,map/tiles/12/2126/1464.png
12,2126,1465,map/tiles/12/2126/1465.png
12,2126,1466,map/tiles/12/2126/1466.png
12,2126,1467,map/tiles/12/2126/1467.png
12,2126,1468,map/tiles/12/2126/1468.png
12,2126,1469,map/tiles/12/2126/1469.png
12,2126,1470,map/tiles/12/2126/1470.png
12,2126,1471,map/tiles/12/2126/1471.png
12,2126,1472,map/tiles/12/2126/1472.png
12,2126,1473,map/tiles/12/2126/1473.png
12,2126,1474,map/tiles/12/2126/1474.png
12,2126,1475,map/tiles/12/2126/1475.png
12,2127,1371,map/tiles/12/2127/1371.png
12,2127,1372,map/tiles/12/2127/1372.png
12,2127,1373,map/tiles/12/2127/1373.png
12,2127,1374,map/tiles/12/2127/1374.png
12,2127,1375,map/tiles/12/2127/1375.png
12,2127,1376,map/tiles/12/2127/1376.png
12,2127,1377,map/tiles/12/2127/1377.png
12,2127,1378,map/tiles/12/2127/1378.png
12,2127,1379,map/tiles/12/2127/1379.png
12,2127,1380,map/tiles/12/2127/1380.png
12,2127,1381,map/tiles/12/2127/1381.png
12,2127,1382,map/tiles/12/2127/1382.png
12,2127,1383,map/tiles/12/2127/1383.png
12,2127,1384,map/tiles/12/2127/1384.png
12,2127,1385,map/tiles/12/2127/1385.png
12,2127,1386,map/tiles/12/2127/1386.png
12,2127,1387,map/tiles/12/2127/1387.png
12,2127,1388,map/tiles/12/2127/1388.png
12,2127,1389,map/tiles/12/2127/1389.png
12,2127,1390,map/tiles/12/2127/1390.png
12,2127,1391,map/tiles/12/2127/1391.png
12,2127,1392,map/tiles/12/2127/1392.png
12,2127,1393,map/tiles/12/2127/1393.png
12,2127,1394,map/tiles/12/2127/1394.png
12,2127,1395,map/tiles/12/2127/1395.png
12,2127,1396,map/tiles/12/2127/1396.png
12,2127,1397,map/tiles/12/2127/1397.png
12,2127,1398,map/tiles/12/2127/1398.png
12,2127,1399,map/tiles/12/2127/1399.png
12,2127,1400,map/tiles/12/2127/1400.png
12,2127,1401,map/tiles/12/2127/1401.png
12,2127,1402,map/tiles/12/2127/1402.png
12,2127,1403,map/tiles/12/2127/1403.png
12,2127,1404,map/tiles/12/2127/1404.png
12,2127,1405,map/tiles/12/2127/1405.png
12,2127,1406,map/tiles/12/2127/1406.png
12,2127,1407,map/tiles/12/2127/1407.png
12,2127,1408,map/tiles/12/2127/1408.png
12,2127,1409,map/tiles/12/2127/1409.png
12,2127,1410,map/tiles/12/2127/1410.png
12,2127,1411,map/tiles/12/2127/1411.png
12,2127,1412,map/tiles/12/2127/1412.png
12,2127,1413,map/tiles/12/2127/1413.png
12,2127,1414,map/tiles/12/2127/1414.png
12,2127,1415,map/tiles/12/2127/1415.png
12,2127,1416,map/tiles/12/2127/1416.png
12,2127,1417,map/tiles/12/2127/1417.png
12,2127,1418,map/tiles/12/2127/1418.png
12,2127,1419,map/tiles/12/2127/1419.png
12,2127,1420,map/tiles/12/2127/1420.png
12,2127,1421,map/tiles/12/2127/1421.png
12,2127,1422,map/tiles/12/2127/1422.png
12,2127,1423,map/tiles/12/2127/1423.png
12,2127,1424,map/tiles/12/2127/1424.png
12,2127,1425,map/tiles/12/2127/1425.png
12,2127,1426,map/tiles/12/2127/1426.png
12,2127,1427,map/tiles/12/2127/1427.png
12,2127,1428,map/tiles/12/2127/1428.png
12,2127,1429,map/tiles/12/2127/1429.png
12,2127,1430,map/tiles/12/2127/1430.png
12,2127,1431,map/tiles/12/2127/1431.png
12,2127,1432,map/tiles/12/2127/1432.png
12,2127,1433,map/tiles/12/2127/1433.png
12,2127,1434,map/tiles/12/2127/1434.png
12,2127,1435,map/tiles/12/2127/1435.png
12,2127,1436,map/tiles/12/2127/1436.png
12,2127,1437,map/tiles/12/2127/1437.png
12,2127,1438,map/tiles/12/2127/1438.png
12,2127,1439,map/tiles/12/2127/1439.png
12,2127,1440,map/tiles/12/2127/1440.png
12,2127,1441,map/tiles/12/2127/1441.png
12,2127,1442,map/tiles/12/2127/1442.png
12,2127,1443,map/tiles/12/2127/1443.png
12,2127,1444,map/tiles/12/2127/1444.png
12,2127,1445,map/tiles/12/2127/1445.png
12,2127,1446,map/tiles/12/2127/1446.png
12,2127,1447,map/tiles/12/2127/1447.png
12,2127,1448,map/tiles/12/2127/1448.png
12,2127,1449,map/tiles/12/2127/1449.png
12,2127,1450,map/tiles/12/2127/1450.png
12,2127,1451,map/tiles/12/2127/1451.png
12,2127,1452,map/tiles/12/2127/1452.png
12,2127,1453,map/tiles/12/2127/1453.png
12,2127,1454,map/tiles/12/2127/1454.png
12,2127,1455,map/tiles/12/2127/1455.png
12,2127,1456,map/tiles/12/2127/1456.png
12,2127,1457,map/tiles/12/2127/1457.png
12,2127,1458,map/tiles/12/2127/1458.png
12,2127,1459,map/tiles/12/2127/1459.png
12,2127,1460,map/tiles/12/2127/1460.png
12,2127,1461,map/tiles/12/2127/1461.png
12,2127,1462,map/tiles/12/2127/1462.png
12,2127,1463,map/tiles/12/2127/1463.png
12,2127,1464,map/tiles/12/2127/1464.png
12,2127,1465,map/tiles/12/2127/1465.png
12,2127,1466,map/tiles/12/2127/1466.png
12,2127,1467,map/tiles/12/2127/1467.png
12,2127,1468,map/tiles/12/2127/1468.png
12,2127,1469,map/tiles/12/2127/1469.png
12,2127,1470,map/tiles/12/2127/1470.png
12,2127,1471,map/tiles/12/2127/1471.png
12,2127,1472,map/tiles/12/2127/1472.png
12,2127,1473,map/tiles/12/2127/1473.png
12,2127,1474,map/tiles/12/2127/1474.png
12,2127,1475,map/tiles/12/2127/1475.png
12,2128,1371,map/tiles/12/2128/1371.png
12,2128,1372,map/tiles/12/2128/1372.png
12,2128,1373,map/tiles/12/2128/1373.png
12,2128,1374,map/tiles/12/2128/1374.png
12,2128,1375,map/tiles/12/2128/1375.png
12,2128,1376,map/tiles/12/2128/1376.png
12,2128,1377,map/tiles/12/2128/1377.png
12,2128,1378,map/tiles/12/2128/1378.png
12,2128,1379,map/tiles/12/2128/1379.png
12,2128,1380,map/tiles/12/2128/1380.png
12,2128,1381,map/tiles/12/2128/1381.png
12,2128,1382,map/tiles/12/2128/1382.png
12,2128,1383,map/tiles/12/2128/1383.png
12,2128,1384,map/tiles/12/2128/1384.png
12,2128,1385,map/tiles/12/2128/1385.png
12,2128,1386,map/tiles/12/2128/1386.png
12,2128,1387,map/tiles/12/2128/1387.png
12,2128,1388,map/tiles/12/2128/1388.png
12,2128,1389,map/tiles/12/2128/1389.png
12,2128,1390,map/tiles/12/2128/1390.png
12,2128,1391,map/tiles/12/2128/1391.png
12,2128,1392,map/tiles/12/2128/1392.png
12,2128,1393,map/tiles/12/2128/1393.png
12,2128,1394,map/tiles/12/2128/1394.png
12,2128,1395,map/tiles/12/2128/1395.png
12,2128,1396,map/tiles/12/2128/1396.png
12,2128,1397,map/tiles/12/2128/1397.png
12,2128,1398,map/tiles/12/2128/1398.png
12,2128,1399,map/tiles/12/2128/1399.png
12,2128,1400,map/tiles/12/2128/1400.png
12,2128,1401,map/tiles/12/2128/1401.png
12,2128,1402,map/tiles/12/2128/1402.png
12,2128,1403,map/tiles/12/2128/1403.png
12,2128,1404,map/tiles/12/2128/1404.png
12,2128,1405,map/tiles/12/2128/1405.png
12,2128,1406,map/tiles/12/2128/1406.png
12,2128,1407,map/tiles/12/2128/1407.png
12,2128,1408,map/tiles/12/2128/1408.png
12,2128,1409,map/tiles/12/2128/1409.png
12,2128,1410,map/tiles/12/2128/1410.png
12,2128,1411,map/tiles/12/2128/1411.png
12,2128,1412,map/tiles/12/2128/1412.png
12,2128,1413,map/tiles/12/2128/1413.png
12,2128,1414,map/tiles/12/2128/1414.png
12,2128,1415,map/tiles/12/2128/1415.png
12,2128,1416,map/tiles/12/2128/1416.png
12,2128,1417,map/tiles/12/2128/1417.png
12,2128,1418,map/tiles/12/2128/1418.png
12,2128,1419,map/tiles/12/2128/1419.png
12,2128,1420,map/tiles/12/2128/1420.png
12,2128,1421,map/tiles/12/2128/1421.png
12,2128,1422,map/tiles/12/2128/1422.png
12,2128,1423,map/tiles/12/2128/1423.png
12,2128,1424,map/tiles/12/2128/1424.png
12,2128,1425,map/tiles/12/2128/1425.png
12,2128,1426,map/tiles/12/2128/1426.png
12,2128,1427,map/tiles/12/2128/1427.png
12,2128,1428,map/tiles/12/2128/1428.png
12,2128,1429,map/tiles/12/2128/1429.png
12,2128,1430,map/tiles/12/2128/1430.png
12,2128,1431,map/tiles/12/2128/1431.png
12,2128,1432,map/tiles/12/2128/1432.png
12,2128,1433,map/tiles/12/2128/1433.png
12,2128,1434,map/tiles/12/2128/1434.png
12,2128,1435,map/tiles/12/2128/1435.png
12,2128,1436,map/tiles/12/2128/1436.png
12,2128,1437,map/tiles/12/2128/1437.png
12,2128,1438,map/tiles/12/2128/1438.png
12,2128,1439,map/tiles/12/2128/1439.png
12,2128,1440,map/tiles/12/2128/1440.png
12,2128,1441,map/tiles/12/2128/1441.png
12,2128,1442,map/tiles/12/2128/1442.png
12,2128,1443,map/tiles/12/2128/1443.png
12,2128,1444,map/tiles/12/2128/1444.png
12,2128,1445,map/tiles/12/2128/1445.png
12,2128,1446,map/tiles/12/2128/1446.png
12,2128,1447,map/tiles/12/2128/1447.png
12,2128,1448,map/tiles/12/2128/1448.png
12,2128,1449,map/tiles/12/2128/1449.png
12,2128,1450,map/tiles/12/2128/1450.png
12,2128,1451,map/tiles/12/2128/1451.png
12,2128,1452,map/tiles/12/2128/1452.png
12,2128,1453,map/tiles/12/2128/1453.png
12,2128,1454,map/tiles/12/2128/1454.png
12,2128,1455,map/tiles/12/2128/1455.png
12,2128,1456,map/tiles/12/2128/1456.png
12,2128,1457,map/tiles/12/2128/1457.png
12,2128,1458,map/tiles/12/2128/1458.png
12,2128,1459,map/tiles/12/2128/1459.png
12,2128,1460,map/tiles/12/2128/1460.png
12,2128,1461,map/tiles/12/2128/1461.png
12,2128,1462,map/tiles/12/2128/1462.png
12,2128,1463,map/tiles/12/2128/1463.png
12,2128,1464,map/tiles/12/2128/1464.png
12,2128,1465,map/tiles/12/2128/1465.png
12,2128,1466,map/tiles/12/2128/1466.png
12,2128,1467,map/tiles/12/2128/1467.png
12,2128,1468,map/tiles/12/2128/1468.png
12,2128,1469,map/tiles/12/2128/1469.png
12,2128,1470,map/tiles/12/2128/1470.png
12,2128,1471,map/tiles/12/2128/1471.png
12,2128,1472,map/tiles/12/2128/1472.png
12,2128,1473,map/tiles/12/2128/1473.png
12,2128,1474,map/tiles/12/2128/1474.png
12,2128,1475,map/tiles/12/2128/1475.png
12,2129,1371,map/tiles/12/2129/1371.png
12,2129,1372,map/tiles/12/2129/1372.png
12,2129,1373,map/tiles/12/2129/1373.png
12,2129,1374,map/tiles/12/2129/1374.png
12,2129,1375,map/tiles/12/2129/1375.png
12,2129,1376,map/tiles/12/2129/1376.png
12,2129,1377,map/tiles/12/2129/1377.png
12,2129,1378,map/tiles/12/2129/1378.png
12,2129,1379,map/tiles/12/2129/1379.png
12,2129,1380,map/tiles/12/2129/1380.png
12,2129,1381,map/tiles/12/2129/1381.png
12,2129,1382,map/tiles/12/2129/1382.png
12,2129,1383,map/tiles/12/2129/1383.png
12,2129,1384,map/tiles/12/2129/1384.png
12,2129,1385,map/tiles/12/2129/1385.png
12,2129,1386,map/tiles/12/2129/1386.png
12,2129,1387,map/tiles/12/2129/1387.png
12,2129,1388,map/tiles/12/2129/1388.png
12,2129,1389,map/tiles/12/2129/1389.png
12,2129,1390,map/tiles/12/2129/1390.png
12,2129,1391,map/tiles/12/2129/1391.png
12,2129,1392,map/tiles/12/2129/1392.png
12,2129,1393,map/tiles/12/2129/1393.png
12,2129,1394,map/tiles/12/2129/1394.png
12,2129,1395,map/tiles/12/2129/1395.png
12,2129,1396,map/tiles/12/2129/1396.png
12,2129,1397,map/tiles/12/2129/1397.png
12,2129,1398,map/tiles/12/2129/1398.png
12,2129,1399,map/tiles/12/2129/1399.png
12,2129,1400,map/tiles/12/2129/1400.png
12,2129,1401,map/tiles/12/2129/1401.png
12,2129,1402,map/tiles/12/2129/1402.png
12,2129,1403,map/tiles/12/2129/1403.png
12,2129,1404,map/tiles/12/2129/1404.png
12,2129,1405,map/tiles/12/2129/1405.png
12,2129,1406,map/tiles/12/2129/1406.png
12,2129,1407,map/tiles/12/2129/1407.png
12,2129,1408,map/tiles/12/2129/1408.png
12,2129,1409,map/tiles/12/2129/1409.png
12,2129,1410,map/tiles/12/2129/1410.png
12,2129,1411,map/tiles/12/2129/1411.png
12,2129,1412,map/tiles/12/2129/1412.png
12,2129,1413,map/tiles/12/2129/1413.png
12,2129,1414,map/tiles/12/2129/1414.png
12,2129,1415,map/tiles/12/2129/1415.png
12,2129,1416,map/tiles/12/2129/1416.png
12,2129,1417,map/tiles/12/2129/1417.png
12,2129,1418,map/tiles/12/2129/1418.png
12,2129,1419,map/tiles/12/2129/1419.png
12,2129,1420,map/tiles/12/2129/1420.png
12,2129,1421,map/tiles/12/2129/1421.png
12,2129,1422,map/tiles/12/2129/1422.png
12,2129,1423,map/tiles/12/2129/1423.png
12,2129,1424,map/tiles/12/2129/1424.png
12,2129,1425,map/tiles/12/2129/1425.png
12,2129,1426,map/tiles/12/2129/1426.png
12,2129,1427,map/tiles/12/2129/1427.png
12,2129,1428,map/tiles/12/2129/1428.png
12,2129,1429,map/tiles/12/2129/1429.png
12,2129,1430,map/tiles/12/2129/1430.png
12,2129,1431,map/tiles/12/2129/1431.png
12,2129,1432,map/tiles/12/2129/1432.png
12,2129,1433,map/tiles/12/2129/1433.png
12,2129,1434,map/tiles/12/2129/1434.png
12,2129,1435,map/tiles/12/2129/1435.png
12,2129,1436,map/tiles/12/2129/1436.png
12,2129,1437,map/tiles/12/2129/1437.png
12,2129,1438,map/tiles/12/2129/1438.png
12,2129,1439,map/tiles/12/2129/1439.png
12,2129,1440,map/tiles/12/2129/1440.png
12,2129,1441,map/tiles/12/2129/1441.png
12,2129,1442,map/tiles/12/2129/1442.png
12,2129,1443,map/tiles/12/2129/1443.png
12,2129,1444,map/tiles/12/2129/1444.png
12,2129,1445,map/tiles/12/2129/1445.png
12,2129,1446,map/tiles/12/2129/1446.png
12,2129,1447,map/tiles/12/2129/1447.png
12,2129,1448,map/tiles/12/2129/1448.png
12,2129,1449,map/tiles/12/2129/1449.png
12,2129,1450,map/tiles/12/2129/1450.png
12,2129,1451,map/tiles/12/2129/1451.png
12,2129,1452,map/tiles/12/2129/1452.png
12,2129,1453,map/tiles/12/2129/1453.png
12,2129,1454,map/tiles/12/2129/1454.png
12,2129,1455,map/tiles/12/2129/1455.png
12,2129,1456,map/tiles/12/2129/1456.png
12,2129,1457,map/tiles/12/2129/1457.png
12,2129,1458,map/tiles/12/2129/1458.png
12,2129,1459,map/tiles/12/2129/1459.png
12,2129,1460,map/tiles/12/2129/1460.png
12,2129,1461,map/tiles/12/2129/1461.png
12,2129,1462,map/tiles/12/2129/1462.png
12,2129,1463,map/tiles/12/2129/1463.png
12,2129,1464,map/tiles/12/2129/1464.png
12,2129,1465,map/tiles/12/2129/1465.png
12,2129,1466,map/tiles/12/2129/1466.png
12,2129,1467,map/tiles/12/2129/1467.png
12,2129,1468,map/tiles/12/2129/1468.png
12,2129,1469,map/tiles/12/2129/1469.png
12,2129,1470,map/tiles/12/2129/1470.png
12,2129,1471,map/tiles/12/2129/1471.png
12,2129,1472,map/tiles/12/2129/1472.png
12,2129,1473,map/tiles/12/2129/1473.png
12,2129,1474,map/tiles/12/2129/1474.png
12,2129,1475,map/tiles/12/2129/1475.png
12,2130,1371,map/tiles/12/2130/1371.png
12,2130,1372,map/tiles/12/2130/1372.png
12,2130,1373,map/tiles/12/2130/1373.png
12,2130,1374,map/tiles/12/2130/1374.png
12,2130,1375,map/tiles/12/2130/1375.png
12,2130,1376,map/tiles/12/2130/1376.png
12,2130,1377,map/tiles/12/2130/1377.png
12,2130,1378,map/tiles/12/2130/1378.png
12,2130,1379,map/tiles/12/2130/1379.png
12,2130,1380,map/tiles/12/2130/1380.png
12,2130,1381,map/tiles/12/2130/1381.png
12,2130,1382,map/tiles/12/2130/1382.png
12,2130,1383,map/tiles/12/2130/1383.png
12,2130,1384,map/tiles/12/2130/1384.png
12,2130,1385,map/tiles/12/2130/1385.png
12,2130,1386,map/tiles/12/2130/1386.png
12,2130,1387,map/tiles/12/2130/1387.png
12,2130,1388,map/tiles/12/2130/1388.png
12,2130,1389,map/tiles/12/2130/1389.png
12,2130,1390,map/tiles/12/2130/1390.png
12,2130,1391,map/tiles/12/2130/1391.png
12,2130,1392,map/tiles/12/2130/1392.png
12,2130,1393,map/tiles/12/2130/1393.png
12,2130,1394,map/tiles/12/2130/1394.png
12,2130,1395,map/tiles/12/2130/1395.png
12,2130,1396,map/tiles/12/2130/1396.png
12,2130,1397,map/tiles/12/2130/1397.png
12,2130,1398,map/tiles/12/2130/1398.png
12,2130,1399,map/tiles/12/2130/1399.png
12,2130,1400,map/tiles/12/2130/1400.png
12,2130,1401,map/tiles/12/2130/1401.png
12,2130,1402,map/tiles/12/2130/1402.png
12,2130,1403,map/tiles/12/2130/1403.png
12,2130,1404,map/tiles/12/2130/1404.png
12,2130,1405,map/tiles/12/2130/1405.png
12,2130,1406,map/tiles/12/2130/1406.png
12,2130,1407,map/tiles/12/2130/1407.png
12,2130,1408,map/tiles/12/2130/1408.png
12,2130,1409,map/tiles/12/2130/1409.png
12,2130,1410,map/tiles/12/2130/1410.png
12,2130,1411,map/tiles/12/2130/1411.png
12,2130,1412,map/tiles/12/2130/1412.png
12,2130,1413,map/tiles/12/2130/1413.png
12,2130,1414,map/tiles/12/2130/1414.png
12,2130,1415,map/tiles/12/2130/1415.png
12,2130,1416,map/tiles/12/2130/1416.png
12,2130,1417,map/tiles/12/2130/1417.png
12,2130,1418,map/tiles/12/2130/1418.png
12,2130,1419,map/tiles/12/2130/1419.png
12,2130,1420,map/tiles/12/2130/1420.png
12,2130,1421,map/tiles/12/2130/1421.png
12,2130,1422,map/tiles/12/2130/1422.png
12,2130,1423,map/tiles/12/2130/1423.png
12,2130,1424,map/tiles/12/2130/1424.png
12,2130,1425,map/tiles/12/2130/1425.png
12,2130,1426,map/tiles/12/2130/1426.png
12,2130,1427,map/tiles/12/2130/1427.png
12,2130,1428,map/tiles/12/2130/1428.png
12,2130,1429,map/tiles/12/2130/1429.png
12,2130,1430,map/tiles/12/2130/1430.png
12,2130,1431,map/tiles/12/2130/1431.png
12,2130,1432,map/tiles/12/2130/1432.png
12,2130,1433,map/tiles/12/2130/1433.png
12,2130,1434,map/tiles/12/2130/1434.png
12,2130,1435,map/tiles/12/2130/1435.png
12,2130,1436,map/tiles/12/2130/1436.png
12,2130,1437,map/tiles/12/2130/1437.png
12,2130,1438,map/tiles/12/2130/1438.png
12,2130,1439,map/tiles/12/2130/1439.png
12,2130,1440,map/tiles/12/2130/1440.png
12,2130,1441,map/tiles/12/2130/1441.png
12,2130,1442,map/tiles/12/2130/1442.png
12,2130,1443,map/tiles/12/2130/1443.png
12,2130,1444,map/tiles/12/2130/1444.png
12,2130,1445,map/tiles/12/2130/1445.png
12,2130,1446,map/tiles/12/2130/1446.png
12,2130,1447,map/tiles/12/2130/1447.png
12,2130,1448,map/tiles/12/2130/1448.png
12,2130,1449,map/tiles/12/2130/1449.png
12,2130,1450,map/tiles/12/2130/1450.png
12,2130,1451,map/tiles/12/2130/1451.png
12,2130,1452,map/tiles/12/2130/1452.png
12,2130,1453,map/tiles/12/2130/1453.png
12,2130,1454,map/tiles/12/2130/1454.png
12,2130,1455,map/tiles/12/2130/1455.png
12,2130,1456,map/tiles/12/2130/1456.png
12,2130,1457,map/tiles/12/2130/1457.png
12,2130,1458,map/tiles/12/2130/1458.png
12,2130,1459,map/tiles/12/2130/1459.png
12,2130,1460,map/tiles/12/2130/1460.png
12,2130,1461,map/tiles/12/2130/1461.png
12,2130,1462,map/tiles/12/2130/1462.png
12,2130,1463,map/tiles/12/2130/1463.png
12,2130,1464,map/tiles/12/2130/1464.png
12,2130,1465,map/tiles/12/2130/1465.png
12,2130,1466,map/tiles/12/2130/1466.png
12,2130,1467,map/tiles/12/2130/1467.png
12,2130,1468,map/tiles/12/2130/1468.png
12,2130,1469,map/tiles/12/2130/1469.png
12,2130,1470,map/tiles/12/2130/1470.png
12,2130,1471,map/tiles/12/2130/1471.png
12,2130,1472,map/tiles/12/2130/1472.png
12,2130,1473,map/tiles/12/2130/1473.png
12,2130,1474,map/tiles/12/2130/1474.png
12,2130,1475,map/tiles/12/2130/1475.png
12,2131,1371,map/tiles/12/2131/1371.png
12,2131,1372,map/tiles/12/2131/1372.png
12,2131,1373,map/tiles/12/2131/1373.png
12,2131,1374,map/tiles/12/2131/1374.png
12,2131,1375,map/tiles/12/2131/1375.png
12,2131,1376,map/tiles/12/2131/1376.png
12,2131,1377,map/tiles/12/2131/1377.png
12,2131,1378,map/tiles/12/2131/1378.png
12,2131,1379,map/tiles/12/2131/1379.png
12,2131,1380,map/tiles/12/2131/1380.png
12,2131,1381,map/tiles/12/2131/1381.png
12,2131,1382,map/tiles/12/2131/1382.png
12,2131,1383,map/tiles/12/2131/1383.png
12,2131,1384,map/tiles/12/2131/1384.png
12,2131,1385,map/tiles/12/2131/1385.png
12,2131,1386,map/tiles/12/2131/1386.png
12,2131,1387,map/tiles/12/2131/1387.png
12,2131,1388,map/tiles/12/2131/1388.png
12,2131,1389,map/tiles/12/2131/1389.png
12,2131,1390,map/tiles/12/2131/1390.png
12,2131,1391,map/tiles/12/2131/1391.png
12,2131,1392,map/tiles/12/2131/1392.png
12,2131,1393,map/tiles/12/2131/1393.png
12,2131,1394,map/tiles/12/2131/1394.png
12,2131,1395,map/tiles/12/2131/1395.png
12,2131,1396,map/tiles/12/2131/1396.png
12,2131,1397,map/tiles/12/2131/1397.png
12,2131,1398,map/tiles/12/2131/1398.png
12,2131,1399,map/tiles/12/2131/1399.png
12,2131,1400,map/tiles/12/2131/1400.png
12,2131,1401,map/tiles/12/2131/1401.png
12,2131,1402,map/tiles/12/2131/1402.png
12,2131,1403,map/tiles/12/2131/1403.png
12,2131,1404,map/tiles/12/2131/1404.png
12,2131,1405,map/tiles/12/2131/1405.png
12,2131,1406,map/tiles/12/2131/1406.png
12,2131,1407,map/tiles/12/2131/1407.png
12,2131,1408,map/tiles/12/2131/1408.png
12,2131,1409,map/tiles/12/2131/1409.png
12,2131,1410,map/tiles/12/2131/1410.png
12,2131,1411,map/tiles/12/2131/1411.png
12,2131,1412,map/tiles/12/2131/1412.png
12,2131,1413,map/tiles/12/2131/1413.png
12,2131,1414,map/tiles/12/2131/1414.png
12,2131,1415,map/tiles/12/2131/1415.png
12,2131,1416,map/tiles/12/2131/1416.png
12,2131,1417,map/tiles/12/2131/1417.png
12,2131,1418,map/tiles/12/2131/1418.png
12,2131,1419,map/tiles/12/2131/1419.png
12,2131,1420,map/tiles/12/2131/1420.png
12,2131,1421,map/tiles/12/2131/1421.png
12,2131,1422,map/tiles/12/2131/1422.png
12,2131,1423,map/tiles/12/2131/1423.png
12,2131,1424,map/tiles/12/2131/1424.png
12,2131,1425,map/tiles/12/2131/1425.png
12,2131,1426,map/tiles/12/2131/1426.png
12,2131,1427,map/tiles/12/2131/1427.png
12,2131,1428,map/tiles/12/2131/1428.png
12,2131,1429,map/tiles/12/2131/1429.png
12,2131,1430,map/tiles/12/2131/1430.png
12,2131,1431,map/tiles/12/2131/1431.png
12,2131,1432,map/tiles/12/2131/1432.png
12,2131,1433,map/tiles/12/2131/1433.png
12,2131,1434,map/tiles/12/2131/1434.png
12,2131,1435,map/tiles/12/2131/1435.png
12,2131,1436,map/tiles/12/2131/1436.png
12,2131,1437,map/tiles/12/2131/1437.png
12,2131,1438,map/tiles/12/2131/1438.png
12,2131,1439,map/tiles/12/2131/1439.png
12,2131,1440,map/tiles/12/2131/1440.png
12,2131,1441,map/tiles/12/2131/1441.png
12,2131,1442,map/tiles/12/2131/1442.png
12,2131,1443,map/tiles/12/2131/1443.png
12,2131,1444,map/tiles/12/2131/1444.png
12,2131,1445,map/tiles/12/2131/1445.png
12,2131,1446,map/tiles/12/2131/1446.png
12,2131,1447,map/tiles/12/2131/1447.png
12,2131,1448,map/tiles/12/2131/1448.png
12,2131,1449,map/tiles/12/2131/1449.png
12,2131,1450,map/tiles/12/2131/1450.png
12,2131,1451,map/tiles/12/2131/1451.png
12,2131,1452,map/tiles/12/2131/1452.png
12,2131,1453,map/tiles/12/2131/1453.png
12,2131,1454,map/tiles/12/2131/1454.png
12,2131,1455,map/tiles/12/2131/1455.png
12,2131,1456,map/tiles/12/2131/1456.png
12,2131,1457,map/tiles/12/2131/1457.png
12,2131,1458,map/tiles/12/2131/1458.png
12,2131,1459,map/tiles/12/2131/1459.png
12,2131,1460,map/tiles/12/2131/1460.png
12,2131,1461,map/tiles/12/2131/1461.png
12,2131,1462,map/tiles/12/2131/1462.png
12,2131,1463,map/tiles/12/2131/1463.png
12,2131,1464,map/tiles/12/2131/1464.png
12,2131,1465,map/tiles/12/2131/1465.png
12,2131,1466,map/tiles/12/2131/1466.png
12,2131,1467,map/tiles/12/2131/1467.png
12,2131,1468,map/tiles/12/2131/1468.png
12,2131,1469,map/tiles/12/2131/1469.png
12,2131,1470,map/tiles/12/2131/1470.png
12,2131,1471,map/tiles/12/2131/1471.png
12,2131,1472,map/tiles/12/2131/1472.png
12,2131,1473,map/tiles/12/2131/1473.png
12,2131,1474,map/tiles/12/2131/1474.png
12,2131,1475,map/tiles/12/2131/1475.png
12,2132,1371,map/tiles/12/2132/1371.png
12,2132,1372,map/tiles/12/2132/1372.png
12,2132,1373,map/tiles/12/2132/1373.png
12,2132,1374,map/tiles/12/2132/1374.png
12,2132,1375,map/tiles/12/2132/1375.png
12,2132,1376,map/tiles/12/2132/1376.png
12,2132,1377,map/tiles/12/2132/1377.png
12,2132,1378,map/tiles/12/2132/1378.png
12,2132,1379,map/tiles/12/2132/1379.png
12,2132,1380,map/tiles/12/2132/1380.png
12,2132,1381,map/tiles/12/2132/1381.png
12,2132,1382,map/tiles/12/2132/1382.png
12,2132,1383,map/tiles/12/2132/1383.png
12,2132,1384,map/tiles/12/2132/1384.png
12,2132,1385,map/tiles/12/2132/1385.png
12,2132,1386,map/tiles/12/2132/1386.png
12,2132,1387,map/tiles/12/2132/1387.png
12,2132,1388,map/tiles/12/2132/1388.png
12,2132,1389,map/tiles/12/2132/1389.png
12,2132,1390,map/tiles/12/2132/1390.png
12,2132,1391,map/tiles/12/2132/1391.png
12,2132,1392,map/tiles/12/2132/1392.png
12,2132,1393,map/tiles/12/2132/1393.png
12,2132,1394,map/tiles/12/2132/1394.png
12,2132,1395,map/tiles/12/2132/1395.png
12,2132,1396,map/tiles/12/2132/1396.png
12,2132,1397,map/tiles/12/2132/1397.png
12,2132,1398,map/tiles/12/2132/1398.png
12,2132,1399,map/tiles/12/2132/1399.png
12,2132,1400,map/tiles/12/2132/1400.png
12,2132,1401,map/tiles/12/2132/1401.png
12,2132,1402,map/tiles/12/2132/1402.png
12,2132,1403,map/tiles/12/2132/1403.png
12,2132,1404,map/tiles/12/2132/1404.png
12,2132,1405,map/tiles/12/2132/1405.png
12,2132,1406,map/tiles/12/2132/1406.png
12,2132,1407,map/tiles/12/2132/1407.png
12,2132,1408,map/tiles/12/2132/1408.png
12,2132,1409,map/tiles/12/2132/1409.png
12,2132,1410,map/tiles/12/2132/1410.png
12,2132,1411,map/tiles/12/2132/1411.png
12,2132,1412,map/tiles/12/2132/1412.png
12,2132,1413,map/tiles/12/2132/1413.png
12,2132,1414,map/tiles/12/2132/1414.png
12,2132,1415,map/tiles/12/2132/1415.png
12,2132,1416,map/tiles/12/2132/1416.png
12,2132,1417,map/tiles/12/2132/1417.png
12,2132,1418,map/tiles/12/2132/1418.png
12,2132,1419,map/tiles/12/2132/1419.png
12,2132,1420,map/tiles/12/2132/1420.png
12,2132,1421,map/tiles/12/2132/1421.png
12,2132,1422,map/tiles/12/2132/1422.png
12,2132,1423,map/tiles/12/2132/1423.png
12,2132,1424,map/tiles/12/2132/1424.png
12,2132,1425,map/tiles/12/2132/1425.png
12,2132,1426,map/tiles/12/2132/1426.png
12,2132,1427,map/tiles/12/2132/1427.png
12,2132,1428,map/tiles/12/2132/1428.png
12,2132,1429,map/tiles/12/2132/1429.png
12,2132,1430,map/tiles/12/2132/1430.png
12,2132,1431,map/tiles/12/2132/1431.png
12,2132,1432,map/tiles/12/2132/1432.png
12,2132,1433,map/tiles/12/2132/1433.png
12,2132,1434,map/tiles/12/2132/1434.png
12,2132,1435,map/tiles/12/2132/1435.png
12,2132,1436,map/tiles/12/2132/1436.png
12,2132,1437,map/tiles/12/2132/1437.png
12,2132,1438,map/tiles/12/2132/1438.png
12,2132,1439,map/tiles/12/2132/1439.png
12,2132,1440,map/tiles/12/2132/1440.png
12,2132,1441,map/tiles/12/2132/1441.png
12,2132,1442,map/tiles/12/2132/1442.png
12,2132,1443,map/tiles/12/2132/1443.png
12,2132,1444,map/tiles/12/2132/1444.png
12,2132,1445,map/tiles/12/2132/1445.png
12,2132,1446,map/tiles/12/2132/1446.png
12,2132,1447,map/tiles/12/2132/1447.png
12,2132,1448,map/tiles/12/2132/1448.png
12,2132,1449,map/tiles/12/2132/1449.png
12,2132,1450,map/tiles/12/2132/1450.png
12,2132,1451,map/tiles/12/2132/1451.png
12,2132,1452,map/tiles/12/2132/1452.png
12,2132,1453,map/tiles/12/2132/1453.png
12,2132,1454,map/tiles/12/2132/1454.png
12,2132,1455,map/tiles/12/2132/1455.png
12,2132,1456,map/tiles/12/2132/1456.png
12,2132,1457,map/tiles/12/2132/1457.png
12,2132,1458,map/tiles/12/2132/1458.png
12,2132,1459,map/tiles/12/2132/1459.png
12,2132,1460,map/tiles/12/2132/1460.png
12,2132,1461,map/tiles/12/2132/1461.png
12,2132,1462,map/tiles/12/2132/1462.png
12,2132,1463,map/tiles/12/2132/1463.png
12,2132,1464,map/tiles/12/2132/1464.png
12,2132,1465,map/tiles/12/2132/1465.png
12,2132,1466,map/tiles/12/2132/1466.png
12,2132,1467,map/tiles/12/2132/1467.png
12,2132,1468,map/tiles/12/2132/1468.png
12,2132,1469,map/tiles/12/2132/1469.png
12,2132,1470,map/tiles/12/2132/1470.png
12,2132,1471,map/tiles/12/2132/1471.png
12,2132,1472,map/tiles/12/2132/1472.png
12,2132,1473,map/tiles/12/2132/1473.png
12,2132,1474,map/tiles/12/2132/1474.png
12,2132,1475,map/tiles/12/2132/1475.png
12,2133,1371,map/tiles/12/2133/1371.png
12,2133,1372,map/tiles/12/2133/1372.png
12,2133,1373,map/tiles/12/2133/1373.png
12,2133,1374,map/tiles/12/2133/1374.png
12,2133,1375,map/tiles/12/2133/1375.png
12,2133,1376,map/tiles/12/2133/1376.png
12,2133,1377,map/tiles/12/2133/1377.png
12,2133,1378,map/tiles/12/2133/1378.png
12,2133,1379,map/tiles/12/2133/1379.png
12,2133,1380,map/tiles/12/2133/1380.png
12,2133,1381,map/tiles/12/2133/1381.png
12,2133,1382,map/tiles/12/2133/1382.png
12,2133,1383,map/tiles/12/2133/1383.png
12,2133,1384,map/tiles/12/2133/1384.png
12,2133,1385,map/tiles/12/2133/1385.png
12,2133,1386,map/tiles/12/2133/1386.png
12,2133,1387,map/tiles/12/2133/1387.png
12,2133,1388,map/tiles/12/2133/1388.png
12,2133,1389,map/tiles/12/2133/1389.png
12,2133,1390,map/tiles/12/2133/1390.png
12,2133,1391,map/tiles/12/2133/1391.png
12,2133,1392,map/tiles/12/2133/1392.png
12,2133,1393,map/tiles/12/2133/1393.png
12,2133,1394,map/tiles/12/2133/1394.png
12,2133,1395,map/tiles/12/2133/1395.png
12,2133,1396,map/tiles/12/2133/1396.png
12,2133,1397,map/tiles/12/2133/1397.png
12,2133,1398,map/tiles/12/2133/1398.png
12,2133,1399,map/tiles/12/2133/1399.png
12,2133,1400,map/tiles/12/2133/1400.png
12,2133,1401,map/tiles/12/2133/1401.png
12,2133,1402,map/tiles/12/2133/1402.png
12,2133,1403,map/tiles/12/2133/1403.png
12,2133,1404,map/tiles/12/2133/1404.png
12,2133,1405,map/tiles/12/2133/1405.png
12,2133,1406,map/tiles/12/2133/1406.png
12,2133,1407,map/tiles/12/2133/1407.png
12,2133,1408,map/tiles/12/2133/1408.png
12,2133,1409,map/tiles/12/2133/1409.png
12,2133,1410,map/tiles/12/2133/1410.png
12,2133,1411,map/tiles/12/2133/1411.png
12,2133,1412,map/tiles/12/2133/1412.png
12,2133,1413,map/tiles/12/2133/1413.png
12,2133,1414,map/tiles/12/2133/1414.png
12,2133,1415,map/tiles/12/2133/1415.png
12,2133,1416,map/tiles/12/2133/1416.png
12,2133,1417,map/tiles/12/2133/1417.png
12,2133,1418,map/tiles/12/2133/1418.png
12,2133,1419,map/tiles/12/2133/1419.png
12,2133,1420,map/tiles/12/2133/1420.png
12,2133,1421,map/tiles/12/2133/1421.png
12,2133,1422,map/tiles/12/2133/1422.png
12,2133,1423,map/tiles/12/2133/1423.png
12,2133,1424,map/tiles/12/2133/1424.png
12,2133,1425,map/tiles/12/2133/1425.png
12,2133,1426,map/tiles/12/2133/1426.png
12,2133,1427,map/tiles/12/2133/1427.png
12,2133,1428,map/tiles/12/2133/1428.png
12,2133,1429,map/tiles/12/2133/1429.png
12,2133,1430,map/tiles/12/2133/1430.png
12,2133,1431,map/tiles/12/2133/1431.png
12,2133,1432,map/tiles/12/2133/1432.png
12,2133,1433,map/tiles/12/2133/1433.png
12,2133,1434,map/tiles/12/2133/1434.png
12,2133,1435,map/tiles/12/2133/1435.png
12,2133,1436,map/tiles/12/2133/1436.png
12,2133,1437,map/tiles/12/2133/1437.png
12,2133,1438,map/tiles/12/2133/1438.png
12,2133,1439,map/tiles/12/2133/1439.png
12,2133,1440,map/tiles/12/2133/1440.png
12,2133,1441,map/tiles/12/2133/1441.png
12,2133,1442,map/tiles/12/2133/1442.png
12,2133,1443,map/tiles/12/2133/1443.png
12,2133,1444,map/tiles/12/2133/1444.png
12,2133,1445,map/tiles/12/2133/1445.png
12,2133,1446,map/tiles/12/2133/1446.png
12,2133,1447,map/tiles/12/2133/1447.png
12,2133,1448,map/tiles/12/2133/1448.png
12,2133,1449,map/tiles/12/2133/1449.png
12,2133,1450,map/tiles/12/2133/1450.png
12,2133,1451,map/tiles/12/2133/1451.png
12,2133,1452,map/tiles/12/2133/1452.png
12,2133,1453,map/tiles/12/2133/1453.png
12,2133,1454,map/tiles/12/2133/1454.png
12,2133,1455,map/tiles/12/2133/1455.png
12,2133,1456,map/tiles/12/2133/1456.png
12,2133,1457,map/tiles/12/2133/1457.png
12,2133,1458,map/tiles/12/2133/1458.png
12,2133,1459,map/tiles/12/2133/1459.png
12,2133,1460,map/tiles/12/2133/1460.png
12,2133,1461,map/tiles/12/2133/1461.png
12,2133,1462,map/tiles/12/2133/1462.png
12,2133,1463,map/tiles/12/2133/1463.png
12,2133,1464,map/tiles/12/2133/1464.png
12,2133,1465,map/tiles/12/2133/1465.png
12,2133,1466,map/tiles/12/2133/1466.png
12,2133,1467,map/tiles/12/2133/1467.png
12,2133,1468,map/tiles/12/2133/1468.png
12,2133,1469,map/tiles/12/2133/1469.png
12,2133,1470,map/tiles/12/2133/1470.png
12,2133,1471,map/tiles/12/2133/1471.png
12,2133,1472,map/tiles/12/2133/1472.png
12,2133,1473,map/tiles/12/2133/1473.png
12,2133,1474,map/tiles/12/2133/1474.png
12,2133,1475,map/tiles/12/2133/1475.png
12,2134,1371,map/tiles/12/2134/1371.png
12,2134,1372,map/tiles/12/2134/1372.png
12,2134,1373,map/tiles/12/2134/1373.png
12,2134,1374,map/tiles/12/2134/1374.png
12,2134,1375,map/tiles/12/2134/1375.png
12,2134,1376,map/tiles/12/2134/1376.png
12,2134,1377,map/tiles/12/2134/1377.png
12,2134,1378,map/tiles/12/2134/1378.png
12,2134,1379,map/tiles/12/2134/1379.png
12,2134,1380,map/tiles/12/2134/1380.png
12,2134,1381,map/tiles/12/2134/1381.png
12,2134,1382,map/tiles/12/2134/1382.png
12,2134,1383,map/tiles/12/2134/1383.png
12,2134,1384,map/tiles/12/2134/1384.png
12,2134,1385,map/tiles/12/2134/1385.png
12,2134,1386,map/tiles/12/2134/1386.png
12,2134,1387,map/tiles/12/2134/1387.png
12,2134,1388,map/tiles/12/2134/1388.png
12,2134,1389,map/tiles/12/2134/1389.png
12,2134,1390,map/tiles/12/2134/1390.png
12,2134,1391,map/tiles/12/2134/1391.png
12,2134,1392,map/tiles/12/2134/1392.png
12,2134,1393,map/tiles/12/2134/1393.png
12,2134,1394,map/tiles/12/2134/1394.png
12,2134,1395,map/tiles/12/2134/1395.png
12,2134,1396,map/tiles/12/2134/1396.png
12,2134,1397,map/tiles/12/2134/1397.png
12,2134,1398,map/tiles/12/2134/1398.png
12,2134,1399,map/tiles/12/2134/1399.png
12,2134,1400,map/tiles/12/2134/1400.png
12,2134,1401,map/tiles/12/2134/1401.png
12,2134,1402,map/tiles/12/2134/1402.png
12,2134,1403,map/tiles/12/2134/1403.png
12,2134,1404,map/tiles/12/2134/1404.png
12,2134,1405,map/tiles/12/2134/1405.png
12,2134,1406,map/tiles/12/2134/1406.png
12,2134,1407,map/tiles/12/2134/1407.png
12,2134,1408,map/tiles/12/2134/1408.png
12,2134,1409,map/tiles/12/2134/1409.png
12,2134,1410,map/tiles/12/2134/1410.png
12,2134,1411,map/tiles/12/2134/1411.png
12,2134,1412,map/tiles/12/2134/1412.png
12,2134,1413,map/tiles/12/2134/1413.png
12,2134,1414,map/tiles/12/2134/1414.png
12,2134,1415,map/tiles/12/2134/1415.png
12,2134,1416,map/tiles/12/2134/1416.png
12,2134,1417,map/tiles/12/2134/1417.png
12,2134,1418,map/tiles/12/2134/1418.png
12,2134,1419,map/tiles/12/2134/1419.png
12,2134,1420,map/tiles/12/2134/1420.png
12,2134,1421,map/tiles/12/2134/1421.png
12,2134,1422,map/tiles/12/2134/1422.png
12,2134,1423,map/tiles/12/2134/1423.png
12,2134,1424,map/tiles/12/2134/1424.png
12,2134,1425,map/tiles/12/2134/1425.png
12,2134,1426,map/tiles/12/2134/1426.png
12,2134,1427,map/tiles/12/2134/1427.png
12,2134,1428,map/tiles/12/2134/1428.png
12,2134,1429,map/tiles/12/2134/1429.png
12,2134,1430,map/tiles/12/2134/1430.png
12,2134,1431,map/tiles/12/2134/1431.png
12,2134,1432,map/tiles/12/2134/1432.png
12,2134,1433,map/tiles/12/2134/1433.png
12,2134,1434,map/tiles/12/2134/1434.png
12,2134,1435,map/tiles/12/2134/1435.png
12,2134,1436,map/tiles/12/2134/1436.png
12,2134,1437,map/tiles/12/2134/1437.png
12,2134,1438,map/tiles/12/2134/1438.png
12,2134,1439,map/tiles/12/2134/1439.png
12,2134,1440,map/tiles/12/2134/1440.png
12,2134,1441,map/tiles/12/2134/1441.png
12,2134,1442,map/tiles/12/2134/1442.png
12,2134,1443,map/tiles/12/2134/1443.png
12,2134,1444,map/tiles/12/2134/1444.png
12,2134,1445,map/tiles/12/2134/1445.png
12,2134,1446,map/tiles/12/2134/1446.png
12,2134,1447,map/tiles/12/2134/1447.png
12,2134,1448,map/tiles/12/2134/1448.png
12,2134,1449,map/tiles/12/2134/1449.png
12,2134,1450,map/tiles/12/2134/1450.png
12,2134,1451,map/tiles/12/2134/1451.png
12,2134,1452,map/tiles/12/2134/1452.png
12,2134,1453,map/tiles/12/2134/1453.png
12,2134,1454,map/tiles/12/2134/1454.png
12,2134,1455,map/tiles/12/2134/1455.png
12,2134,1456,map/tiles/12/2134/1456.png
12,2134,1457,map/tiles/12/2134/1457.png
12,2134,1458,map/tiles/12/2134/1458.png
12,2134,1459,map/tiles/12/2134/1459.png
12,2134,1460,map/tiles/12/2134/1460.png
12,2134,1461,map/tiles/12/2134/1461.png
12,2134,1462,map/tiles/12/2134/1462.png
12,2134,1463,map/tiles/12/2134/1463.png
12,2134,1464,map/tiles/12/2134/1464.png
12,2134,1465,map/tiles/12/2134/1465.png
12,2134,1466,map/tiles/12/2134/1466.png
12,2134,1467,map/tiles/12/2134/1467.png
12,2134,1468,map/tiles/12/2134/1468.png
12,2134,1469,map/tiles/12/2134/1469.png
12,2134,1470,map/tiles/12/2134/1470.png
12,2134,1471,map/tiles/12/2134/1471.png
12,2134,1472,map/tiles/12/2134/1472.png
12,2134,1473,map/tiles/12/2134/1473.png
12,2134,1474,map/tiles/12/2134/1474.png
12,2134,1475,map/tiles/12/2134/1475.png
12,2135,1371,map/tiles/12/2135/1371.png
12,2135,1372,map/tiles/12/2135/1372.png
12,2135,1373,map/tiles/12/2135/1373.png
12,2135,1374,map/tiles/12/2135/1374.png
12,2135,1375,map/tiles/12/2135/1375.png
12,2135,1376,map/tiles/12/2135/1376.png
12,2135,1377,map/tiles/12/2135/1377.png
12,2135,1378,map/tiles/12/2135/1378.png
12,2135,1379,map/tiles/12/2135/1379.png
12,2135,1380,map/tiles/12/2135/1380.png
12,2135,1381,map/tiles/12/2135/1381.png
12,2135,1382,map/tiles/12/2135/1382.png
12,2135,1383,map/tiles/12/2135/1383.png
12,2135,1384,map/tiles/12/2135/1384.png
12,2135,1385,map/tiles/12/2135/1385.png
12,2135,1386,map/tiles/12/2135/1386.png
12,2135,1387,map/tiles/12/2135/1387.png
12,2135,1388,map/tiles/12/2135/1388.png
12,2135,1389,map/tiles/12/2135/1389.png
12,2135,1390,map/tiles/12/2135/1390.png
12,2135,1391,map/tiles/12/2135/1391.png
12,2135,1392,map/tiles/12/2135/1392.png
12,2135,1393,map/tiles/12/2135/1393.png
12,2135,1394,map/tiles/12/2135/1394.png
12,2135,1395,map/tiles/12/2135/1395.png
12,2135,1396,map/tiles/12/2135/1396.png
12,2135,1397,map/tiles/12/2135/1397.png
12,2135,1398,map/tiles/12/2135/1398.png
12,2135,1399,map/tiles/12/2135/1399.png
12,2135,1400,map/tiles/12/2135/1400.png
12,2135,1401,map/tiles/12/2135/1401.png
12,2135,1402,map/tiles/12/2135/1402.png
12,2135,1403,map/tiles/12/2135/1403.png
12,2135,1404,map/tiles/12/2135/1404.png
12,2135,1405,map/tiles/12/2135/1405.png
12,2135,1406,map/tiles/12/2135/1406.png
12,2135,1407,map/tiles/12/2135/1407.png
12,2135,1408,map/tiles/12/2135/1408.png
12,2135,1409,map/tiles/12/2135/1409.png
12,2135,1410,map/tiles/12/2135/1410.png
12,2135,1411,map/tiles/12/2135/1411.png
12,2135,1412,map/tiles/12/2135/1412.png
12,2135,1413,map/tiles/12/2135/1413.png
12,2135,1414,map/tiles/12/2135/1414.png
12,2135,1415,map/tiles/12/2135/1415.png
12,2135,1416,map/tiles/12/2135/1416.png
12,2135,1417,map/tiles/12/2135/1417.png
12,2135,1418,map/tiles/12/2135/1418.png
12,2135,1419,map/tiles/12/2135/1419.png
12,2135,1420,map/tiles/12/2135/1420.png
12,2135,1421,map/tiles/12/2135/1421.png
12,2135,1422,map/tiles/12/2135/1422.png
12,2135,1423,map/tiles/12/2135/1423.png
12,2135,1424,map/tiles/12/2135/1424.png
12,2135,1425,map/tiles/12/2135/1425.png
12,2135,1426,map/tiles/12/2135/1426.png
12,2135,1427,map/tiles/12/2135/1427.png
12,2135,1428,map/tiles/12/2135/1428.png
12,2135,1429,map/tiles/12/2135/1429.png
12,2135,1430,map/tiles/12/2135/1430.png
12,2135,1431,map/tiles/12/2135/1431.png
12,2135,1432,map/tiles/12/2135/1432.png
12,2135,1433,map/tiles/12/2135/1433.png
12,2135,1434,map/tiles/12/2135/1434.png
12,2135,1435,map/tiles/12/2135/1435.png
12,2135,1436,map/tiles/12/2135/1436.png
12,2135,1437,map/tiles/12/2135/1437.png
12,2135,1438,map/tiles/12/2135/1438.png
12,2135,1439,map/tiles/12/2135/1439.png
12,2135,1440,map/tiles/12/2135/1440.png
12,2135,1441,map/tiles/12/2135/1441.png
12,2135,1442,map/tiles/12/2135/1442.png
12,2135,1443,map/tiles/12/2135/1443.png
12,2135,1444,map/tiles/12/2135/1444.png
12,2135,1445,map/tiles/12/2135/1445.png
12,2135,1446,map/tiles/12/2135/1446.png
12,2135,1447,map/tiles/12/2135/1447.png
12,2135,1448,map/tiles/12/2135/1448.png
12,2135,1449,map/tiles/12/2135/1449.png
12,2135,1450,map/tiles/12/2135/1450.png
12,2135,1451,map/tiles/12/2135/1451.png
12,2135,1452,map/tiles/12/2135/1452.png
12,2135,1453,map/tiles/12/2135/1453.png
12,2135,1454,map/tiles/12/2135/1454.png
12,2135,1455,map/tiles/12/2135/1455.png
12,2135,1456,map/tiles/12/2135/1456.png
12,2135,1457,map/tiles/12/2135/1457.png
12,2135,1458,map/tiles/12/2135/1458.png
12,2135,1459,map/tiles/12/2135/1459.png
12,2135,1460,map/tiles/12/2135/1460.png
12,2135,1461,map/tiles/12/2135/1461.png
12,2135,1462,map/tiles/12/2135/1462.png
12,2135,1463,map/tiles/12/2135/1463.png
12,2135,1464,map/tiles/12/2135/1464.png
12,2135,1465,map/tiles/12/2135/1465.png
12,2135,1466,map/tiles/12/2135/1466.png
12,2135,1467,map/tiles/12/2135/1467.png
12,2135,1468,map/tiles/12/2135/1468.png
12,2135,1469,map/tiles/12/2135/1469.png
12,2135,1470,map/tiles/12/2135/1470.png
12,2135,1471,map/tiles/12/2135/1471.png
12,2135,1472,map/tiles/12/2135/1472.png
12,2135,1473,map/tiles/12/2135/1473.png
12,2135,1474,map/tiles/12/2135/1474.png
12,2135,1475,map/tiles/12/2135/1475.png
12,2136,1371,map/tiles/12/2136/1371.png
12,2136,1372,map/tiles/12/2136/1372.png
12,2136,1373,map/tiles/12/2136/1373.png
12,2136,1374,map/tiles/12/2136/1374.png
12,2136,1375,map/tiles/12/2136/1375.png
12,2136,1376,map/tiles/12/2136/1376.png
12,2136,1377,map/tiles/12/2136/1377.png
12,2136,1378,map/tiles/12/2136/1378.png
12,2136,1379,map/tiles/12/2136/1379.png
12,2136,1380,map/tiles/12/2136/1380.png
12,2136,1381,map/tiles/12/2136/1381.png
12,2136,1382,map/tiles/12/2136/1382.png
12,2136,1383,map/tiles/12/2136/1383.png
12,2136,1384,map/tiles/12/2136/1384.png
12,2136,1385,map/tiles/12/2136/1385.png
12,2136,1386,map/tiles/12/2136/1386.png
12,2136,1387,map/tiles/12/2136/1387.png
12,2136,1388,map/tiles/12/2136/1388.png
12,2136,1389,map/tiles/12/2136/1389.png
12,2136,1390,map/tiles/12/2136/1390.png
12,2136,1391,map/tiles/12/2136/1391.png
12,2136,1392,map/tiles/12/2136/1392.png
12,2136,1393,map/tiles/12/2136/1393.png
12,2136,1394,map/tiles/12/2136/1394.png
12,2136,1395,map/tiles/12/2136/1395.png
12,2136,1396,map/tiles/12/2136/1396.png
12,2136,1397,map/tiles/12/2136/1397.png
12,2136,1398,map/tiles/12/2136/1398.png
12,2136,1399,map/tiles/12/2136/1399.png
12,2136,1400,map/tiles/12/2136/1400.png
12,2136,1401,map/tiles/12/2136/1401.png
12,2136,1402,map/tiles/12/2136/1402.png
12,2136,1403,map/tiles/12/2136/1403.png
12,2136,1404,map/tiles/12/2136/1404.png
12,2136,1405,map/tiles/12/2136/1405.png
12,2136,1406,map/tiles/12/2136/1406.png
12,2136,1407,map/tiles/12/2136/1407.png
12,2136,1408,map/tiles/12/2136/1408.png
12,2136,1409,map/tiles/12/2136/1409.png
12,2136,1410,map/tiles/12/2136/1410.png
12,2136,1411,map/tiles/12/2136/1411.png
12,2136,1412,map/tiles/12/2136/1412.png
12,2136,1413,map/tiles/12/2136/1413.png
12,2136,1414,map/tiles/12/2136/1414.png
12,2136,1415,map/tiles/12/2136/1415.png
12,2136,1416,map/tiles/12/2136/1416.png
12,2136,1417,map/tiles/12/2136/1417.png
12,2136,1418,map/tiles/12/2136/1418.png
12,2136,1419,map/tiles/12/2136/1419.png
12,2136,1420,map/tiles/12/2136/1420.png
12,2136,1421,map/tiles/12/2136/1421.png
12,2136,1422,map/tiles/12/2136/1422.png
12,2136,1423,map/tiles/12/2136/1423.png
12,2136,1424,map/tiles/12/2136/1424.png
12,2136,1425,map/tiles/12/2136/1425.png
12,2136,1426,map/tiles/12/2136/1426.png
12,2136,1427,map/tiles/12/2136/1427.png
12,2136,1428,map/tiles/12/2136/1428.png
12,2136,1429,map/tiles/12/2136/1429.png
12,2136,1430,map/tiles/12/2136/1430.png
12,2136,1431,map/tiles/12/2136/1431.png
12,2136,1432,map/tiles/12/2136/1432.png
12,2136,1433,map/tiles/12/2136/1433.png
12,2136,1434,map/tiles/12/2136/1434.png
12,2136,1435,map/tiles/12/2136/1435.png
12,2136,1436,map/tiles/12/2136/1436.png
12,2136,1437,map/tiles/12/2136/1437.png
12,2136,1438,map/tiles/12/2136/1438.png
12,2136,1439,map/tiles/12/2136/1439.png
12,2136,1440,map/tiles/12/2136/1440.png
12,2136,1441,map/tiles/12/2136/1441.png
12,2136,1442,map/tiles/12/2136/1442.png
12,2136,1443,map/tiles/12/2136/1443.png
12,2136,1444,map/tiles/12/2136/1444.png
12,2136,1445,map/tiles/12/2136/1445.png
12,2136,1446,map/tiles/12/2136/1446.png
12,2136,1447,map/tiles/12/2136/1447.png
12,2136,1448,map/tiles/12/2136/1448.png
12,2136,1449,map/tiles/12/2136/1449.png
12,2136,1450,map/tiles/12/2136/1450.png
12,2136,1451,map/tiles/12/2136/1451.png
12,2136,1452,map/tiles/12/2136/1452.png
12,2136,1453,map/tiles/12/2136/1453.png
12,2136,1454,map/tiles/12/2136/1454.png
12,2136,1455,map/tiles/12/2136/1455.png
12,2136,1456,map/tiles/12/2136/1456.png
12,2136,1457,map/tiles/12/2136/1457.png
12,2136,1458,map/tiles/12/2136/1458.png
12,2136,1459,map/tiles/12/2136/1459.png
12,2136,1460,map/tiles/12/2136/1460.png
12,2136,1461,map/tiles/12/2136/1461.png
12,2136,1462,map/tiles/12/2136/1462.png
12,2136,1463,map/tiles/12/2136/1463.png
12,2136,1464,map/tiles/12/2136/1464.png
12,2136,1465,map/tiles/12/2136/1465.png
12,2136,1466,map/tiles/12/2136/1466.png
12,2136,1467,map/tiles/12/2136/1467.png
12,2136,1468,map/tiles/12/2136/1468.png
12,2136,1469,map/tiles/12/2136/1469.png
12,2136,1470,map/tiles/12/2136/1470.png
12,2136,1471,map/tiles/12/2136/1471.png
12,2136,1472,map/tiles/12/2136/1472.png
12,2136,1473,map/tiles/12/2136/1473.png
12,2136,1474,map/tiles/12/2136/1474.png
12,2136,1475,map/tiles/12/2136/1475.png
12,2137,1371,map/tiles/12/2137/1371.png
12,2137,1372,map/tiles/12/2137/1372.png
12,2137,1373,map/tiles/12/2137/1373.png
12,2137,1374,map/tiles/12/2137/1374.png
12,2137,1375,map/tiles/12/2137/1375.png
12,2137,1376,map/tiles/12/2137/1376.png
12,2137,1377,map/tiles/12/2137/1377.png
12,2137,1378,map/tiles/12/2137/1378.png
12,2137,1379,map/tiles/12/2137/1379.png
12,2137,1380,map/tiles/12/2137/1380.png
12,2137,1381,map/tiles/12/2137/1381.png
12,2137,1382,map/tiles/12/2137/1382.png
12,2137,1383,map/tiles/12/2137/1383.png
12,2137,1384,map/tiles/12/2137/1384.png
12,2137,1385,map/tiles/12/2137/1385.png
12,2137,1386,map/tiles/12/2137/1386.png
12,2137,1387,map/tiles/12/2137/1387.png
12,2137,1388,map/tiles/12/2137/1388.png
12,2137,1389,map/tiles/12/2137/1389.png
12,2137,1390,map/tiles/12/2137/1390.png
12,2137,1391,map/tiles/12/2137/1391.png
12,2137,1392,map/tiles/12/2137/1392.png
12,2137,1393,map/tiles/12/2137/1393.png
12,2137,1394,map/tiles/12/2137/1394.png
12,2137,1395,map/tiles/12/2137/1395.png
12,2137,1396,map/tiles/12/2137/1396.png
12,2137,1397,map/tiles/12/2137/1397.png
12,2137,1398,map/tiles/12/2137/1398.png
12,2137,1399,map/tiles/12/2137/1399.png
12,2137,1400,map/tiles/12/2137/1400.png
12,2137,1401,map/tiles/12/2137/1401.png
12,2137,1402,map/tiles/12/2137/1402.png
12,2137,1403,map/tiles/12/2137/1403.png
12,2137,1404,map/tiles/12/2137/1404.png
12,2137,1405,map/tiles/12/2137/1405.png
12,2137,1406,map/tiles/12/2137/1406.png
12,2137,1407,map/tiles/12/2137/1407.png
12,2137,1408,map/tiles/12/2137/1408.png
12,2137,1409,map/tiles/12/2137/1409.png
12,2137,1410,map/tiles/12/2137/1410.png
12,2137,1411,map/tiles/12/2137/1411.png
12,2137,1412,map/tiles/12/2137/1412.png
12,2137,1413,map/tiles/12/2137/1413.png
12,2137,1414,map/tiles/12/2137/1414.png
12,2137,1415,map/tiles/12/2137/1415.png
12,2137,1416,map/tiles/12/2137/1416.png
12,2137,1417,map/tiles/12/2137/1417.png
12,2137,1418,map/tiles/12/2137/1418.png
12,2137,1419,map/tiles/12/2137/1419.png
12,2137,1420,map/tiles/12/2137/1420.png
12,2137,1421,map/tiles/12/2137/1421.png
12,2137,1422,map/tiles/12/2137/1422.png
12,2137,1423,map/tiles/12/2137/1423.png
12,2137,1424,map/tiles/12/2137/1424.png
12,2137,1425,map/tiles/12/2137/1425.png
12,2137,1426,map/tiles/12/2137/1426.png
12,2137,1427,map/tiles/12/2137/1427.png
12,2137,1428,map/tiles/12/2137/1428.png
12,2137,1429,map/tiles/12/2137/1429.png
12,2137,1430,map/tiles/12/2137/1430.png
12,2137,1431,map/tiles/12/2137/1431.png
12,2137,1432,map/tiles/12/2137/1432.png
12,2137,1433,map/tiles/12/2137/1433.png
12,2137,1434,map/tiles/12/2137/1434.png
12,2137,1435,map/tiles/12/2137/1435.png
12,2137,1436,map/tiles/12/2137/1436.png
12,2137,1437,map/tiles/12/2137/1437.png
12,2137,1438,map/tiles/12/2137/1438.png
12,2137,1439,map/tiles/12/2137/1439.png
12,2137,1440,map/tiles/12/2137/1440.png
12,2137,1441,map/tiles/12/2137/1441.png
12,2137,1442,map/tiles/12/2137/1442.png
12,2137,1443,map/tiles/12/2137/1443.png
12,2137,1444,map/tiles/12/2137/1444.png
12,2137,1445,map/tiles/12/2137/1445.png
12,2137,1446,map/tiles/12/2137/1446.png
12,2137,1447,map/tiles/12/2137/1447.png
12,2137,1448,map/tiles/12/2137/1448.png
12,2137,1449,map/tiles/12/2137/1449.png
12,2137,1450,map/tiles/12/2137/1450.png
12,2137,1451,map/tiles/12/2137/1451.png
12,2137,1452,map/tiles/12/2137/1452.png
12,2137,1453,map/tiles/12/2137/1453.png
12,2137,1454,map/tiles/12/2137/1454.png
12,2137,1455,map/tiles/12/2137/1455.png
12,2137,1456,map/tiles/12/2137/1456.png
12,2137,1457,map/tiles/12/2137/1457.png
12,2137,1458,map/tiles/12/2137/1458.png
12,2137,1459,map/tiles/12/2137/1459.png
12,2137,1460,map/tiles/12/2137/1460.png
12,2137,1461,map/tiles/12/2137/1461.png
12,2137,1462,map/tiles/12/2137/1462.png
12,2137,1463,map/tiles/12/2137/1463.png
12,2137,1464,map/tiles/12/2137/1464.png
12,2137,1465,map/tiles/12/2137/1465.png
12,2137,1466,map/tiles/12/2137/1466.png
12,2137,1467,map/tiles/12/2137/1467.png
12,2137,1468,map/tiles/12/2137/1468.png
12,2137,1469,map/tiles/12/2137/1469.png
12,2137,1470,map/tiles/12/2137/1470.png
12,2137,1471,map/tiles/12/2137/1471.png
12,2137,1472,map/tiles/12/2137/1472.png
12,2137,1473,map/tiles/12/2137/1473.png
12,2137,1474,map/tiles/12/2137/1474.png
12,2137,1475,map/tiles/12/2137/1475.png
12,2138,1371,map/tiles/12/2138/1371.png
12,2138,1372,map/tiles/12/2138/1372.png
12,2138,1373,map/tiles/12/2138/1373.png
12,2138,1374,map/tiles/12/2138/1374.png
12,2138,1375,map/tiles/12/2138/1375.png
12,2138,1376,map/tiles/12/2138/1376.png
12,2138,1377,map/tiles/12/2138/1377.png
12,2138,1378,map/tiles/12/2138/1378.png
12,2138,1379,map/tiles/12/2138/1379.png
12,2138,1380,map/tiles/12/2138/1380.png
12,2138,1381,map/tiles/12/2138/1381.png
12,2138,1382,map/tiles/12/2138/1382.png
12,2138,1383,map/tiles/12/2138/1383.png
12,2138,1384,map/tiles/12/2138/1384.png
12,2138,1385,map/tiles/12/2138/1385.png
12,2138,1386,map/tiles/12/2138/1386.png
12,2138,1387,map/tiles/12/2138/1387.png
12,2138,1388,map/tiles/12/2138/1388.png
12,2138,1389,map/tiles/12/2138/1389.png
12,2138,1390,map/tiles/12/2138/1390.png
12,2138,1391,map/tiles/12/2138/1391.png
12,2138,1392,map/tiles/12/2138/1392.png
12,2138,1393,map/tiles/12/2138/1393.png
12,2138,1394,map/tiles/12/2138/1394.png
12,2138,1395,map/tiles/12/2138/1395.png
12,2138,1396,map/tiles/12/2138/1396.png
12,2138,1397,map/tiles/12/2138/1397.png
12,2138,1398,map/tiles/12/2138/1398.png
12,2138,1399,map/tiles/12/2138/1399.png
12,2138,1400,map/tiles/12/2138/1400.png
12,2138,1401,map/tiles/12/2138/1401.png
12,2138,1402,map/tiles/12/2138/1402.png
12,2138,1403,map/tiles/12/2138/1403.png
12,2138,1404,map/tiles/12/2138/1404.png
12,2138,1405,map/tiles/12/2138/1405.png
12,2138,1406,map/tiles/12/2138/1406.png
12,2138,1407,map/tiles/12/2138/1407.png
12,2138,1408,map/tiles/12/2138/1408.png
12,2138,1409,map/tiles/12/2138/1409.png
12,2138,1410,map/tiles/12/2138/1410.png
12,2138,1411,map/tiles/12/2138/1411.png
12,2138,1412,map/tiles/12/2138/1412.png
12,2138,1413,map/tiles/12/2138/1413.png
12,2138,1414,map/tiles/12/2138/1414.png
12,2138,1415,map/tiles/12/2138/1415.png
12,2138,1416,map/tiles/12/2138/1416.png
12,2138,1417,map/tiles/12/2138/1417.png
12,2138,1418,map/tiles/12/2138/1418.png
12,2138,1419,map/tiles/12/2138/1419.png
12,2138,1420,map/tiles/12/2138/1420.png
12,2138,1421,map/tiles/12/2138/1421.png
12,2138,1422,map/tiles/12/2138/1422.png
12,2138,1423,map/tiles/12/2138/1423.png
12,2138,1424,map/tiles/12/2138/1424.png
12,2138,1425,map/tiles/12/2138/1425.png
12,2138,1426,map/tiles/12/2138/1426.png
12,2138,1427,map/tiles/12/2138/1427.png
12,2138,1428,map/tiles/12/2138/1428.png
12,2138,1429,map/tiles/12/2138/1429.png
12,2138,1430,map/tiles/12/2138/1430.png
12,2138,1431,map/tiles/12/2138/1431.png
12,2138,1432,map/tiles/12/2138/1432.png
12,2138,1433,map/tiles/12/2138/1433.png
12,2138,1434,map/tiles/12/2138/1434.png
12,2138,1435,map/tiles/12/2138/1435.png
12,2138,1436,map/tiles/12/2138/1436.png
12,2138,1437,map/tiles/12/2138/1437.png
12,2138,1438,map/tiles/12/2138/1438.png
12,2138,1439,map/tiles/12/2138/1439.png
12,2138,1440,map/tiles/12/2138/1440.png
12,2138,1441,map/tiles/12/2138/1441.png
12,2138,1442,map/tiles/12/2138/1442.png
12,2138,1443,map/tiles/12/2138/1443.png
12,2138,1444,map/tiles/12/2138/1444.png
12,2138,1445,map/tiles/12/2138/1445.png
12,2138,1446,map/tiles/12/2138/1446.png
12,2138,1447,map/tiles/12/2138/1447.png
12,2138,1448,map/tiles/12/2138/1448.png
12,2138,1449,map/tiles/12/2138/1449.png
12,2138,1450,map/tiles/12/2138/1450.png
12,2138,1451,map/tiles/12/2138/1451.png
12,2138,1452,map/tiles/12/2138/1452.png
12,2138,1453,map/tiles/12/2138/1453.png
12,2138,1454,map/tiles/12/2138/1454.png
12,2138,1455,map/tiles/12/2138/1455.png
12,2138,1456,map/tiles/12/2138/1456.png
12,2138,1457,map/tiles/12/2138/1457.png
12,2138,1458,map/tiles/12/2138/1458.png
12,2138,1459,map/tiles/12/2138/1459.png
12,2138,1460,map/tiles/12/2138/1460.png
12,2138,1461,map/tiles/12/2138/1461.png
12,2138,1462,map/tiles/12/2138/1462.png
12,2138,1463,map/tiles/12/2138/1463.png
12,2138,1464,map/tiles/12/2138/1464.png
12,2138,1465,map/tiles/12/2138/1465.png
12,2138,1466,map/tiles/12/2138/1466.png
12,2138,1467,map/tiles/12/2138/1467.png
12,2138,1468,map/tiles/12/2138/1468.png
12,2138,1469,map/tiles/12/2138/1469.png
12,2138,1470,map/tiles/12/2138/1470.png
12,2138,1471,map/tiles/12/2138/1471.png
12,2138,1472,map/tiles/12/2138/1472.png
12,2138,1473,map/tiles/12/2138/1473.png
12,2138,1474,map/tiles/12/2138/1474.png
12,2138,1475,map/tiles/12/2138/1475.png
12,2139,1371,map/tiles/12/2139/1371.png
12,2139,1372,map/tiles/12/2139/1372.png
12,2139,1373,map/tiles/12/2139/1373.png
12,2139,1374,map/tiles/12/2139/1374.png
12,2139,1375,map/tiles/12/2139/1375.png
12,2139,1376,map/tiles/12/2139/1376.png
12,2139,1377,map/tiles/12/2139/1377.png
12,2139,1378,map/tiles/12/2139/1378.png
12,2139,1379,map/tiles/12/2139/1379.png
12,2139,1380,map/tiles/12/2139/1380.png
12,2139,1381,map/tiles/12/2139/1381.png
12,2139,1382,map/tiles/12/2139/1382.png
12,2139,1383,map/tiles/12/2139/1383.png
12,2139,1384,map/tiles/12/2139/1384.png
12,2139,1385,map/tiles/12/2139/1385.png
12,2139,1386,map/tiles/12/2139/1386.png
12,2139,1387,map/tiles/12/2139/1387.png
12,2139,1388,map/tiles/12/2139/1388.png
12,2139,1389,map/tiles/12/2139/1389.png
12,2139,1390,map/tiles/12/2139/1390.png
12,2139,1391,map/tiles/12/2139/1391.png
12,2139,1392,map/tiles/12/2139/1392.png
12,2139,1393,map/tiles/12/2139/1393.png
12,2139,1394,map/tiles/12/2139/1394.png
12,2139,1395,map/tiles/12/2139/1395.png
12,2139,1396,map/tiles/12/2139/1396.png
12,2139,1397,map/tiles/12/2139/1397.png
12,2139,1398,map/tiles/12/2139/1398.png
12,2139,1399,map/tiles/12/2139/1399.png
12,2139,1400,map/tiles/12/2139/1400.png
12,2139,1401,map/tiles/12/2139/1401.png
12,2139,1402,map/tiles/12/2139/1402.png
12,2139,1403,map/tiles/12/2139/1403.png
12,2139,1404,map/tiles/12/2139/1404.png
12,2139,1405,map/tiles/12/2139/1405.png
12,2139,1406,map/tiles/12/2139/1406.png
12,2139,1407,map/tiles/12/2139/1407.png
12,2139,1408,map/tiles/12/2139/1408.png
12,2139,1409,map/tiles/12/2139/1409.png
12,2139,1410,map/tiles/12/2139/1410.png
12,2139,1411,map/tiles/12/2139/1411.png
12,2139,1412,map/tiles/12/2139/1412.png
12,2139,1413,map/tiles/12/2139/1413.png
12,2139,1414,map/tiles/12/2139/1414.png
12,2139,1415,map/tiles/12/2139/1415.png
12,2139,1416,map/tiles/12/2139/1416.png
12,2139,1417,map/tiles/12/2139/1417.png
12,2139,1418,map/tiles/12/2139/1418.png
12,2139,1419,map/tiles/12/2139/1419.png
12,2139,1420,map/tiles/12/2139/1420.png
12,2139,1421,map/tiles/12/2139/1421.png
12,2139,1422,map/tiles/12/2139/1422.png
12,2139,1423,map/tiles/12/2139/1423.png
12,2139,1424,map/tiles/12/2139/1424.png
12,2139,1425,map/tiles/12/2139/1425.png
12,2139,1426,map/tiles/12/2139/1426.png
12,2139,1427,map/tiles/12/2139/1427.png
12,2139,1428,map/tiles/12/2139/1428.png
12,2139,1429,map/tiles/12/2139/1429.png
12,2139,1430,map/tiles/12/2139/1430.png
12,2139,1431,map/tiles/12/2139/1431.png
12,2139,1432,map/tiles/12/2139/1432.png
12,2139,1433,map/tiles/12/2139/1433.png
12,2139,1434,map/tiles/12/2139/1434.png
12,2139,1435,map/tiles/12/2139/1435.png
12,2139,1436,map/tiles/12/2139/1436.png
12,2139,1437,map/tiles/12/2139/1437.png
12,2139,1438,map/tiles/12/2139/1438.png
12,2139,1439,map/tiles/12/2139/1439.png
12,2139,1440,map/tiles/12/2139/1440.png
12,2139,1441,map/tiles/12/2139/1441.png
12,2139,1442,map/tiles/12/2139/1442.png
12,2139,1443,map/tiles/12/2139/1443.png
12,2139,1444,map/tiles/12/2139/1444.png
12,2139,1445,map/tiles/12/2139/1445.png
12,2139,1446,map/tiles/12/2139/1446.png
12,2139,1447,map/tiles/12/2139/1447.png
12,2139,1448,map/tiles/12/2139/1448.png
12,2139,1449,map/tiles/12/2139/1449.png
12,2139,1450,map/tiles/12/2139/1450.png
12,2139,1451,map/tiles/12/2139/1451.png
12,2139,1452,map/tiles/12/2139/1452.png
12,2139,1453,map/tiles/12/2139/1453.png
12,2139,1454,map/tiles/12/2139/1454.png
12,2139,1455,map/tiles/12/2139/1455.png
12,2139,1456,map/tiles/12/2139/1456.png
12,2139,1457,map/tiles/12/2139/1457.png
12,2139,1458,map/tiles/12/2139/1458.png
12,2139,1459,map/tiles/12/2139/1459.png
12,2139,1460,map/tiles/12/2139/1460.png
12,2139,1461,map/tiles/12/2139/1461.png
12,2139,1462,map/tiles/12/2139/1462.png
12,2139,1463,map/tiles/12/2139/1463.png
12,2139,1464,map/tiles/12/2139/1464.png
12,2139,1465,map/tiles/12/2139/1465.png
12,2139,1466,map/tiles/12/2139/1466.png
12,2139,1467,map/tiles/12/2139/1467.png
12,2139,1468,map/tiles/12/2139/1468.png
12,2139,1469,map/tiles/12/2139/1469.png
12,2139,1470,map/tiles/12/2139/1470.png
12,2139,1471,map/tiles/12/2139/1471.png
12,2139,1472,map/tiles/12/2139/1472.png
12,2139,1473,map/tiles/12/2139/1473.png
12,2139,1474,map/tiles/12/2139/1474.png
12,2139,1475,map/tiles/12/2139/1475.png
12,2140,1371,map/tiles/12/2140/1371.png
12,2140,1372,map/tiles/12/2140/1372.png
12,2140,1373,map/tiles/12/2140/1373.png
12,2140,1374,map/tiles/12/2140/1374.png
12,2140,1375,map/tiles/12/2140/1375.png
12,2140,1376,map/tiles/12/2140/1376.png
12,2140,1377,map/tiles/12/2140/1377.png
12,2140,1378,map/tiles/12/2140/1378.png
12,2140,1379,map/tiles/12/2140/1379.png
12,2140,1380,map/tiles/12/2140/1380.png
12,2140,1381,map/tiles/12/2140/1381.png
12,2140,1382,map/tiles/12/2140/1382.png
12,2140,1383,map/tiles/12/2140/1383.png
12,2140,1384,map/tiles/12/2140/1384.png
12,2140,1385,map/tiles/12/2140/1385.png
12,2140,1386,map/tiles/12/2140/1386.png
12,2140,1387,map/tiles/12/2140/1387.png
12,2140,1388,map/tiles/12/2140/1388.png
12,2140,1389,map/tiles/12/2140/1389.png
12,2140,1390,map/tiles/12/2140/1390.png
12,2140,1391,map/tiles/12/2140/1391.png
12,2140,1392,map/tiles/12/2140/1392.png
12,2140,1393,map/tiles/12/2140/1393.png
12,2140,1394,map/tiles/12/2140/1394.png
12,2140,1395,map/tiles/12/2140/1395.png
12,2140,1396,map/tiles/12/2140/1396.png
12,2140,1397,map/tiles/12/2140/1397.png
12,2140,1398,map/tiles/12/2140/1398.png
12,2140,1399,map/tiles/12/2140/1399.png
12,2140,1400,map/tiles/12/2140/1400.png
12,2140,1401,map/tiles/12/2140/1401.png
12,2140,1402,map/tiles/12/2140/1402.png
12,2140,1403,map/tiles/12/2140/1403.png
12,2140,1404,map/tiles/12/2140/1404.png
12,2140,1405,map/tiles/12/2140/1405.png
12,2140,1406,map/tiles/12/2140/1406.png
12,2140,1407,map/tiles/12/2140/1407.png
12,2140,1408,map/tiles/12/2140/1408.png
12,2140,1409,map/tiles/12/2140/1409.png
12,2140,1410,map/tiles/12/2140/1410.png
12,2140,1411,map/tiles/12/2140/1411.png
12,2140,1412,map/tiles/12/2140/1412.png
12,2140,1413,map/tiles/12/2140/1413.png
12,2140,1414,map/tiles/12/2140/1414.png
12,2140,1415,map/tiles/12/2140/1415.png
12,2140,1416,map/tiles/12/2140/1416.png
12,2140,1417,map/tiles/12/2140/1417.png
12,2140,1418,map/tiles/12/2140/1418.png
12,2140,1419,map/tiles/12/2140/1419.png
12,2140,1420,map/tiles/12/2140/1420.png
12,2140,1421,map/tiles/12/2140/1421.png
12,2140,1422,map/tiles/12/2140/1422.png
12,2140,1423,map/tiles/12/2140/1423.png
12,2140,1424,map/tiles/12/2140/1424.png
12,2140,1425,map/tiles/12/2140/1425.png
12,2140,1426,map/tiles/12/2140/1426.png
12,2140,1427,map/tiles/12/2140/1427.png
12,2140,1428,map/tiles/12/2140/1428.png
12,2140,1429,map/tiles/12/2140/1429.png
12,2140,1430,map/tiles/12/2140/1430.png
12,2140,1431,map/tiles/12/2140/1431.png
12,2140,1432,map/tiles/12/2140/1432.png
12,2140,1433,map/tiles/12/2140/1433.png
12,2140,1434,map/tiles/12/2140/1434.png
12,2140,1435,map/tiles/12/2140/1435.png
12,2140,1436,map/tiles/12/2140/1436.png
12,2140,1437,map/tiles/12/2140/1437.png
12,2140,1438,map/tiles/12/2140/1438.png
12,2140,1439,map/tiles/12/2140/1439.png
12,2140,1440,map/tiles/12/2140/1440.png
12,2140,1441,map/tiles/12/2140/1441.png
12,2140,1442,map/tiles/12/2140/1442.png
12,2140,1443,map/tiles/12/2140/1443.png
12,2140,1444,map/tiles/12/2140/1444.png
12,2140,1445,map/tiles/12/2140/1445.png
12,2140,1446,map/tiles/12/2140/1446.png
12,2140,1447,map/tiles/12/2140/1447.png
12,2140,1448,map/tiles/12/2140/1448.png
12,2140,1449,map/tiles/12/2140/1449.png
12,2140,1450,map/tiles/12/2140/1450.png
12,2140,1451,map/tiles/12/2140/1451.png
12,2140,1452,map/tiles/12/2140/1452.png
12,2140,1453,map/tiles/12/2140/1453.png
12,2140,1454,map/tiles/12/2140/1454.png
12,2140,1455,map/tiles/12/2140/1455.png
12,2140,1456,map/tiles/12/2140/1456.png
12,2140,1457,map/tiles/12/2140/1457.png
12,2140,1458,map/tiles/12/2140/1458.png
12,2140,1459,map/tiles/12/2140/1459.png
12,2140,1460,map/tiles/12/2140/1460.png
12,2140,1461,map/tiles/12/2140/1461.png
12,2140,1462,map/tiles/12/2140/1462.png
12,2140,1463,map/tiles/12/2140/1463.png
12,2140,1464,map/tiles/12/2140/1464.png
12,2140,1465,map/tiles/12/2140/1465.png
12,2140,1466,map/tiles/12/2140/1466.png
12,2140,1467,map/tiles/12/2140/1467.png
12,2140,1468,map/tiles/12/2140/1468.png
12,2140,1469,map/tiles/12/2140/1469.png
12,2140,1470,map/tiles/12/2140/1470.png
12,2140,1471,map/tiles/12/2140/1471.png
12,2140,1472,map/tiles/12/2140/1472.png
12,2140,1473,map/tiles/12/2140/1473.png
12,2140,1474,map/tiles/12/2140/1474.png
12,2140,1475,map/tiles/12/2140/1475.png
12,2141,1371,map/tiles/12/2141/1371.png
12,2141,1372,map/tiles/12/2141/1372.png
12,2141,1373,map/tiles/12/2141/1373.png
12,2141,1374,map/tiles/12/2141/1374.png
12,2141,1375,map/tiles/12/2141/1375.png
12,2141,1376,map/tiles/12/2141/1376.png
12,2141,1377,map/tiles/12/2141/1377.png
12,2141,1378,map/tiles/12/2141/1378.png
12,2141,1379,map/tiles/12/2141/1379.png
12,2141,1380,map/tiles/12/2141/1380.png
12,2141,1381,map/tiles/12/2141/1381.png
12,2141,1382,map/tiles/12/2141/1382.png
12,2141,1383,map/tiles/12/2141/1383.png
12,2141,1384,map/tiles/12/2141/1384.png
12,2141,1385,map/tiles/12/2141/1385.png
12,2141,1386,map/tiles/12/2141/1386.png
12,2141,1387,map/tiles/12/2141/1387.png
12,2141,1388,map/tiles/12/2141/1388.png
12,2141,1389,map/tiles/12/2141/1389.png
12,2141,1390,map/tiles/12/2141/1390.png
12,2141,1391,map/tiles/12/2141/1391.png
12,2141,1392,map/tiles/12/2141/1392.png
12,2141,1393,map/tiles/12/2141/1393.png
12,2141,1394,map/tiles/12/2141/1394.png
12,2141,1395,map/tiles/12/2141/1395.png
12,2141,1396,map/tiles/12/2141/1396.png
12,2141,1397,map/tiles/12/2141/1397.png
12,2141,1398,map/tiles/12/2141/1398.png
12,2141,1399,map/tiles/12/2141/1399.png
12,2141,1400,map/tiles/12/2141/1400.png
12,2141,1401,map/tiles/12/2141/1401.png
12,2141,1402,map/tiles/12/2141/1402.png
12,2141,1403,map/tiles/12/2141/1403.png
12,2141,1404,map/tiles/12/2141/1404.png
12,2141,1405,map/tiles/12/2141/1405.png
12,2141,1406,map/tiles/12/2141/1406.png
12,2141,1407,map/tiles/12/2141/1407.png
12,2141,1408,map/tiles/12/2141/1408.png
12,2141,1409,map/tiles/12/2141/1409.png
12,2141,1410,map/tiles/12/2141/1410.png
12,2141,1411,map/tiles/12/2141/1411.png
12,2141,1412,map/tiles/12/2141/1412.png
12,2141,1413,map/tiles/12/2141/1413.png
12,2141,1414,map/tiles/12/2141/1414.png
12,2141,1415,map/tiles/12/2141/1415.png
12,2141,1416,map/tiles/12/2141/1416.png
12,2141,1417,map/tiles/12/2141/1417.png
12,2141,1418,map/tiles/12/2141/1418.png
12,2141,1419,map/tiles/12/2141/1419.png
12,2141,1420,map/tiles/12/2141/1420.png
12,2141,1421,map/tiles/12/2141/1421.png
12,2141,1422,map/tiles/12/2141/1422.png
12,2141,1423,map/tiles/12/2141/1423.png
12,2141,1424,map/tiles/12/2141/1424.png
12,2141,1425,map/tiles/12/2141/1425.png
12,2141,1426,map/tiles/12/2141/1426.png
12,2141,1427,map/tiles/12/2141/1427.png
12,2141,1428,map/tiles/12/2141/1428.png
12,2141,1429,map/tiles/12/2141/1429.png
12,2141,1430,map/tiles/12/2141/1430.png
12,2141,1431,map/tiles/12/2141/1431.png
12,2141,1432,map/tiles/12/2141/1432.png
12,2141,1433,map/tiles/12/2141/1433.png
12,2141,1434,map/tiles/12/2141/1434.png
12,2141,1435,map/tiles/12/2141/1435.png
12,2141,1436,map/tiles/12/2141/1436.png
12,2141,1437,map/tiles/12/2141/1437.png
12,2141,1438,map/tiles/12/2141/1438.png
12,2141,1439,map/tiles/12/2141/1439.png
12,2141,1440,map/tiles/12/2141/1440.png
12,2141,1441,map/tiles/12/2141/1441.png
12,2141,1442,map/tiles/12/2141/1442.png
12,2141,1443,map/tiles/12/2141/1443.png
12,2141,1444,map/tiles/12/2141/1444.png
12,2141,1445,map/tiles/12/2141/1445.png
12,2141,1446,map/tiles/12/2141/1446.png
12,2141,1447,map/tiles/12/2141/1447.png
12,2141,1448,map/tiles/12/2141/1448.png
12,2141,1449,map/tiles/12/2141/1449.png
12,2141,1450,map/tiles/12/2141/1450.png
12,2141,1451,map/tiles/12/2141/1451.png
12,2141,1452,map/tiles/12/2141/1452.png
12,2141,1453,map/tiles/12/2141/1453.png
12,2141,1454,map/tiles/12/2141/1454.png
12,2141,1455,map/tiles/12/2141/1455.png
12,2141,1456,map/tiles/12/2141/1456.png
12,2141,1457,map/tiles/12/2141/1457.png
12,2141,1458,map/tiles/12/2141/1458.png
12,2141,1459,map/tiles/12/2141/1459.png
12,2141,1460,map/tiles/12/2141/1460.png
12,2141,1461,map/tiles/12/2141/1461.png
12,2141,1462,map/tiles/12/2141/1462.png
12,2141,1463,map/tiles/12/2141/1463.png
12,2141,1464,map/tiles/12/2141/1464.png
12,2141,1465,map/tiles/12/2141/1465.png
12,2141,1466,map/tiles/12/2141/1466.png
12,2141,1467,map/tiles/12/2141/1467.png
12,2141,1468,map/tiles/12/2141/1468.png
12,2141,1469,map/tiles/12/2141/1469.png
12,2141,1470,map/tiles/12/2141/1470.png
12,2141,1471,map/tiles/12/2141/1471.png
12,2141,1472,map/tiles/12/2141/1472.png
12,2141,1473,map/tiles/12/2141/1473.png
12,2141,1474,map/tiles/12/2141/1474.png
12,2141,1475,map/tiles/12/2141/1475.png
12,2142,1371,map/tiles/12/2142/1371.png
12,2142,1372,map/tiles/12/2142/1372.png
12,2142,1373,map/tiles/12/2142/1373.png
12,2142,1374,map/tiles/12/2142/1374.png
12,2142,1375,map/tiles/12/2142/1375.png
12,2142,1376,map/tiles/12/2142/1376.png
12,2142,1377,map/tiles/12/2142/1377.png
12,2142,1378,map/tiles/12/2142/1378.png
12,2142,1379,map/tiles/12/2142/1379.png
12,2142,1380,map/tiles/12/2142/1380.png
12,2142,1381,map/tiles/12/2142/1381.png
12,2142,1382,map/tiles/12/2142/1382.png
12,2142,1383,map/tiles/12/2142/1383.png
12,2142,1384,map/tiles/12/2142/1384.png
12,2142,1385,map/tiles/12/2142/1385.png
12,2142,1386,map/tiles/12/2142/1386.png
12,2142,1387,map/tiles/12/2142/1387.png
12,2142,1388,map/tiles/12/2142/1388.png
12,2142,1389,map/tiles/12/2142/1389.png
12,2142,1390,map/tiles/12/2142/1390.png
12,2142,1391,map/tiles/12/2142/1391.png
12,2142,1392,map/tiles/12/2142/1392.png
12,2142,1393,map/tiles/12/2142/1393.png
12,2142,1394,map/tiles/12/2142/1394.png
12,2142,1395,map/tiles/12/2142/1395.png
12,2142,1396,map/tiles/12/2142/1396.png
12,2142,1397,map/tiles/12/2142/1397.png
12,2142,1398,map/tiles/12/2142/1398.png
12,2142,1399,map/tiles/12/2142/1399.png
12,2142,1400,map/tiles/12/2142/1400.png
12,2142,1401,map/tiles/12/2142/1401.png
12,2142,1402,map/tiles/12/2142/1402.png
12,2142,1403,map/tiles/12/2142/1403.png
12,2142,1404,map/tiles/12/2142/1404.png
12,2142,1405,map/tiles/12/2142/1405.png
12,2142,1406,map/tiles/12/2142/1406.png
12,2142,1407,map/tiles/12/2142/1407.png
12,2142,1408,map/tiles/12/2142/1408.png
12,2142,1409,map/tiles/12/2142/1409.png
12,2142,1410,map/tiles/12/2142/1410.png
12,2142,1411,map/tiles/12/2142/1411.png
12,2142,1412,map/tiles/12/2142/1412.png
12,2142,1413,map/tiles/12/2142/1413.png
12,2142,1414,map/tiles/12/2142/1414.png
12,2142,1415,map/tiles/12/2142/1415.png
12,2142,1416,map/tiles/12/2142/1416.png
12,2142,1417,map/tiles/12/2142/1417.png
12,2142,1418,map/tiles/12/2142/1418.png
12,2142,1419,map/tiles/12/2142/1419.png
12,2142,1420,map/tiles/12/2142/1420.png
12,2142,1421,map/tiles/12/2142/1421.png
12,2142,1422,map/tiles/12/2142/1422.png
12,2142,1423,map/tiles/12/2142/1423.png
12,2142,1424,map/tiles/12/2142/1424.png
12,2142,1425,map/tiles/12/2142/1425.png
12,2142,1426,map/tiles/12/2142/1426.png
12,2142,1427,map/tiles/12/2142/1427.png
12,2142,1428,map/tiles/12/2142/1428.png
12,2142,1429,map/tiles/12/2142/1429.png
12,2142,1430,map/tiles/12/2142/1430.png
12,2142,1431,map/tiles/12/2142/1431.png
12,2142,1432,map/tiles/12/2142/1432.png
12,2142,1433,map/tiles/12/2142/1433.png
12,2142,1434,map/tiles/12/2142/1434.png
12,2142,1435,map/tiles/12/2142/1435.png
12,2142,1436,map/tiles/12/2142/1436.png
12,2142,1437,map/tiles/12/2142/1437.png
12,2142,1438,map/tiles/12/2142/1438.png
12,2142,1439,map/tiles/12/2142/1439.png
12,2142,1440,map/tiles/12/2142/1440.png
12,2142,1441,map/tiles/12/2142/1441.png
12,2142,1442,map/tiles/12/2142/1442.png
12,2142,1443,map/tiles/12/2142/1443.png
12,2142,1444,map/tiles/12/2142/1444.png
12,2142,1445,map/tiles/12/2142/1445.png
12,2142,1446,map/tiles/12/2142/1446.png
12,2142,1447,map/tiles/12/2142/1447.png
12,2142,1448,map/tiles/12/2142/1448.png
12,2142,1449,map/tiles/12/2142/1449.png
12,2142,1450,map/tiles/12/2142/1450.png
12,2142,1451,map/tiles/12/2142/1451.png
12,2142,1452,map/tiles/12/2142/1452.png
12,2142,1453,map/tiles/12/2142/1453.png
12,2142,1454,map/tiles/12/2142/1454.png
12,2142,1455,map/tiles/12/2142/1455.png
12,2142,1456,map/tiles/12/2142/1456.png
12,2142,1457,map/tiles/12/2142/1457.png
12,2142,1458,map/tiles/12/2142/1458.png
12,2142,1459,map/tiles/12/2142/1459.png
12,2142,1460,map/tiles/12/2142/1460.png
12,2142,1461,map/tiles/12/2142/1461.png
12,2142,1462,map/tiles/12/2142/1462.png
12,2142,1463,map/tiles/12/2142/1463.png
12,2142,1464,map/tiles/12/2142/1464.png
12,2142,1465,map/tiles/12/2142/1465.png
12,2142,1466,map/tiles/12/2142/1466.png
12,2142,1467,map/tiles/12/2142/1467.png
12,2142,1468,map/tiles/12/2142/1468.png
12,2142,1469,map/tiles/12/2142/1469.png
12,2142,1470,map/tiles/12/2142/1470.png
12,2142,1471,map/tiles/12/2142/1471.png
12,2142,1472,map/tiles/12/2142/1472.png
12,2142,1473,map/tiles/12/2142/1473.png
12,2142,1474,map/tiles/12/2142/1474.png
12,2142,1475,map/tiles/12/2142/1475.png
12,2143,1371,map/tiles/12/2143/1371.png
12,2143,1372,map/tiles/12/2143/1372.png
12,2143,1373,map/tiles/12/2143/1373.png
12,2143,1374,map/tiles/12/2143/1374.png
12,2143,1375,map/tiles/12/2143/1375.png
12,2143,1376,map/tiles/12/2143/1376.png
12,2143,1377,map/tiles/12/2143/1377.png
12,2143,1378,map/tiles/12/2143/1378.png
12,2143,1379,map/tiles/12/2143/1379.png
12,2143,1380,map/tiles/12/2143/1380.png
12,2143,1381,map/tiles/12/2143/1381.png
12,2143,1382,map/tiles/12/2143/1382.png
12,2143,1383,map/tiles/12/2143/1383.png
12,2143,1384,map/tiles/12/2143/1384.png
12,2143,1385,map/tiles/12/2143/1385.png
12,2143,1386,map/tiles/12/2143/1386.png
12,2143,1387,map/tiles/12/2143/1387.png
12,2143,1388,map/tiles/12/2143/1388.png
12,2143,1389,map/tiles/12/2143/1389.png
12,2143,1390,map/tiles/12/2143/1390.png
12,2143,1391,map/tiles/12/2143/1391.png
12,2143,1392,map/tiles/12/2143/1392.png
12,2143,1393,map/tiles/12/2143/1393.png
12,2143,1394,map/tiles/12/2143/1394.png
12,2143,1395,map/tiles/12/2143/1395.png
12,2143,1396,map/tiles/12/2143/1396.png
12,2143,1397,map/tiles/12/2143/1397.png
12,2143,1398,map/tiles/12/2143/1398.png
12,2143,1399,map/tiles/12/2143/1399.png
12,2143,1400,map/tiles/12/2143/1400.png
12,2143,1401,map/tiles/12/2143/1401.png
12,2143,1402,map/tiles/12/2143/1402.png
12,2143,1403,map/tiles/12/2143/1403.png
12,2143,1404,map/tiles/12/2143/1404.png
12,2143,1405,map/tiles/12/2143/1405.png
12,2143,1406,map/tiles/12/2143/1406.png
12,2143,1407,map/tiles/12/2143/1407.png
12,2143,1408,map/tiles/12/2143/1408.png
12,2143,1409,map/tiles/12/2143/1409.png
12,2143,1410,map/tiles/12/2143/1410.png
12,2143,1411,map/tiles/12/2143/1411.png
12,2143,1412,map/tiles/12/2143/1412.png
12,2143,1413,map/tiles/12/2143/1413.png
12,2143,1414,map/tiles/12/2143/1414.png
12,2143,1415,map/tiles/12/2143/1415.png
12,2143,1416,map/tiles/12/2143/1416.png
12,2143,1417,map/tiles/12/2143/1417.png
12,2143,1418,map/tiles/12/2143/1418.png
12,2143,1419,map/tiles/12/2143/1419.png
12,2143,1420,map/tiles/12/2143/1420.png
12,2143,1421,map/tiles/12/2143/1421.png
12,2143,1422,map/tiles/12/2143/1422.png
12,2143,1423,map/tiles/12/2143/1423.png
12,2143,1424,map/tiles/12/2143/1424.png
12,2143,1425,map/tiles/12/2143/1425.png
12,2143,1426,map/tiles/12/2143/1426.png
12,2143,1427,map/tiles/12/2143/1427.png
12,2143,1428,map/tiles/12/2143/1428.png
12,2143,1429,map/tiles/12/2143/1429.png
12,2143,1430,map/tiles/12/2143/1430.png
12,2143,1431,map/tiles/12/2143/1431.png
12,2143,1432,map/tiles/12/2143/1432.png
12,2143,1433,map/tiles/12/2143/1433.png
12,2143,1434,map/tiles/12/2143/1434.png
12,2143,1435,map/tiles/12/2143/1435.png
12,2143,1436,map/tiles/12/2143/1436.png
12,2143,1437,map/tiles/12/2143/1437.png
12,2143,1438,map/tiles/12/2143/1438.png
12,2143,1439,map/tiles/12/2143/1439.png
12,2143,1440,map/tiles/12/2143/1440.png
12,2143,1441,map/tiles/12/2143/1441.png
12,2143,1442,map/tiles/12/2143/1442.png
12,2143,1443,map/tiles/12/2143/1443.png
12,2143,1444,map/tiles/12/2143/1444.png
12,2143,1445,map/tiles/12/2143/1445.png
12,2143,1446,map/tiles/12/2143/1446.png
12,2143,1447,map/tiles/12/2143/1447.png
12,2143,1448,map/tiles/12/2143/1448.png
12,2143,1449,map/tiles/12/2143/1449.png
12,2143,1450,map/tiles/12/2143/1450.png
12,2143,1451,map/tiles/12/2143/1451.png
12,2143,1452,map/tiles/12/2143/1452.png
12,2143,1453,map/tiles/12/2143/1453.png
12,2143,1454,map/tiles/12/2143/1454.png
12,2143,1455,map/tiles/12/2143/1455.png
12,2143,1456,map/tiles/12/2143/1456.png
12,2143,1457,map/tiles/12/2143/1457.png
12,2143,1458,map/tiles/12/2143/1458.png
12,2143,1459,map/tiles/12/2143/1459.png
12,2143,1460,map/tiles/12/2143/1460.png
12,2143,1461,map/tiles/12/2143/1461.png
12,2143,1462,map/tiles/12/2143/1462.png
12,2143,1463,map/tiles/12/2143/1463.png
12,2143,1464,map/tiles/12/2143/1464.png
12,2143,1465,map/tiles/12/2143/1465.png
12,2143,1466,map/tiles/12/2143/1466.png
12,2143,1467,map/tiles/12/2143/1467.png
12,2143,1468,map/tiles/12/2143/1468.png
12,2143,1469,map/tiles/12/2143/1469.png
12,2143,1470,map/tiles/12/2143/1470.png
12,2143,1471,map/tiles/12/2143/1471.png
12,2143,1472,map/tiles/12/2143/1472.png
12,2143,1473,map/tiles/12/2143/1473.png
12,2143,1474,map/tiles/12/2143/1474.png
12,2143,1475,map/tiles/12/2143/1475.png
12,2144,1371,map/tiles/12/2144/1371.png
12,2144,1372,map/tiles/12/2144/1372.png
12,2144,1373,map/tiles/12/2144/1373.png
12,2144,1374,map/tiles/12/2144/1374.png
12,2144,1375,map/tiles/12/2144/1375.png
12,2144,1376,map/tiles/12/2144/1376.png
12,2144,1377,map/tiles/12/2144/1377.png
12,2144,1378,map/tiles/12/2144/1378.png
12,2144,1379,map/tiles/12/2144/1379.png
12,2144,1380,map/tiles/12/2144/1380.png
12,2144,1381,map/tiles/12/2144/1381.png
12,2144,1382,map/tiles/12/2144/1382.png
12,2144,1383,map/tiles/12/2144/1383.png
12,2144,1384,map/tiles/12/2144/1384.png
12,2144,1385,map/tiles/12/2144/1385.png
12,2144,1386,map/tiles/12/2144/1386.png
12,2144,1387,map/tiles/12/2144/1387.png
12,2144,1388,map/tiles/12/2144/1388.png
12,2144,1389,map/tiles/12/2144/1389.png
12,2144,1390,map/tiles/12/2144/1390.png
12,2144,1391,map/tiles/12/2144/1391.png
12,2144,1392,map/tiles/12/2144/1392.png
12,2144,1393,map/tiles/12/2144/1393.png
12,2144,1394,map/tiles/12/2144/1394.png
12,2144,1395,map/tiles/12/2144/1395.png
12,2144,1396,map/tiles/12/2144/1396.png
12,2144,1397,map/tiles/12/2144/1397.png
12,2144,1398,map/tiles/12/2144/1398.png
12,2144,1399,map/tiles/12/2144/1399.png
12,2144,1400,map/tiles/12/2144/1400.png
12,2144,1401,map/tiles/12/2144/1401.png
12,2144,1402,map/tiles/12/2144/1402.png
12,2144,1403,map/tiles/12/2144/1403.png
12,2144,1404,map/tiles/12/2144/1404.png
12,2144,1405,map/tiles/12/2144/1405.png
12,2144,1406,map/tiles/12/2144/1406.png
12,2144,1407,map/tiles/12/2144/1407.png
12,2144,1408,map/tiles/12/2144/1408.png
12,2144,1409,map/tiles/12/2144/1409.png
12,2144,1410,map/tiles/12/2144/1410.png
12,2144,1411,map/tiles/12/2144/1411.png
12,2144,1412,map/tiles/12/2144/1412.png
12,2144,1413,map/tiles/12/2144/1413.png
12,2144,1414,map/tiles/12/2144/1414.png
12,2144,1415,map/tiles/12/2144/1415.png
12,2144,1416,map/tiles/12/2144/1416.png
12,2144,1417,map/tiles/12/2144/1417.png
12,2144,1418,map/tiles/12/2144/1418.png
12,2144,1419,map/tiles/12/2144/1419.png
12,2144,1420,map/tiles/12/2144/1420.png
12,2144,1421,map/tiles/12/2144/1421.png
12,2144,1422,map/tiles/12/2144/1422.png
12,2144,1423,map/tiles/12/2144/1423.png
12,2144,1424,map/tiles/12/2144/1424.png
12,2144,1425,map/tiles/12/2144/1425.png
12,2144,1426,map/tiles/12/2144/1426.png
12,2144,1427,map/tiles/12/2144/1427.png
12,2144,1428,map/tiles/12/2144/1428.png
12,2144,1429,map/tiles/12/2144/1429.png
12,2144,1430,map/tiles/12/2144/1430.png
12,2144,1431,map/tiles/12/2144/1431.png
12,2144,1432,map/tiles/12/2144/1432.png
12,2144,1433,map/tiles/12/2144/1433.png
12,2144,1434,map/tiles/12/2144/1434.png
12,2144,1435,map/tiles/12/2144/1435.png
12,2144,1436,map/tiles/12/2144/1436.png
12,2144,1437,map/tiles/12/2144/1437.png
12,2144,1438,map/tiles/12/2144/1438.png
12,2144,1439,map/tiles/12/2144/1439.png
12,2144,1440,map/tiles/12/2144/1440.png
12,2144,1441,map/tiles/12/2144/1441.png
12,2144,1442,map/tiles/12/2144/1442.png
12,2144,1443,map/tiles/12/2144/1443.png
12,2144,1444,map/tiles/12/2144/1444.png
12,2144,1445,map/tiles/12/2144/1445.png
12,2144,1446,map/tiles/12/2144/1446.png
12,2144,1447,map/tiles/12/2144/1447.png
12,2144,1448,map/tiles/12/2144/1448.png
12,2144,1449,map/tiles/12/2144/1449.png
12,2144,1450,map/tiles/12/2144/1450.png
12,2144,1451,map/tiles/12/2144/1451.png
12,2144,1452,map/tiles/12/2144/1452.png
12,2144,1453,map/tiles/12/2144/1453.png
12,2144,1454,map/tiles/12/2144/1454.png
12,2144,1455,map/tiles/12/2144/1455.png
12,2144,1456,map/tiles/12/2144/1456.png
12,2144,1457,map/tiles/12/2144/1457.png
12,2144,1458,map/tiles/12/2144/1458.png
12,2144,1459,map/tiles/12/2144/1459.png
12,2144,1460,map/tiles/12/2144/1460.png
12,2144,1461,map/tiles/12/2144/1461.png
12,2144,1462,map/tiles/12/2144/1462.png
12,2144,1463,map/tiles/12/2144/1463.png
12,2144,1464,map/tiles/12/2144/1464.png
12,2144,1465,map/tiles/12/2144/1465.png
12,2144,1466,map/tiles/12/2144/1466.png
12,2144,1467,map/tiles/12/2144/1467.png
12,2144,1468,map/tiles/12/2144/1468.png
12,2144,1469,map/tiles/12/2144/1469.png
12,2144,1470,map/tiles/12/2144/1470.png
12,2144,1471,map/tiles/12/2144/1471.png
12,2144,1472,map/tiles/12/2144/1472.png
12,2144,1473,map/tiles/12/2144/1473.png
12,2144,1474,map/tiles/12/2144/1474.png
12,2144,1475,map/tiles/12/2144/1475.png
12,2145,1371,map/tiles/12/2145/1371.png
12,2145,1372,map/tiles/12/2145/1372.png
12,2145,1373,map/tiles/12/2145/1373.png
12,2145,1374,map/tiles/12/2145/1374.png
12,2145,1375,map/tiles/12/2145/1375.png
12,2145,1376,map/tiles/12/2145/1376.png
12,2145,1377,map/tiles/12/2145/1377.png
12,2145,1378,map/tiles/12/2145/1378.png
12,2145,1379,map/tiles/12/2145/1379.png
12,2145,1380,map/tiles/12/2145/1380.png
12,2145,1381,map/tiles/12/2145/1381.png
12,2145,1382,map/tiles/12/2145/1382.png
12,2145,1383,map/tiles/12/2145/1383.png
12,2145,1384,map/tiles/12/2145/1384.png
12,2145,1385,map/tiles/12/2145/1385.png
12,2145,1386,map/tiles/12/2145/1386.png
12,2145,1387,map/tiles/12/2145/1387.png
12,2145,1388,map/tiles/12/2145/1388.png
12,2145,1389,map/tiles/12/2145/1389.png
12,2145,1390,map/tiles/12/2145/1390.png
12,2145,1391,map/tiles/12/2145/1391.png
12,2145,1392,map/tiles/12/2145/1392.png
12,2145,1393,map/tiles/12/2145/1393.png
12,2145,1394,map/tiles/12/2145/1394.png
12,2145,1395,map/tiles/12/2145/1395.png
12,2145,1396,map/tiles/12/2145/1396.png
12,2145,1397,map/tiles/12/2145/1397.png
12,2145,1398,map/tiles/12/2145/1398.png
12,2145,1399,map/tiles/12/2145/1399.png
12,2145,1400,map/tiles/12/2145/1400.png
12,2145,1401,map/tiles/12/2145/1401.png
12,2145,1402,map/tiles/12/2145/1402.png
12,2145,1403,map/tiles/12/2145/1403.png
12,2145,1404,map/tiles/12/2145/1404.png
12,2145,1405,map/tiles/12/2145/1405.png
12,2145,1406,map/tiles/12/2145/1406.png
12,2145,1407,map/tiles/12/2145/1407.png
12,2145,1408,map/tiles/12/2145/1408.png
12,2145,1409,map/tiles/12/2145/1409.png
12,2145,1410,map/tiles/12/2145/1410.png
12,2145,1411,map/tiles/12/2145/1411.png
12,2145,1412,map/tiles/12/2145/1412.png
12,2145,1413,map/tiles/12/2145/1413.png
12,2145,1414,map/tiles/12/2145/1414.png
12,2145,1415,map/tiles/12/2145/1415.png
12,2145,1416,map/tiles/12/2145/1416.png
12,2145,1417,map/tiles/12/2145/1417.png
12,2145,1418,map/tiles/12/2145/1418.png
12,2145,1419,map/tiles/12/2145/1419.png
12,2145,1420,map/tiles/12/2145/1420.png
12,2145,1421,map/tiles/12/2145/1421.png
12,2145,1422,map/tiles/12/2145/1422.png
12,2145,1423,map/tiles/12/2145/1423.png
12,2145,1424,map/tiles/12/2145/1424.png
12,2145,1425,map/tiles/12/2145/1425.png
12,2145,1426,map/tiles/12/2145/1426.png
12,2145,1427,map/tiles/12/2145/1427.png
12,2145,1428,map/tiles/12/2145/1428.png
12,2145,1429,map/tiles/12/2145/1429.png
12,2145,1430,map/tiles/12/2145/1430.png
12,2145,1431,map/tiles/12/2145/1431.png
12,2145,1432,map/tiles/12/2145/1432.png
12,2145,1433,map/tiles/12/2145/1433.png
12,2145,1434,map/tiles/12/2145/1434.png
12,2145,1435,map/tiles/12/2145/1435.png
12,2145,1436,map/tiles/12/2145/1436.png
12,2145,1437,map/tiles/12/2145/1437.png
12,2145,1438,map/tiles/12/2145/1438.png
12,2145,1439,map/tiles/12/2145/1439.png
12,2145,1440,map/tiles/12/2145/1440.png
12,2145,1441,map/tiles/12/2145/1441.png
12,2145,1442,map/tiles/12/2145/1442.png
12,2145,1443,map/tiles/12/2145/1443.png
12,2145,1444,map/tiles/12/2145/1444.png
12,2145,1445,map/tiles/12/2145/1445.png
12,2145,1446,map/tiles/12/2145/1446.png
12,2145,1447,map/tiles/12/2145/1447.png
12,2145,1448,map/tiles/12/2145/1448.png
12,2145,1449,map/tiles/12/2145/1449.png
12,2145,1450,map/tiles/12/2145/1450.png
12,2145,1451,map/tiles/12/2145/1451.png
12,2145,1452,map/tiles/12/2145/1452.png
12,2145,1453,map/tiles/12/2145/1453.png
12,2145,1454,map/tiles/12/2145/1454.png
12,2145,1455,map/tiles/12/2145/1455.png
12,2145,1456,map/tiles/12/2145/1456.png
12,2145,1457,map/tiles/12/2145/1457.png
12,2145,1458,map/tiles/12/2145/1458.png
12,2145,1459,map/tiles/12/2145/1459.png
12,2145,1460,map/tiles/12/2145/1460.png
12,2145,1461,map/tiles/12/2145/1461.png
12,2145,1462,map/tiles/12/2145/1462.png
12,2145,1463,map/tiles/12/2145/1463.png
12,2145,1464,map/tiles/12/2145/1464.png
12,2145,1465,map/tiles/12/2145/1465.png
12,2145,1466,map/tiles/12/2145/1466.png
12,2145,1467,map/tiles/12/2145/1467.png
12,2145,1468,map/tiles/12/2145/1468.png
12,2145,1469,map/tiles/12/2145/1469.png
12,2145,1470,map/tiles/12/2145/1470.png
12,2145,1471,map/tiles/12/2145/1471.png
12,2145,1472,map/tiles/12/2145/1472.png
12,2145,1473,map/tiles/12/2145/1473.png
12,2145,1474,map/tiles/12/2145/1474.png
12,2145,1475,map/tiles/12/2145/1475.png
12,2146,1371,map/tiles/12/2146/1371.png
12,2146,1372,map/tiles/12/2146/1372.png
12,2146,1373,map/tiles/12/2146/1373.png
12,2146,1374,map/tiles/12/2146/1374.png
12,2146,1375,map/tiles/12/2146/1375.png
12,2146,1376,map/tiles/12/2146/1376.png
12,2146,1377,map/tiles/12/2146/1377.png
12,2146,1378,map/tiles/12/2146/1378.png
12,2146,1379,map/tiles/12/2146/1379.png
12,2146,1380,map/tiles/12/2146/1380.png
12,2146,1381,map/tiles/12/2146/1381.png
12,2146,1382,map/tiles/12/2146/1382.png
12,2146,1383,map/tiles/12/2146/1383.png
12,2146,1384,map/tiles/12/2146/1384.png
12,2146,1385,map/tiles/12/2146/1385.png
12,2146,1386,map/tiles/12/2146/1386.png
12,2146,1387,map/tiles/12/2146/1387.png
12,2146,1388,map/tiles/12/2146/1388.png
12,2146,1389,map/tiles/12/2146/1389.png
12,2146,1390,map/tiles/12/2146/1390.png
12,2146,1391,map/tiles/12/2146/1391.png
12,2146,1392,map/tiles/12/2146/1392.png
12,2146,1393,map/tiles/12/2146/1393.png
12,2146,1394,map/tiles/12/2146/1394.png
12,2146,1395,map/tiles/12/2146/1395.png
12,2146,1396,map/tiles/12/2146/1396.png
12,2146,1397,map/tiles/12/2146/1397.png
12,2146,1398,map/tiles/12/2146/1398.png
12,2146,1399,map/tiles/12/2146/1399.png
12,2146,1400,map/tiles/12/2146/1400.png
12,2146,1401,map/tiles/12/2146/1401.png
12,2146,1402,map/tiles/12/2146/1402.png
12,2146,1403,map/tiles/12/2146/1403.png
12,2146,1404,map/tiles/12/2146/1404.png
12,2146,1405,map/tiles/12/2146/1405.png
12,2146,1406,map/tiles/12/2146/1406.png
12,2146,1407,map/tiles/12/2146/1407.png
12,2146,1408,map/tiles/12/2146/1408.png
12,2146,1409,map/tiles/12/2146/1409.png
12,2146,1410,map/tiles/12/2146/1410.png
12,2146,1411,map/tiles/12/2146/1411.png
12,2146,1412,map/tiles/12/2146/1412.png
12,2146,1413,map/tiles/12/2146/1413.png
12,2146,1414,map/tiles/12/2146/1414.png
12,2146,1415,map/tiles/12/2146/1415.png
12,2146,1416,map/tiles/12/2146/1416.png
12,2146,1417,map/tiles/12/2146/1417.png
12,2146,1418,map/tiles/12/2146/1418.png
12,2146,1419,map/tiles/12/2146/1419.png
12,2146,1420,map/tiles/12/2146/1420.png
12,2146,1421,map/tiles/12/2146/1421.png
12,2146,1422,map/tiles/12/2146/1422.png
12,2146,1423,map/tiles/12/2146/1423.png
12,2146,1424,map/tiles/12/2146/1424.png
12,2146,1425,map/tiles/12/2146/1425.png
12,2146,1426,map/tiles/12/2146/1426.png
12,2146,1427,map/tiles/12/2146/1427.png
12,2146,1428,map/tiles/12/2146/1428.png
12,2146,1429,map/tiles/12/2146/1429.png
12,2146,1430,map/tiles/12/2146/1430.png
12,2146,1431,map/tiles/12/2146/1431.png
12,2146,1432,map/tiles/12/2146/1432.png
12,2146,1433,map/tiles/12/2146/1433.png
12,2146,1434,map/tiles/12/2146/1434.png
12,2146,1435,map/tiles/12/2146/1435.png
12,2146,1436,map/tiles/12/2146/1436.png
12,2146,1437,map/tiles/12/2146/1437.png
12,2146,1438,map/tiles/12/2146/1438.png
12,2146,1439,map/tiles/12/2146/1439.png
12,2146,1440,map/tiles/12/2146/1440.png
12,2146,1441,map/tiles/12/2146/1441.png
12,2146,1442,map/tiles/12/2146/1442.png
12,2146,1443,map/tiles/12/2146/1443.png
12,2146,1444,map/tiles/12/2146/1444.png
12,2146,1445,map/tiles/12/2146/1445.png
12,2146,1446,map/tiles/12/2146/1446.png
12,2146,1447,map/tiles/12/2146/1447.png
12,2146,1448,map/tiles/12/2146/1448.png
12,2146,1449,map/tiles/12/2146/1449.png
12,2146,1450,map/tiles/12/2146/1450.png
12,2146,1451,map/tiles/12/2146/1451.png
12,2146,1452,map/tiles/12/2146/1452.png
12,2146,1453,map/tiles/12/2146/1453.png
12,2146,1454,map/tiles/12/2146/1454.png
12,2146,1455,map/tiles/12/2146/1455.png
12,2146,1456,map/tiles/12/2146/1456.png
12,2146,1457,map/tiles/12/2146/1457.png
12,2146,1458,map/tiles/12/2146/1458.png
12,2146,1459,map/tiles/12/2146/1459.png
12,2146,1460,map/tiles/12/2146/1460.png
12,2146,1461,map/tiles/12/2146/1461.png
12,2146,1462,map/tiles/12/2146/1462.png
12,2146,1463,map/tiles/12/2146/1463.png
12,2146,1464,map/tiles/12/2146/1464.png
12,2146,1465,map/tiles/12/2146/1465.png
12,2146,1466,map/tiles/12/2146/1466.png
12,2146,1467,map/tiles/12/2146/1467.png
12,2146,1468,map/tiles/12/2146/1468.png
12,2146,1469,map/tiles/12/2146/1469.png
12,2146,1470,map/tiles/12/2146/1470.png
12,2146,1471,map/tiles/12/2146/1471.png
12,2146,1472,map/tiles/12/2146/1472.png
12,2146,1473,map/tiles/12/2146/1473.png
12,2146,1474,map/tiles/12/2146/1474.png
12,2146,1475,map/tiles/12/2146/1475.png
12,2147,1371,map/tiles/12/2147/1371.png
12,2147,1372,map/tiles/12/2147/1372.png
12,2147,1373,map/tiles/12/2147/1373.png
12,2147,1374,map/tiles/12/2147/1374.png
12,2147,1375,map/tiles/12/2147/1375.png
12,2147,1376,map/tiles/12/2147/1376.png
12,2147,1377,map/tiles/12/2147/1377.png
12,2147,1378,map/tiles/12/2147/1378.png
12,2147,1379,map/tiles/12/2147/1379.png
12,2147,1380,map/tiles/12/2147/1380.png
12,2147,1381,map/tiles/12/2147/1381.png
12,2147,1382,map/tiles/12/2147/1382.png
12,2147,1383,map/tiles/12/2147/1383.png
12,2147,1384,map/tiles/12/2147/1384.png
12,2147,1385,map/tiles/12/2147/1385.png
12,2147,1386,map/tiles/12/2147/1386.png
12,2147,1387,map/tiles/12/2147/1387.png
12,2147,1388,map/tiles/12/2147/1388.png
12,2147,1389,map/tiles/12/2147/1389.png
12,2147,1390,map/tiles/12/2147/1390.png
12,2147,1391,map/tiles/12/2147/1391.png
12,2147,1392,map/tiles/12/2147/1392.png
12,2147,1393,map/tiles/12/2147/1393.png
12,2147,1394,map/tiles/12/2147/1394.png
12,2147,1395,map/tiles/12/2147/1395.png
12,2147,1396,map/tiles/12/2147/1396.png
12,2147,1397,map/tiles/12/2147/1397.png
12,2147,1398,map/tiles/12/2147/1398.png
12,2147,1399,map/tiles/12/2147/1399.png
12,2147,1400,map/tiles/12/2147/1400.png
12,2147,1401,map/tiles/12/2147/1401.png
12,2147,1402,map/tiles/12/2147/1402.png
12,2147,1403,map/tiles/12/2147/1403.png
12,2147,1404,map/tiles/12/2147/1404.png
12,2147,1405,map/tiles/12/2147/1405.png
12,2147,1406,map/tiles/12/2147/1406.png
12,2147,1407,map/tiles/12/2147/1407.png
12,2147,1408,map/tiles/12/2147/1408.png
12,2147,1409,map/tiles/12/2147/1409.png
12,2147,1410,map/tiles/12/2147/1410.png
12,2147,1411,map/tiles/12/2147/1411.png
12,2147,1412,map/tiles/12/2147/1412.png
12,2147,1413,map/tiles/12/2147/1413.png
12,2147,1414,map/tiles/12/2147/1414.png
12,2147,1415,map/tiles/12/2147/1415.png
12,2147,1416,map/tiles/12/2147/1416.png
12,2147,1417,map/tiles/12/2147/1417.png
12,2147,1418,map/tiles/12/2147/1418.png
12,2147,1419,map/tiles/12/2147/1419.png
12,2147,1420,map/tiles/12/2147/1420.png
12,2147,1421,map/tiles/12/2147/1421.png
12,2147,1422,map/tiles/12/2147/1422.png
12,2147,1423,map/tiles/12/2147/1423.png
12,2147,1424,map/tiles/12/2147/1424.png
12,2147,1425,map/tiles/12/2147/1425.png
12,2147,1426,map/tiles/12/2147/1426.png
12,2147,1427,map/tiles/12/2147/1427.png
12,2147,1428,map/tiles/12/2147/1428.png
12,2147,1429,map/tiles/12/2147/1429.png
12,2147,1430,map/tiles/12/2147/1430.png
12,2147,1431,map/tiles/12/2147/1431.png
12,2147,1432,map/tiles/12/2147/1432.png
12,2147,1433,map/tiles/12/2147/1433.png
12,2147,1434,map/tiles/12/2147/1434.png
12,2147,1435,map/tiles/12/2147/1435.png
12,2147,1436,map/tiles/12/2147/1436.png
12,2147,1437,map/tiles/12/2147/1437.png
12,2147,1438,map/tiles/12/2147/1438.png
12,2147,1439,map/tiles/12/2147/1439.png
12,2147,1440,map/tiles/12/2147/1440.png
12,2147,1441,map/tiles/12/2147/1441.png
12,2147,1442,map/tiles/12/2147/1442.png
12,2147,1443,map/tiles/12/2147/1443.png
12,2147,1444,map/tiles/12/2147/1444.png
12,2147,1445,map/tiles/12/2147/1445.png
12,2147,1446,map/tiles/12/2147/1446.png
12,2147,1447,map/tiles/12/2147/1447.png
12,2147,1448,map/tiles/12/2147/1448.png
12,2147,1449,map/tiles/12/2147/1449.png
12,2147,1450,map/tiles/12/2147/1450.png
12,2147,1451,map/tiles/12/2147/1451.png
12,2147,1452,map/tiles/12/2147/1452.png
12,2147,1453,map/tiles/12/2147/1453.png
12,2147,1454,map/tiles/12/2147/1454.png
12,2147,1455,map/tiles/12/2147/1455.png
12,2147,1456,map/tiles/12/2147/1456.png
12,2147,1457,map/tiles/12/2147/1457.png
12,2147,1458,map/tiles/12/2147/1458.png
12,2147,1459,map/tiles/12/2147/1459.png
12,2147,1460,map/tiles/12/2147/1460.png
12,2147,1461,map/tiles/12/2147/1461.png
12,2147,1462,map/tiles/12/2147/1462.png
12,2147,1463,map/tiles/12/2147/1463.png
12,2147,1464,map/tiles/12/2147/1464.png
12,2147,1465,map/tiles/12/2147/1465.png
12,2147,1466,map/tiles/12/2147/1466.png
12,2147,1467,map/tiles/12/2147/1467.png
12,2147,1468,map/tiles/12/2147/1468.png
12,2147,1469,map/tiles/12/2147/1469.png
12,2147,1470,map/tiles/12/2147/1470.png
12,2147,1471,map/tiles/12/2147/1471.png
12,2147,1472,map/tiles/12/2147/1472.png
12,2147,1473,map/tiles/12/2147/1473.png
12,2147,1474,map/tiles/12/2147/1474.png
12,2147,1475,map/tiles/12/2147/1475.png
12,2148,1371,map/tiles/12/2148/1371.png
12,2148,1372,map/tiles/12/2148/1372.png
12,2148,1373,map/tiles/12/2148/1373.png
12,2148,1374,map/tiles/12/2148/1374.png
12,2148,1375,map/tiles/12/2148/1375.png
12,2148,1376,map/tiles/12/2148/1376.png
12,2148,1377,map/tiles/12/2148/1377.png
12,2148,1378,map/tiles/12/2148/1378.png
12,2148,1379,map/tiles/12/2148/1379.png
12,2148,1380,map/tiles/12/2148/1380.png
12,2148,1381,map/tiles/12/2148/1381.png
12,2148,1382,map/tiles/12/2148/1382.png
12,2148,1383,map/tiles/12/2148/1383.png
12,2148,1384,map/tiles/12/2148/1384.png
12,2148,1385,map/tiles/12/2148/1385.png
12,2148,1386,map/tiles/12/2148/1386.png
12,2148,1387,map/tiles/12/2148/1387.png
12,2148,1388,map/tiles/12/2148/1388.png
12,2148,1389,map/tiles/12/2148/1389.png
12,2148,1390,map/tiles/12/2148/1390.png
12,2148,1391,map/tiles/12/2148/1391.png
12,2148,1392,map/tiles/12/2148/1392.png
12,2148,1393,map/tiles/12/2148/1393.png
12,2148,1394,map/tiles/12/2148/1394.png
12,2148,1395,map/tiles/12/2148/1395.png
12,2148,1396,map/tiles/12/2148/1396.png
12,2148,1397,map/tiles/12/2148/1397.png
12,2148,1398,map/tiles/12/2148/1398.png
12,2148,1399,map/tiles/12/2148/1399.png
12,2148,1400,map/tiles/12/2148/1400.png
12,2148,1401,map/tiles/12/2148/1401.png
12,2148,1402,map/tiles/12/2148/1402.png
12,2148,1403,map/tiles/12/2148/1403.png
12,2148,1404,map/tiles/12/2148/1404.png
12,2148,1405,map/tiles/12/2148/1405.png
12,2148,1406,map/tiles/12/2148/1406.png
12,2148,1407,map/tiles/12/2148/1407.png
12,2148,1408,map/tiles/12/2148/1408.png
12,2148,1409,map/tiles/12/2148/1409.png
12,2148,1410,map/tiles/12/2148/1410.png
12,2148,1411,map/tiles/12/2148/1411.png
12,2148,1412,map/tiles/12/2148/1412.png
12,2148,1413,map/tiles/12/2148/1413.png
12,2148,1414,map/tiles/12/2148/1414.png
12,2148,1415,map/tiles/12/2148/1415.png
12,2148,1416,map/tiles/12/2148/1416.png
12,2148,1417,map/tiles/12/2148/1417.png
12,2148,1418,map/tiles/12/2148/1418.png
12,2148,1419,map/tiles/12/2148/1419.png
12,2148,1420,map/tiles/12/2148/1420.png
12,2148,1421,map/tiles/12/2148/1421.png
12,2148,1422,map/tiles/12/2148/1422.png
12,2148,1423,map/tiles/12/2148/1423.png
12,2148,1424,map/tiles/12/2148/1424.png
12,2148,1425,map/tiles/12/2148/1425.png
12,2148,1426,map/tiles/12/2148/1426.png
12,2148,1427,map/tiles/12/2148/1427.png
12,2148,1428,map/tiles/12/2148/1428.png
12,2148,1429,map/tiles/12/2148/1429.png
12,2148,1430,map/tiles/12/2148/1430.png
12,2148,1431,map/tiles/12/2148/1431.png
12,2148,1432,map/tiles/12/2148/1432.png
12,2148,1433,map/tiles/12/2148/1433.png
12,2148,1434,map/tiles/12/2148/1434.png
12,2148,1435,map/tiles/12/2148/1435.png
12,2148,1436,map/tiles/12/2148/1436.png
12,2148,1437,map/tiles/12/2148/1437.png
12,2148,1438,map/tiles/12/2148/1438.png
12,2148,1439,map/tiles/12/2148/1439.png
12,2148,1440,map/tiles/12/2148/1440.png
12,2148,1441,map/tiles/12/2148/1441.png
12,2148,1442,map/tiles/12/2148/1442.png
12,2148,1443,map/tiles/12/2148/1443.png
12,2148,1444,map/tiles/12/2148/1444.png
12,2148,1445,map/tiles/12/2148/1445.png
12,2148,1446,map/tiles/12/2148/1446.png
12,2148,1447,map/tiles/12/2148/1447.png
12,2148,1448,map/tiles/12/2148/1448.png
12,2148,1449,map/tiles/12/2148/1449.png
12,2148,1450,map/tiles/12/2148/1450.png
12,2148,1451,map/tiles/12/2148/1451.png
12,2148,1452,map/tiles/12/2148/1452.png
12,2148,1453,map/tiles/12/2148/1453.png
12,2148,1454,map/tiles/12/2148/1454.png
12,2148,1455,map/tiles/12/2148/1455.png
12,2148,1456,map/tiles/12/2148/1456.png
12,2148,1457,map/tiles/12/2148/1457.png
12,2148,1458,map/tiles/12/2148/1458.png
12,2148,1459,map/tiles/12/2148/1459.png
12,2148,1460,map/tiles/12/2148/1460.png
12,2148,1461,map/tiles/12/2148/1461.png
12,2148,1462,map/tiles/12/2148/1462.png
12,2148,1463,map/tiles/12/2148/1463.png
12,2148,1464,map/tiles/12/2148/1464.png
12,2148,1465,map/tiles/12/2148/1465.png
12,2148,1466,map/tiles/12/2148/1466.png
12,2148,1467,map/tiles/12/2148/1467.png
12,2148,1468,map/tiles/12/2148/1468.png
12,2148,1469,map/tiles/12/2148/1469.png
12,2148,1470,map/tiles/12/2148/1470.png
12,2148,1471,map/tiles/12/2148/1471.png
12,2148,1472,map/tiles/12/2148/1472.png
12,2148,1473,map/tiles/12/2148/1473.png
12,2148,1474,map/tiles/12/2148/1474.png
12,2148,1475,map/tiles/12/2148/1475.png
12,2149,1371,map/tiles/12/2149/1371.png
12,2149,1372,map/tiles/12/2149/1372.png
12,2149,1373,map/tiles/12/2149/1373.png
12,2149,1374,map/tiles/12/2149/1374.png
12,2149,1375,map/tiles/12/2149/1375.png
12,2149,1376,map/tiles/12/2149/1376.png
12,2149,1377,map/tiles/12/2149/1377.png
12,2149,1378,map/tiles/12/2149/1378.png
12,2149,1379,map/tiles/12/2149/1379.png
12,2149,1380,map/tiles/12/2149/1380.png
12,2149,1381,map/tiles/12/2149/1381.png
12,2149,1382,map/tiles/12/2149/1382.png
12,2149,1383,map/tiles/12/2149/1383.png
12,2149,1384,map/tiles/12/2149/1384.png
12,2149,1385,map/tiles/12/2149/1385.png
12,2149,1386,map/tiles/12/2149/1386.png
12,2149,1387,map/tiles/12/2149/1387.png
12,2149,1388,map/tiles/12/2149/1388.png
12,2149,1389,map/tiles/12/2149/1389.png
12,2149,1390,map/tiles/12/2149/1390.png
12,2149,1391,map/tiles/12/2149/1391.png
12,2149,1392,map/tiles/12/2149/1392.png
12,2149,1393,map/tiles/12/2149/1393.png
12,2149,1394,map/tiles/12/2149/1394.png
12,2149,1395,map/tiles/12/2149/1395.png
12,2149,1396,map/tiles/12/2149/1396.png
12,2149,1397,map/tiles/12/2149/1397.png
12,2149,1398,map/tiles/12/2149/1398.png
12,2149,1399,map/tiles/12/2149/1399.png
12,2149,1400,map/tiles/12/2149/1400.png
12,2149,1401,map/tiles/12/2149/1401.png
12,2149,1402,map/tiles/12/2149/1402.png
12,2149,1403,map/tiles/12/2149/1403.png
12,2149,1404,map/tiles/12/2149/1404.png
12,2149,1405,map/tiles/12/2149/1405.png
12,2149,1406,map/tiles/12/2149/1406.png
12,2149,1407,map/tiles/12/2149/1407.png
12,2149,1408,map/tiles/12/2149/1408.png
12,2149,1409,map/tiles/12/2149/1409.png
12,2149,1410,map/tiles/12/2149/1410.png
12,2149,1411,map/tiles/12/2149/1411.png
12,2149,1412,map/tiles/12/2149/1412.png
12,2149,1413,map/tiles/12/2149/1413.png
12,2149,1414,map/tiles/12/2149/1414.png
12,2149,1415,map/tiles/12/2149/1415.png
12,2149,1416,map/tiles/12/2149/1416.png
12,2149,1417,map/tiles/12/2149/1417.png
12,2149,1418,map/tiles/12/2149/1418.png
12,2149,1419,map/tiles/12/2149/1419.png
12,2149,1420,map/tiles/12/2149/1420.png
12,2149,1421,map/tiles/12/2149/1421.png
12,2149,1422,map/tiles/12/2149/1422.png
12,2149,1423,map/tiles/12/2149/1423.png
12,2149,1424,map/tiles/12/2149/1424.png
12,2149,1425,map/tiles/12/2149/1425.png
12,2149,1426,map/tiles/12/2149/1426.png
12,2149,1427,map/tiles/12/2149/1427.png
12,2149,1428,map/tiles/12/2149/1428.png
12,2149,1429,map/tiles/12/2149/1429.png
12,2149,1430,map/tiles/12/2149/1430.png
12,2149,1431,map/tiles/12/2149/1431.png
12,2149,1432,map/tiles/12/2149/1432.png
12,2149,1433,map/tiles/12/2149/1433.png
12,2149,1434,map/tiles/12/2149/1434.png
12,2149,1435,map/tiles/12/2149/1435.png
12,2149,1436,map/tiles/12/2149/1436.png
12,2149,1437,map/tiles/12/2149/1437.png
12,2149,1438,map/tiles/12/2149/1438.png
12,2149,1439,map/tiles/12/2149/1439.png
12,2149,1440,map/tiles/12/2149/1440.png
12,2149,1441,map/tiles/12/2149/1441.png
12,2149,1442,map/tiles/12/2149/1442.png
12,2149,1443,map/tiles/12/2149/1443.png
12,2149,1444,map/tiles/12/2149/1444.png
12,2149,1445,map/tiles/12/2149/1445.png
12,2149,1446,map/tiles/12/2149/1446.png
12,2149,1447,map/tiles/12/2149/1447.png
12,2149,1448,map/tiles/12/2149/1448.png
12,2149,1449,map/tiles/12/2149/1449.png
12,2149,1450,map/tiles/12/2149/1450.png
12,2149,1451,map/tiles/12/2149/1451.png
12,2149,1452,map/tiles/12/2149/1452.png
12,2149,1453,map/tiles/12/2149/1453.png
12,2149,1454,map/tiles/12/2149/1454.png
12,2149,1455,map/tiles/12/2149/1455.png
12,2149,1456,map/tiles/12/2149/1456.png
12,2149,1457,map/tiles/12/2149/1457.png
12,2149,1458,map/tiles/12/2149/1458.png
12,2149,1459,map/tiles/12/2149/1459.png
12,2149,1460,map/tiles/12/2149/1460.png
12,2149,1461,map/tiles/12/2149/1461.png
12,2149,1462,map/tiles/12/2149/1462.png
12,2149,1463,map/tiles/12/2149/1463.png
12,2149,1464,map/tiles/12/2149/1464.png
12,2149,1465,map/tiles/12/2149/1465.png
12,2149,1466,map/tiles/12/2149/1466.png
12,2149,1467,map/tiles/12/2149/1467.png
12,2149,1468,map/tiles/12/2149/1468.png
12,2149,1469,map/tiles/12/2149/1469.png
12,2149,1470,map/tiles/12/2149/1470.png
12,2149,1471,map/tiles/12/2149/1471.png
12,2149,1472,map/tiles/12/2149/1472.png
12,2149,1473,map/tiles/12/2149/1473.png
12,2149,1474,map/tiles/12/2149/1474.png
12,2149,1475,map/tiles/12/2149/1475.png
12,2150,1371,map/tiles/12/2150/1371.png
12,2150,1372,map/tiles/12/2150/1372.png
12,2150,1373,map/tiles/12/2150/1373.png
12,2150,1374,map/tiles/12/2150/1374.png
12,2150,1375,map/tiles/12/2150/1375.png
12,2150,1376,map/tiles/12/2150/1376.png
12,2150,1377,map/tiles/12/2150/1377.png
12,2150,1378,map/tiles/12/2150/1378.png
12,2150,1379,map/tiles/12/2150/1379.png
12,2150,1380,map/tiles/12/2150/1380.png
12,2150,1381,map/tiles/12/2150/1381.png
12,2150,1382,map/tiles/12/2150/1382.png
12,2150,1383,map/tiles/12/2150/1383.png
12,2150,1384,map/tiles/12/2150/1384.png
12,2150,1385,map/tiles/12/2150/1385.png
12,2150,1386,map/tiles/12/2150/1386.png
12,2150,1387,map/tiles/12/2150/1387.png
12,2150,1388,map/tiles/12/2150/1388.png
12,2150,1389,map/tiles/12/2150/1389.png
12,2150,1390,map/tiles/12/2150/1390.png
12,2150,1391,map/tiles/12/2150/1391.png
12,2150,1392,map/tiles/12/2150/1392.png
12,2150,1393,map/tiles/12/2150/1393.png
12,2150,1394,map/tiles/12/2150/1394.png
12,2150,1395,map/tiles/12/2150/1395.png
12,2150,1396,map/tiles/12/2150/1396.png
12,2150,1397,map/tiles/12/2150/1397.png
12,2150,1398,map/tiles/12/2150/1398.png
12,2150,1399,map/tiles/12/2150/1399.png
12,2150,1400,map/tiles/12/2150/1400.png
12,2150,1401,map/tiles/12/2150/1401.png
12,2150,1402,map/tiles/12/2150/1402.png
12,2150,1403,map/tiles/12/2150/1403.png
12,2150,1404,map/tiles/12/2150/1404.png
12,2150,1405,map/tiles/12/2150/1405.png
12,2150,1406,map/tiles/12/2150/1406.png
12,2150,1407,map/tiles/12/2150/1407.png
12,2150,1408,map/tiles/12/2150/1408.png
12,2150,1409,map/tiles/12/2150/1409.png
12,2150,1410,map/tiles/12/2150/1410.png
12,2150,1411,map/tiles/12/2150/1411.png
12,2150,1412,map/tiles/12/2150/1412.png
12,2150,1413,map/tiles/12/2150/1413.png
12,2150,1414,map/tiles/12/2150/1414.png
12,2150,1415,map/tiles/12/2150/1415.png
12,2150,1416,map/tiles/12/2150/1416.png
12,2150,1417,map/tiles/12/2150/1417.png
12,2150,1418,map/tiles/12/2150/1418.png
12,2150,1419,map/tiles/12/2150/1419.png
12,2150,1420,map/tiles/12/2150/1420.png
12,2150,1421,map/tiles/12/2150/1421.png
12,2150,1422,map/tiles/12/2150/1422.png
12,2150,1423,map/tiles/12/2150/1423.png
12,2150,1424,map/tiles/12/2150/1424.png
12,2150,1425,map/tiles/12/2150/1425.png
12,2150,1426,map/tiles/12/2150/1426.png
12,2150,1427,map/tiles/12/2150/1427.png
12,2150,1428,map/tiles/12/2150/1428.png
12,2150,1429,map/tiles/12/2150/1429.png
12,2150,1430,map/tiles/12/2150/1430.png
12,2150,1431,map/tiles/12/2150/1431.png
12,2150,1432,map/tiles/12/2150/1432.png
12,2150,1433,map/tiles/12/2150/1433.png
12,2150,1434,map/tiles/12/2150/1434.png
12,2150,1435,map/tiles/12/2150/1435.png
12,2150,1436,map/tiles/12/2150/1436.png
12,2150,1437,map/tiles/12/2150/1437.png
12,2150,1438,map/tiles/12/2150/1438.png
12,2150,1439,map/tiles/12/2150/1439.png
12,2150,1440,map/tiles/12/2150/1440.png
12,2150,1441,map/tiles/12/2150/1441.png
12,2150,1442,map/tiles/12/2150/1442.png
12,2150,1443,map/tiles/12/2150/1443.png
12,2150,1444,map/tiles/12/2150/1444.png
12,2150,1445,map/tiles/12/2150/1445.png
12,2150,1446,map/tiles/12/2150/1446.png
12,2150,1447,map/tiles/12/2150/1447.png
12,2150,1448,map/tiles/12/2150/1448.png
12,2150,1449,map/tiles/12/2150/1449.png
12,2150,1450,map/tiles/12/2150/1450.png
12,2150,1451,map/tiles/12/2150/1451.png
12,2150,1452,map/tiles/12/2150/1452.png
12,2150,1453,map/tiles/12/2150/1453.png
12,2150,1454,map/tiles/12/2150/1454.png
12,2150,1455,map/tiles/12/2150/1455.png
12,2150,1456,map/tiles/12/2150/1456.png
12,2150,1457,map/tiles/12/2150/1457.png
12,2150,1458,map/tiles/12/2150/1458.png
12,2150,1459,map/tiles/12/2150/1459.png
12,2150,1460,map/tiles/12/2150/1460.png
12,2150,1461,map/tiles/12/2150/1461.png
12,2150,1462,map/tiles/12/2150/1462.png
12,2150,1463,map/tiles/12/2150/1463.png
12,2150,1464,map/tiles/12/2150/1464.png
12,2150,1465,map/tiles/12/2150/1465.png
12,2150,1466,map/tiles/12/2150/1466.png
12,2150,1467,map/tiles/12/2150/1467.png
12,2150,1468,map/tiles/12/2150/1468.png
12,2150,1469,map/tiles/12/2150/1469.png
12,2150,1470,map/tiles/12/2150/1470.png
12,2150,1471,map/tiles/12/2150/1471.png
12,2150,1472,map/tiles/12/2150/1472.png
12,2150,1473,map/tiles/12/2150/1473.png
12,2150,1474,map/tiles/12/2150/1474.png
12,2150,1475,map/tiles/12/2150/1475.png
12,2151,1371,map/tiles/12/2151/1371.png
12,2151,1372,map/tiles/12/2151/1372.png
12,2151,1373,map/tiles/12/2151/1373.png
12,2151,1374,map/tiles/12/2151/1374.png
12,2151,1375,map/tiles/12/2151/1375.png
12,2151,1376,map/tiles/12/2151/1376.png
12,2151,1377,map/tiles/12/2151/1377.png
12,2151,1378,map/tiles/12/2151/1378.png
12,2151,1379,map/tiles/12/2151/1379.png
12,2151,1380,map/tiles/12/2151/1380.png
12,2151,1381,map/tiles/12/2151/1381.png
12,2151,1382,map/tiles/12/2151/1382.png
12,2151,1383,map/tiles/12/2151/1383.png
12,2151,1384,map/tiles/12/2151/1384.png
12,2151,1385,map/tiles/12/2151/1385.png
12,2151,1386,map/tiles/12/2151/1386.png
12,2151,1387,map/tiles/12/2151/1387.png
12,2151,1388,map/tiles/12/2151/1388.png
12,2151,1389,map/tiles/12/2151/1389.png
12,2151,1390,map/tiles/12/2151/1390.png
12,2151,1391,map/tiles/12/2151/1391.png
12,2151,1392,map/tiles/12/2151/1392.png
12,2151,1393,map/tiles/12/2151/1393.png
12,2151,1394,map/tiles/12/2151/1394.png
12,2151,1395,map/tiles/12/2151/1395.png
12,2151,1396,map/tiles/12/2151/1396.png
12,2151,1397,map/tiles/12/2151/1397.png
12,2151,1398,map/tiles/12/2151/1398.png
12,2151,1399,map/tiles/12/2151/1399.png
12,2151,1400,map/tiles/12/2151/1400.png
12,2151,1401,map/tiles/12/2151/1401.png
12,2151,1402,map/tiles/12/2151/1402.png
12,2151,1403,map/tiles/12/2151/1403.png
12,2151,1404,map/tiles/12/2151/1404.png
12,2151,1405,map/tiles/12/2151/1405.png
12,2151,1406,map/tiles/12/2151/1406.png
12,2151,1407,map/tiles/12/2151/1407.png
12,2151,1408,map/tiles/12/2151/1408.png
12,2151,1409,map/tiles/12/2151/1409.png
12,2151,1410,map/tiles/12/2151/1410.png
12,2151,1411,map/tiles/12/2151/1411.png
12,2151,1412,map/tiles/12/2151/1412.png
12,2151,1413,map/tiles/12/2151/1413.png
12,2151,1414,map/tiles/12/2151/1414.png
12,2151,1415,map/tiles/12/2151/1415.png
12,2151,1416,map/tiles/12/2151/1416.png
12,2151,1417,map/tiles/12/2151/1417.png
12,2151,1418,map/tiles/12/2151/1418.png
12,2151,1419,map/tiles/12/2151/1419.png
12,2151,1420,map/tiles/12/2151/1420.png
12,2151,1421,map/tiles/12/2151/1421.png
12,2151,1422,map/tiles/12/2151/1422.png
12,2151,1423,map/tiles/12/2151/1423.png
12,2151,1424,map/tiles/12/2151/1424.png
12,2151,1425,map/tiles/12/2151/1425.png
12,2151,1426,map/tiles/12/2151/1426.png
12,2151,1427,map/tiles/12/2151/1427.png
12,2151,1428,map/tiles/12/2151/1428.png
12,2151,1429,map/tiles/12/2151/1429.png
12,2151,1430,map/tiles/12/2151/1430.png
12,2151,1431,map/tiles/12/2151/1431.png
12,2151,1432,map/tiles/12/2151/1432.png
12,2151,1433,map/tiles/12/2151/1433.png
12,2151,1434,map/tiles/12/2151/1434.png
12,2151,1435,map/tiles/12/2151/1435.png
12,2151,1436,map/tiles/12/2151/1436.png
12,2151,1437,map/tiles/12/2151/1437.png
12,2151,1438,map/tiles/12/2151/1438.png
12,2151,1439,map/tiles/12/2151/1439.png
12,2151,1440,map/tiles/12/2151/1440.png
12,2151,1441,map/tiles/12/2151/1441.png
12,2151,1442,map/tiles/12/2151/1442.png
12,2151,1443,map/tiles/12/2151/1443.png
12,2151,1444,map/tiles/12/2151/1444.png
12,2151,1445,map/tiles/12/2151/1445.png
12,2151,1446,map/tiles/12/2151/1446.png
12,2151,1447,map/tiles/12/2151/1447.png
12,2151,1448,map/tiles/12/2151/1448.png
12,2151,1449,map/tiles/12/2151/1449.png
12,2151,1450,map/tiles/12/2151/1450.png
12,2151,1451,map/tiles/12/2151/1451.png
12,2151,1452,map/tiles/12/2151/1452.png
12,2151,1453,map/tiles/12/2151/1453.png
12,2151,1454,map/tiles/12/2151/1454.png
12,2151,1455,map/tiles/12/2151/1455.png
12,2151,1456,map/tiles/12/2151/1456.png
12,2151,1457,map/tiles/12/2151/1457.png
12,2151,1458,map/tiles/12/2151/1458.png
12,2151,1459,map/tiles/12/2151/1459.png
12,2151,1460,map/tiles/12/2151/1460.png
12,2151,1461,map/tiles/12/2151/1461.png
12,2151,1462,map/tiles/12/2151/1462.png
12,2151,1463,map/tiles/12/2151/1463.png
12,2151,1464,map/tiles/12/2151/1464.png
12,2151,1465,map/tiles/12/2151/1465.png
12,2151,1466,map/tiles/12/2151/1466.png
12,2151,1467,map/tiles/12/2151/1467.png
12,2151,1468,map/tiles/12/2151/1468.png
12,2151,1469,map/tiles/12/2151/1469.png
12,2151,1470,map/tiles/12/2151/1470.png
12,2151,1471,map/tiles/12/2151/1471.png
12,2151,1472,map/tiles/12/2151/1472.png
12,2151,1473,map/tiles/12/2151/1473.png
12,2151,1474,map/tiles/12/2151/1474.png
12,2151,1475,map/tiles/12/2151/1475.png
12,2152,1371,map/tiles/12/2152/1371.png
12,2152,1372,map/tiles/12/2152/1372.png
12,2152,1373,map/tiles/12/2152/1373.png
12,2152,1374,map/tiles/12/2152/1374.png
12,2152,1375,map/tiles/12/2152/1375.png
12,2152,1376,map/tiles/12/2152/1376.png
12,2152,1377,map/tiles/12/2152/1377.png
12,2152,1378,map/tiles/12/2152/1378.png
12,2152,1379,map/tiles/12/2152/1379.png
12,2152,1380,map/tiles/12/2152/1380.png
12,2152,1381,map/tiles/12/2152/1381.png
12,2152,1382,map/tiles/12/2152/1382.png
12,2152,1383,map/tiles/12/2152/1383.png
12,2152,1384,map/tiles/12/2152/1384.png
12,2152,1385,map/tiles/12/2152/1385.png
12,2152,1386,map/tiles/12/2152/1386.png
12,2152,1387,map/tiles/12/2152/1387.png
12,2152,1388,map/tiles/12/2152/1388.png
12,2152,1389,map/tiles/12/2152/1389.png
12,2152,1390,map/tiles/12/2152/1390.png
12,2152,1391,map/tiles/12/2152/1391.png
12,2152,1392,map/tiles/12/2152/1392.png
12,2152,1393,map/tiles/12/2152/1393.png
12,2152,1394,map/tiles/12/2152/1394.png
12,2152,1395,map/tiles/12/2152/1395.png
12,2152,1396,map/tiles/12/2152/1396.png
12,2152,1397,map/tiles/12/2152/1397.png
12,2152,1398,map/tiles/12/2152/1398.png
12,2152,1399,map/tiles/12/2152/1399.png
12,2152,1400,map/tiles/12/2152/1400.png
12,2152,1401,map/tiles/12/2152/1401.png
12,2152,1402,map/tiles/12/2152/1402.png
12,2152,1403,map/tiles/12/2152/1403.png
12,2152,1404,map/tiles/12/2152/1404.png
12,2152,1405,map/tiles/12/2152/1405.png
12,2152,1406,map/tiles/12/2152/1406.png
12,2152,1407,map/tiles/12/2152/1407.png
12,2152,1408,map/tiles/12/2152/1408.png
12,2152,1409,map/tiles/12/2152/1409.png
12,2152,1410,map/tiles/12/2152/1410.png
12,2152,1411,map/tiles/12/2152/1411.png
12,2152,1412,map/tiles/12/2152/1412.png
12,2152,1413,map/tiles/12/2152/1413.png
12,2152,1414,map/tiles/12/2152/1414.png
12,2152,1415,map/tiles/12/2152/1415.png
12,2152,1416,map/tiles/12/2152/1416.png
12,2152,1417,map/tiles/12/2152/1417.png
12,2152,1418,map/tiles/12/2152/1418.png
12,2152,1419,map/tiles/12/2152/1419.png
12,2152,1420,map/tiles/12/2152/1420.png
12,2152,1421,map/tiles/12/2152/1421.png
12,2152,1422,map/tiles/12/2152/1422.png
12,2152,1423,map/tiles/12/2152/1423.png
12,2152,1424,map/tiles/12/2152/1424.png
12,2152,1425,map/tiles/12/2152/1425.png
12,2152,1426,map/tiles/12/2152/1426.png
12,2152,1427,map/tiles/12/2152/1427.png
12,2152,1428,map/tiles/12/2152/1428.png
12,2152,1429,map/tiles/12/2152/1429.png
12,2152,1430,map/tiles/12/2152/1430.png
12,2152,1431,map/tiles/12/2152/1431.png
12,2152,1432,map/tiles/12/2152/1432.png
12,2152,1433,map/tiles/12/2152/1433.png
12,2152,1434,map/tiles/12/2152/1434.png
12,2152,1435,map/tiles/12/2152/1435.png
12,2152,1436,map/tiles/12/2152/1436.png
12,2152,1437,map/tiles/12/2152/1437.png
12,2152,1438,map/tiles/12/2152/1438.png
12,2152,1439,map/tiles/12/2152/1439.png
12,2152,1440,map/tiles/12/2152/1440.png
12,2152,1441,map/tiles/12/2152/1441.png
12,2152,1442,map/tiles/12/2152/1442.png
12,2152,1443,map/tiles/12/2152/1443.png
12,2152,1444,map/tiles/12/2152/1444.png
12,2152,1445,map/tiles/12/2152/1445.png
12,2152,1446,map/tiles/12/2152/1446.png
12,2152,1447,map/tiles/12/2152/1447.png
12,2152,1448,map/tiles/12/2152/1448.png
12,2152,1449,map/tiles/12/2152/1449.png
12,2152,1450,map/tiles/12/2152/1450.png
12,2152,1451,map/tiles/12/2152/1451.png
12,2152,1452,map/tiles/12/2152/1452.png
12,2152,1453,map/tiles/12/2152/1453.png
12,2152,1454,map/tiles/12/2152/1454.png
12,2152,1455,map/tiles/12/2152/1455.png
12,2152,1456,map/tiles/12/2152/1456.png
12,2152,1457,map/tiles/12/2152/1457.png
12,2152,1458,map/tiles/12/2152/1458.png
12,2152,1459,map/tiles/12/2152/1459.png
12,2152,1460,map/tiles/12/2152/1460.png
12,2152,1461,map/tiles/12/2152/1461.png
12,2152,1462,map/tiles/12/2152/1462.png
12,2152,1463,map/tiles/12/2152/1463.png
12,2152,1464,map/tiles/12/2152/1464.png
12,2152,1465,map/tiles/12/2152/1465.png
12,2152,1466,map/tiles/12/2152/1466.png
12,2152,1467,map/tiles/12/2152/1467.png
12,2152,1468,map/tiles/12/2152/1468.png
12,2152,1469,map/tiles/12/2152/1469.png
12,2152,1470,map/tiles/12/2152/1470.png
12,2152,1471,map/tiles/12/2152/1471.png
12,2152,1472,map/tiles/12/2152/1472.png
12,2152,1473,map/tiles/12/2152/1473.png
12,2152,1474,map/tiles/12/2152/1474.png
12,2152,1475,map/tiles/12/2152/1475.png
12,2153,1371,map/tiles/12/2153/1371.png
12,2153,1372,map/tiles/12/2153/1372.png
12,2153,1373,map/tiles/12/2153/1373.png
12,2153,1374,map/tiles/12/2153/1374.png
12,2153,1375,map/tiles/12/2153/1375.png
12,2153,1376,map/tiles/12/2153/1376.png
12,2153,1377,map/tiles/12/2153/1377.png
12,2153,1378,map/tiles/12/2153/1378.png
12,2153,1379,map/tiles/12/2153/1379.png
12,2153,1380,map/tiles/12/2153/1380.png
12,2153,1381,map/tiles/12/2153/1381.png
12,2153,1382,map/tiles/12/2153/1382.png
12,2153,1383,map/tiles/12/2153/1383.png
12,2153,1384,map/tiles/12/2153/1384.png
12,2153,1385,map/tiles/12/2153/1385.png
12,2153,1386,map/tiles/12/2153/1386.png
12,2153,1387,map/tiles/12/2153/1387.png
12,2153,1388,map/tiles/12/2153/1388.png
12,2153,1389,map/tiles/12/2153/1389.png
12,2153,1390,map/tiles/12/2153/1390.png
12,2153,1391,map/tiles/12/2153/1391.png
12,2153,1392,map/tiles/12/2153/1392.png
12,2153,1393,map/tiles/12/2153/1393.png
12,2153,1394,map/tiles/12/2153/1394.png
12,2153,1395,map/tiles/12/2153/1395.png
12,2153,1396,map/tiles/12/2153/1396.png
12,2153,1397,map/tiles/12/2153/1397.png
12,2153,1398,map/tiles/12/2153/1398.png
12,2153,1399,map/tiles/12/2153/1399.png
12,2153,1400,map/tiles/12/2153/1400.png
12,2153,1401,map/tiles/12/2153/1401.png
12,2153,1402,map/tiles/12/2153/1402.png
12,2153,1403,map/tiles/12/2153/1403.png
12,2153,1404,map/tiles/12/2153/1404.png
12,2153,1405,map/tiles/12/2153/1405.png
12,2153,1406,map/tiles/12/2153/1406.png
12,2153,1407,map/tiles/12/2153/1407.png
12,2153,1408,map/tiles/12/2153/1408.png
12,2153,1409,map/tiles/12/2153/1409.png
12,2153,1410,map/tiles/12/2153/1410.png
12,2153,1411,map/tiles/12/2153/1411.png
12,2153,1412,map/tiles/12/2153/1412.png
12,2153,1413,map/tiles/12/2153/1413.png
12,2153,1414,map/tiles/12/2153/1414.png
12,2153,1415,map/tiles/12/2153/1415.png
12,2153,1416,map/tiles/12/2153/1416.png
12,2153,1417,map/tiles/12/2153/1417.png
12,2153,1418,map/tiles/12/2153/1418.png
12,2153,1419,map/tiles/12/2153/1419.png
12,2153,1420,map/tiles/12/2153/1420.png
12,2153,1421,map/tiles/12/2153/1421.png
12,2153,1422,map/tiles/12/2153/1422.png
12,2153,1423,map/tiles/12/2153/1423.png
12,2153,1424,map/tiles/12/2153/1424.png
12,2153,1425,map/tiles/12/2153/1425.png
12,2153,1426,map/tiles/12/2153/1426.png
12,2153,1427,map/tiles/12/2153/1427.png
12,2153,1428,map/tiles/12/2153/1428.png
12,2153,1429,map/tiles/12/2153/1429.png
12,2153,1430,map/tiles/12/2153/1430.png
12,2153,1431,map/tiles/12/2153/1431.png
12,2153,1432,map/tiles/12/2153/1432.png
12,2153,1433,map/tiles/12/2153/1433.png
12,2153,1434,map/tiles/12/2153/1434.png
12,2153,1435,map/tiles/12/2153/1435.png
12,2153,1436,map/tiles/12/2153/1436.png
12,2153,1437,map/tiles/12/2153/1437.png
12,2153,1438,map/tiles/12/2153/1438.png
12,2153,1439,map/tiles/12/2153/1439.png
12,2153,1440,map/tiles/12/2153/1440.png
12,2153,1441,map/tiles/12/2153/1441.png
12,2153,1442,map/tiles/12/2153/1442.png
12,2153,1443,map/tiles/12/2153/1443.png
12,2153,1444,map/tiles/12/2153/1444.png
12,2153,1445,map/tiles/12/2153/1445.png
12,2153,1446,map/tiles/12/2153/1446.png
12,2153,1447,map/tiles/12/2153/1447.png
12,2153,1448,map/tiles/12/2153/1448.png
12,2153,1449,map/tiles/12/2153/1449.png
12,2153,1450,map/tiles/12/2153/1450.png
12,2153,1451,map/tiles/12/2153/1451.png
12,2153,1452,map/tiles/12/2153/1452.png
12,2153,1453,map/tiles/12/2153/1453.png
12,2153,1454,map/tiles/12/2153/1454.png
12,2153,1455,map/tiles/12/2153/1455.png
12,2153,1456,map/tiles/12/2153/1456.png
12,2153,1457,map/tiles/12/2153/1457.png
12,2153,1458,map/tiles/12/2153/1458.png
12,2153,1459,map/tiles/12/2153/1459.png
12,2153,1460,map/tiles/12/2153/1460.png
12,2153,1461,map/tiles/12/2153/1461.png
12,2153,1462,map/tiles/12/2153/1462.png
12,2153,1463,map/tiles/12/2153/1463.png
12,2153,1464,map/tiles/12/2153/1464.png
12,2153,1465,map/tiles/12/2153/1465.png
12,2153,1466,map/tiles/12/2153/1466.png
12,2153,1467,map/tiles/12/2153/1467.png
12,2153,1468,map/tiles/12/2153/1468.png
12,2153,1469,map/tiles/12/2153/1469.png
12,2153,1470,map/tiles/12/2153/1470.png
12,2153,1471,map/tiles/12/2153/1471.png
12,2153,1472,map/tiles/12/2153/1472.png
12,2153,1473,map/tiles/12/2153/1473.png
12,2153,1474,map/tiles/12/2153/1474.png
12,2153,1475,map/tiles/12/2153/1475.png
12,2154,1371,map/tiles/12/2154/1371.png
12,2154,1372,map/tiles/12/2154/1372.png
12,2154,1373,map/tiles/12/2154/1373.png
12,2154,1374,map/tiles/12/2154/1374.png
12,2154,1375,map/tiles/12/2154/1375.png
12,2154,1376,map/tiles/12/2154/1376.png
12,2154,1377,map/tiles/12/2154/1377.png
12,2154,1378,map/tiles/12/2154/1378.png
12,2154,1379,map/tiles/12/2154/1379.png
12,2154,1380,map/tiles/12/2154/1380.png
12,2154,1381,map/tiles/12/2154/1381.png
12,2154,1382,map/tiles/12/2154/1382.png
12,2154,1383,map/tiles/12/2154/1383.png
12,2154,1384,map/tiles/12/2154/1384.png
12,2154,1385,map/tiles/12/2154/1385.png
12,2154,1386,map/tiles/12/2154/1386.png
12,2154,1387,map/tiles/12/2154/1387.png
12,2154,1388,map/tiles/12/2154/1388.png
12,2154,1389,map/tiles/12/2154/1389.png
12,2154,1390,map/tiles/12/2154/1390.png
12,2154,1391,map/tiles/12/2154/1391.png
12,2154,1392,map/tiles/12/2154/1392.png
12,2154,1393,map/tiles/12/2154/1393.png
12,2154,1394,map/tiles/12/2154/1394.png
12,2154,1395,map/tiles/12/2154/1395.png
12,2154,1396,map/tiles/12/2154/1396.png
12,2154,1397,map/tiles/12/2154/1397.png
12,2154,1398,map/tiles/12/2154/1398.png
12,2154,1399,map/tiles/12/2154/1399.png
12,2154,1400,map/tiles/12/2154/1400.png
12,2154,1401,map/tiles/12/2154/1401.png
12,2154,1402,map/tiles/12/2154/1402.png
12,2154,1403,map/tiles/12/2154/1403.png
12,2154,1404,map/tiles/12/2154/1404.png
12,2154,1405,map/tiles/12/2154/1405.png
12,2154,1406,map/tiles/12/2154/1406.png
12,2154,1407,map/tiles/12/2154/1407.png
12,2154,1408,map/tiles/12/2154/1408.png
12,2154,1409,map/tiles/12/2154/1409.png
12,2154,1410,map/tiles/12/2154/1410.png
12,2154,1411,map/tiles/12/2154/1411.png
12,2154,1412,map/tiles/12/2154/1412.png
12,2154,1413,map/tiles/12/2154/1413.png
12,2154,1414,map/tiles/12/2154/1414.png
12,2154,1415,map/tiles/12/2154/1415.png
12,2154,1416,map/tiles/12/2154/1416.png
12,2154,1417,map/tiles/12/2154/1417.png
12,2154,1418,map/tiles/12/2154/1418.png
12,2154,1419,map/tiles/12/2154/1419.png
12,2154,1420,map/tiles/12/2154/1420.png
12,2154,1421,map/tiles/12/2154/1421.png
12,2154,1422,map/tiles/12/2154/1422.png
12,2154,1423,map/tiles/12/2154/1423.png
12,2154,1424,map/tiles/12/2154/1424.png
12,2154,1425,map/tiles/12/2154/1425.png
12,2154,1426,map/tiles/12/2154/1426.png
12,2154,1427,map/tiles/12/2154/1427.png
12,2154,1428,map/tiles/12/2154/1428.png
12,2154,1429,map/tiles/12/2154/1429.png
12,2154,1430,map/tiles/12/2154/1430.png
12,2154,1431,map/tiles/12/2154/1431.png
12,2154,1432,map/tiles/12/2154/1432.png
12,2154,1433,map/tiles/12/2154/1433.png
12,2154,1434,map/tiles/12/2154/1434.png
12,2154,1435,map/tiles/12/2154/1435.png
12,2154,1436,map/tiles/12/2154/1436.png
12,2154,1437,map/tiles/12/2154/1437.png
12,2154,1438,map/tiles/12/2154/1438.png
12,2154,1439,map/tiles/12/2154/1439.png
12,2154,1440,map/tiles/12/2154/1440.png
12,2154,1441,map/tiles/12/2154/1441.png
12,2154,1442,map/tiles/12/2154/1442.png
12,2154,1443,map/tiles/12/2154/1443.png
12,2154,1444,map/tiles/12/2154/1444.png
12,2154,1445,map/tiles/12/2154/1445.png
12,2154,1446,map/tiles/12/2154/1446.png
12,2154,1447,map/tiles/12/2154/1447.png
12,2154,1448,map/tiles/12/2154/1448.png
12,2154,1449,map/tiles/12/2154/1449.png
12,2154,1450,map/tiles/12/2154/1450.png
12,2154,1451,map/tiles/12/2154/1451.png
12,2154,1452,map/tiles/12/2154/1452.png
12,2154,1453,map/tiles/12/2154/1453.png
12,2154,1454,map/tiles/12/2154/1454.png
12,2154,1455,map/tiles/12/2154/1455.png
12,2154,1456,map/tiles/12/2154/1456.png
12,2154,1457,map/tiles/12/2154/1457.png
12,2154,1458,map/tiles/12/2154/1458.png
12,2154,1459,map/tiles/12/2154/1459.png
12,2154,1460,map/tiles/12/2154/1460.png
12,2154,1461,map/tiles/12/2154/1461.png
12,2154,1462,map/tiles/12/2154/1462.png
12,2154,1463,map/tiles/12/2154/1463.png
12,2154,1464,map/tiles/12/2154/1464.png
12,2154,1465,map/tiles/12/2154/1465.png
12,2154,1466,map/tiles/12/2154/1466.png
12,2154,1467,map/tiles/12/2154/1467.png
12,2154,1468,map/tiles/12/2154/1468.png
12,2154,1469,map/tiles/12/2154/1469.png
12,2154,1470,map/tiles/12/2154/1470.png
12,2154,1471,map/tiles/12/2154/1471.png
12,2154,1472,map/tiles/12/2154/1472.png
12,2154,1473,map/tiles/12/2154/1473.png
12,2154,1474,map/tiles/12/2154/1474.png
12,2154,1475,map/tiles/12/2154/1475.png
12,2155,1371,map/tiles/12/2155/1371.png
12,2155,1372,map/tiles/12/2155/1372.png
12,2155,1373,map/tiles/12/2155/1373.png
12,2155,1374,map/tiles/12/2155/1374.png
12,2155,1375,map/tiles/12/2155/1375.png
12,2155,1376,map/tiles/12/2155/1376.png
12,2155,1377,map/tiles/12/2155/1377.png
12,2155,1378,map/tiles/12/2155/1378.png
12,2155,1379,map/tiles/12/2155/1379.png
12,2155,1380,map/tiles/12/2155/1380.png
12,2155,1381,map/tiles/12/2155/1381.png
12,2155,1382,map/tiles/12/2155/1382.png
12,2155,1383,map/tiles/12/2155/1383.png
12,2155,1384,map/tiles/12/2155/1384.png
12,2155,1385,map/tiles/12/2155/1385.png
12,2155,1386,map/tiles/12/2155/1386.png
12,2155,1387,map/tiles/12/2155/1387.png
12,2155,1388,map/tiles/12/2155/1388.png
12,2155,1389,map/tiles/12/2155/1389.png
12,2155,1390,map/tiles/12/2155/1390.png
12,2155,1391,map/tiles/12/2155/1391.png
12,2155,1392,map/tiles/12/2155/1392.png
12,2155,1393,map/tiles/12/2155/1393.png
12,2155,1394,map/tiles/12/2155/1394.png
12,2155,1395,map/tiles/12/2155/1395.png
12,2155,1396,map/tiles/12/2155/1396.png
12,2155,1397,map/tiles/12/2155/1397.png
12,2155,1398,map/tiles/12/2155/1398.png
12,2155,1399,map/tiles/12/2155/1399.png
12,2155,1400,map/tiles/12/2155/1400.png
12,2155,1401,map/tiles/12/2155/1401.png
12,2155,1402,map/tiles/12/2155/1402.png
12,2155,1403,map/tiles/12/2155/1403.png
12,2155,1404,map/tiles/12/2155/1404.png
12,2155,1405,map/tiles/12/2155/1405.png
12,2155,1406,map/tiles/12/2155/1406.png
12,2155,1407,map/tiles/12/2155/1407.png
12,2155,1408,map/tiles/12/2155/1408.png
12,2155,1409,map/tiles/12/2155/1409.png
12,2155,1410,map/tiles/12/2155/1410.png
12,2155,1411,map/tiles/12/2155/1411.png
12,2155,1412,map/tiles/12/2155/1412.png
12,2155,1413,map/tiles/12/2155/1413.png
12,2155,1414,map/tiles/12/2155/1414.png
12,2155,1415,map/tiles/12/2155/1415.png
12,2155,1416,map/tiles/12/2155/1416.png
12,2155,1417,map/tiles/12/2155/1417.png
12,2155,1418,map/tiles/12/2155/1418.png
12,2155,1419,map/tiles/12/2155/1419.png
12,2155,1420,map/tiles/12/2155/1420.png
12,2155,1421,map/tiles/12/2155/1421.png
12,2155,1422,map/tiles/12/2155/1422.png
12,2155,1423,map/tiles/12/2155/1423.png
12,2155,1424,map/tiles/12/2155/1424.png
12,2155,1425,map/tiles/12/2155/1425.png
12,2155,1426,map/tiles/12/2155/1426.png
12,2155,1427,map/tiles/12/2155/1427.png
12,2155,1428,map/tiles/12/2155/1428.png
12,2155,1429,map/tiles/12/2155/1429.png
12,2155,1430,map/tiles/12/2155/1430.png
12,2155,1431,map/tiles/12/2155/1431.png
12,2155,1432,map/tiles/12/2155/1432.png
12,2155,1433,map/tiles/12/2155/1433.png
12,2155,1434,map/tiles/12/2155/1434.png
12,2155,1435,map/tiles/12/2155/1435.png
12,2155,1436,map/tiles/12/2155/1436.png
12,2155,1437,map/tiles/12/2155/1437.png
12,2155,1438,map/tiles/12/2155/1438.png
12,2155,1439,map/tiles/12/2155/1439.png
12,2155,1440,map/tiles/12/2155/1440.png
12,2155,1441,map/tiles/12/2155/1441.png
12,2155,1442,map/tiles/12/2155/1442.png
12,2155,1443,map/tiles/12/2155/1443.png
12,2155,1444,map/tiles/12/2155/1444.png
12,2155,1445,map/tiles/12/2155/1445.png
12,2155,1446,map/tiles/12/2155/1446.png
12,2155,1447,map/tiles/12/2155/1447.png
12,2155,1448,map/tiles/12/2155/1448.png
12,2155,1449,map/tiles/12/2155/1449.png
12,2155,1450,map/tiles/12/2155/1450.png
12,2155,1451,map/tiles/12/2155/1451.png
12,2155,1452,map/tiles/12/2155/1452.png
12,2155,1453,map/tiles/12/2155/1453.png
12,2155,1454,map/tiles/12/2155/1454.png
12,2155,1455,map/tiles/12/2155/1455.png
12,2155,1456,map/tiles/12/2155/1456.png
12,2155,1457,map/tiles/12/2155/1457.png
12,2155,1458,map/tiles/12/2155/1458.png
12,2155,1459,map/tiles/12/2155/1459.png
12,2155,1460,map/tiles/12/2155/1460.png
12,2155,1461,map/tiles/12/2155/1461.png
12,2155,1462,map/tiles/12/2155/1462.png
12,2155,1463,map/tiles/12/2155/1463.png
12,2155,1464,map/tiles/12/2155/1464.png
12,2155,1465,map/tiles/12/2155/1465.png
12,2155,1466,map/tiles/12/2155/1466.png
12,2155,1467,map/tiles/12/2155/1467.png
12,2155,1468,map/tiles/12/2155/1468.png
12,2155,1469,map/tiles/12/2155/1469.png
12,2155,1470,map/tiles/12/2155/1470.png
12,2155,1471,map/tiles/12/2155/1471.png
12,2155,1472,map/tiles/12/2155/1472.png
12,2155,1473,map/tiles/12/2155/1473.png
12,2155,1474,map/tiles/12/2155/1474.png
12,2155,1475,map/tiles/12/2155/1475.png
12,2156,1371,map/tiles/12/2156/1371.png
12,2156,1372,map/tiles/12/2156/1372.png
12,2156,1373,map/tiles/12/2156/1373.png
12,2156,1374,map/tiles/12/2156/1374.png
12,2156,1375,map/tiles/12/2156/1375.png
12,2156,1376,map/tiles/12/2156/1376.png
12,2156,1377,map/tiles/12/2156/1377.png
12,2156,1378,map/tiles/12/2156/1378.png
12,2156,1379,map/tiles/12/2156/1379.png
12,2156,1380,map/tiles/12/2156/1380.png
12,2156,1381,map/tiles/12/2156/1381.png
12,2156,1382,map/tiles/12/2156/1382.png
12,2156,1383,map/tiles/12/2156/1383.png
12,2156,1384,map/tiles/12/2156/1384.png
12,2156,1385,map/tiles/12/2156/1385.png
12,2156,1386,map/tiles/12/2156/1386.png
12,2156,1387,map/tiles/12/2156/1387.png
12,2156,1388,map/tiles/12/2156/1388.png
12,2156,1389,map/tiles/12/2156/1389.png
12,2156,1390,map/tiles/12/2156/1390.png
12,2156,1391,map/tiles/12/2156/1391.png
12,2156,1392,map/tiles/12/2156/1392.png
12,2156,1393,map/tiles/12/2156/1393.png
12,2156,1394,map/tiles/12/2156/1394.png
12,2156,1395,map/tiles/12/2156/1395.png
12,2156,1396,map/tiles/12/2156/1396.png
12,2156,1397,map/tiles/12/2156/1397.png
12,2156,1398,map/tiles/12/2156/1398.png
12,2156,1399,map/tiles/12/2156/1399.png
12,2156,1400,map/tiles/12/2156/1400.png
12,2156,1401,map/tiles/12/2156/1401.png
12,2156,1402,map/tiles/12/2156/1402.png
12,2156,1403,map/tiles/12/2156/1403.png
12,2156,1404,map/tiles/12/2156/1404.png
12,2156,1405,map/tiles/12/2156/1405.png
12,2156,1406,map/tiles/12/2156/1406.png
12,2156,1407,map/tiles/12/2156/1407.png
12,2156,1408,map/tiles/12/2156/1408.png
12,2156,1409,map/tiles/12/2156/1409.png
12,2156,1410,map/tiles/12/2156/1410.png
12,2156,1411,map/tiles/12/2156/1411.png
12,2156,1412,map/tiles/12/2156/1412.png
12,2156,1413,map/tiles/12/2156/1413.png
12,2156,1414,map/tiles/12/2156/1414.png
12,2156,1415,map/tiles/12/2156/1415.png
12,2156,1416,map/tiles/12/2156/1416.png
12,2156,1417,map/tiles/12/2156/1417.png
12,2156,1418,map/tiles/12/2156/1418.png
12,2156,1419,map/tiles/12/2156/1419.png
12,2156,1420,map/tiles/12/2156/1420.png
12,2156,1421,map/tiles/12/2156/1421.png
12,2156,1422,map/tiles/12/2156/1422.png
12,2156,1423,map/tiles/12/2156/1423.png
12,2156,1424,map/tiles/12/2156/1424.png
12,2156,1425,map/tiles/12/2156/1425.png
12,2156,1426,map/tiles/12/2156/1426.png
12,2156,1427,map/tiles/12/2156/1427.png
12,2156,1428,map/tiles/12/2156/1428.png
12,2156,1429,map/tiles/12/2156/1429.png
12,2156,1430,map/tiles/12/2156/1430.png
12,2156,1431,map/tiles/12/2156/1431.png
12,2156,1432,map/tiles/12/2156/1432.png
12,2156,1433,map/tiles/12/2156/1433.png
12,2156,1434,map/tiles/12/2156/1434.png
12,2156,1435,map/tiles/12/2156/1435.png
12,2156,1436,map/tiles/12/2156/1436.png
12,2156,1437,map/tiles/12/2156/1437.png
12,2156,1438,map/tiles/12/2156/1438.png
12,2156,1439,map/tiles/12/2156/1439.png
12,2156,1440,map/tiles/12/2156/1440.png
12,2156,1441,map/tiles/12/2156/1441.png
12,2156,1442,map/tiles/12/2156/1442.png
12,2156,1443,map/tiles/12/2156/1443.png
12,2156,1444,map/tiles/12/2156/1444.png
12,2156,1445,map/tiles/12/2156/1445.png
12,2156,1446,map/tiles/12/2156/1446.png
12,2156,1447,map/tiles/12/2156/1447.png
12,2156,1448,map/tiles/12/2156/1448.png
12,2156,1449,map/tiles/12/2156/1449.png
12,2156,1450,map/tiles/12/2156/1450.png
12,2156,1451,map/tiles/12/2156/1451.png
12,2156,1452,map/tiles/12/2156/1452.png
12,2156,1453,map/tiles/12/2156/1453.png
12,2156,1454,map/tiles/12/2156/1454.png
12,2156,1455,map/tiles/12/2156/1455.png
12,2156,1456,map/tiles/12/2156/1456.png
12,2156,1457,map/tiles/12/2156/1457.png
12,2156,1458,map/tiles/12/2156/1458.png
12,2156,1459,map/tiles/12/2156/1459.png
12,2156,1460,map/tiles/12/2156/1460.png
12,2156,1461,map/tiles/12/2156/1461.png
12,2156,1462,map/tiles/12/2156/1462.png
12,2156,1463,map/tiles/12/2156/1463.png
12,2156,1464,map/tiles/12/2156/1464.png
12,2156,1465,map/tiles/12/2156/1465.png
12,2156,1466,map/tiles/12/2156/1466.png
12,2156,1467,map/tiles/12/2156/1467.png
12,2156,1468,map/tiles/12/2156/1468.png
12,2156,1469,map/tiles/12/2156/1469.png
12,2156,1470,map/tiles/12/2156/1470.png
12,2156,1471,map/tiles/12/2156/1471.png
12,2156,1472,map/tiles/12/2156/1472.png
12,2156,1473,map/tiles/12/2156/1473.png
12,2156,1474,map/tiles/12/2156/1474.png
12,2156,1475,map/tiles/12/2156/1475.png
12,2157,1371,map/tiles/12/2157/1371.png
12,2157,1372,map/tiles/12/2157/1372.png
12,2157,1373,map/tiles/12/2157/1373.png
12,2157,1374,map/tiles/12/2157/1374.png
12,2157,1375,map/tiles/12/2157/1375.png
12,2157,1376,map/tiles/12/2157/1376.png
12,2157,1377,map/tiles/12/2157/1377.png
12,2157,1378,map/tiles/12/2157/1378.png
12,2157,1379,map/tiles/12/2157/1379.png
12,2157,1380,map/tiles/12/2157/1380.png
12,2157,1381,map/tiles/12/2157/1381.png
12,2157,1382,map/tiles/12/2157/1382.png
12,2157,1383,map/tiles/12/2157/1383.png
12,2157,1384,map/tiles/12/2157/1384.png
12,2157,1385,map/tiles/12/2157/1385.png
12,2157,1386,map/tiles/12/2157/1386.png
12,2157,1387,map/tiles/12/2157/1387.png
12,2157,1388,map/tiles/12/2157/1388.png
12,2157,1389,map/tiles/12/2157/1389.png
12,2157,1390,map/tiles/12/2157/1390.png
12,2157,1391,map/tiles/12/2157/1391.png
12,2157,1392,map/tiles/12/2157/1392.png
12,2157,1393,map/tiles/12/2157/1393.png
12,2157,1394,map/tiles/12/2157/1394.png
12,2157,1395,map/tiles/12/2157/1395.png
12,2157,1396,map/tiles/12/2157/1396.png
12,2157,1397,map/tiles/12/2157/1397.png
12,2157,1398,map/tiles/12/2157/1398.png
12,2157,1399,map/tiles/12/2157/1399.png
12,2157,1400,map/tiles/12/2157/1400.png
12,2157,1401,map/tiles/12/2157/1401.png
12,2157,1402,map/tiles/12/2157/1402.png
12,2157,1403,map/tiles/12/2157/1403.png
12,2157,1404,map/tiles/12/2157/1404.png
12,2157,1405,map/tiles/12/2157/1405.png
12,2157,1406,map/tiles/12/2157/1406.png
12,2157,1407,map/tiles/12/2157/1407.png
12,2157,1408,map/tiles/12/2157/1408.png
12,2157,1409,map/tiles/12/2157/1409.png
12,2157,1410,map/tiles/12/2157/1410.png
12,2157,1411,map/tiles/12/2157/1411.png
12,2157,1412,map/tiles/12/2157/1412.png
12,2157,1413,map/tiles/12/2157/1413.png
12,2157,1414,map/tiles/12/2157/1414.png
12,2157,1415,map/tiles/12/2157/1415.png
12,2157,1416,map/tiles/12/2157/1416.png
12,2157,1417,map/tiles/12/2157/1417.png
12,2157,1418,map/tiles/12/2157/1418.png
12,2157,1419,map/tiles/12/2157/1419.png
12,2157,1420,map/tiles/12/2157/1420.png
12,2157,1421,map/tiles/12/2157/1421.png
12,2157,1422,map/tiles/12/2157/1422.png
12,2157,1423,map/tiles/12/2157/1423.png
12,2157,1424,map/tiles/12/2157/1424.png
12,2157,1425,map/tiles/12/2157/1425.png
12,2157,1426,map/tiles/12/2157/1426.png
12,2157,1427,map/tiles/12/2157/1427.png
12,2157,1428,map/tiles/12/2157/1428.png
12,2157,1429,map/tiles/12/2157/1429.png
12,2157,1430,map/tiles/12/2157/1430.png
12,2157,1431,map/tiles/12/2157/1431.png
12,2157,1432,map/tiles/12/2157/1432.png
12,2157,1433,map/tiles/12/2157/1433.png
12,2157,1434,map/tiles/12/2157/1434.png
12,2157,1435,map/tiles/12/2157/1435.png
12,2157,1436,map/tiles/12/2157/1436.png
12,2157,1437,map/tiles/12/2157/1437.png
12,2157,1438,map/tiles/12/2157/1438.png
12,2157,1439,map/tiles/12/2157/1439.png
12,2157,1440,map/tiles/12/2157/1440.png
12,2157,1441,map/tiles/12/2157/1441.png
12,2157,1442,map/tiles/12/2157/1442.png
12,2157,1443,map/tiles/12/2157/1443.png
12,2157,1444,map/tiles/12/2157/1444.png
12,2157,1445,map/tiles/12/2157/1445.png
12,2157,1446,map/tiles/12/2157/1446.png
12,2157,1447,map/tiles/12/2157/1447.png
12,2157,1448,map/tiles/12/2157/1448.png
12,2157,1449,map/tiles/12/2157/1449.png
12,2157,1450,map/tiles/12/2157/1450.png
12,2157,1451,map/tiles/12/2157/1451.png
12,2157,1452,map/tiles/12/2157/1452.png
12,2157,1453,map/tiles/12/2157/1453.png
12,2157,1454,map/tiles/12/2157/1454.png
12,2157,1455,map/tiles/12/2157/1455.png
12,2157,1456,map/tiles/12/2157/1456.png
12,2157,1457,map/tiles/12/2157/1457.png
12,2157,1458,map/tiles/12/2157/1458.png
12,2157,1459,map/tiles/12/2157/1459.png
12,2157,1460,map/tiles/12/2157/1460.png
12,2157,1461,map/tiles/12/2157/1461.png
12,2157,1462,map/tiles/12/2157/1462.png
12,2157,1463,map/tiles/12/2157/1463.png
12,2157,1464,map/tiles/12/2157/1464.png
12,2157,1465,map/tiles/12/2157/1465.png
12,2157,1466,map/tiles/12/2157/1466.png
12,2157,1467,map/tiles/12/2157/1467.png
12,2157,1468,map/tiles/12/2157/1468.png
12,2157,1469,map/tiles/12/2157/1469.png
12,2157,1470,map/tiles/12/2157/1470.png
12,2157,1471,map/tiles/12/2157/1471.png
12,2157,1472,map/tiles/12/2157/1472.png
12,2157,1473,map/tiles/12/2157/1473.png
12,2157,1474,map/tiles/12/2157/1474.png
12,2157,1475,map/tiles/12/2157/1475.png
12,2158,1371,map/tiles/12/2158/1371.png
12,2158,1372,map/tiles/12/2158/1372.png
12,2158,1373,map/tiles/12/2158/1373.png
12,2158,1374,map/tiles/12/2158/1374.png
12,2158,1375,map/tiles/12/2158/1375.png
12,2158,1376,map/tiles/12/2158/1376.png
12,2158,1377,map/tiles/12/2158/1377.png
12,2158,1378,map/tiles/12/2158/1378.png
12,2158,1379,map/tiles/12/2158/1379.png
12,2158,1380,map/tiles/12/2158/1380.png
12,2158,1381,map/tiles/12/2158/1381.png
12,2158,1382,map/tiles/12/2158/1382.png
12,2158,1383,map/tiles/12/2158/1383.png
12,2158,1384,map/tiles/12/2158/1384.png
12,2158,1385,map/tiles/12/2158/1385.png
12,2158,1386,map/tiles/12/2158/1386.png
12,2158,1387,map/tiles/12/2158/1387.png
12,2158,1388,map/tiles/12/2158/1388.png
12,2158,1389,map/tiles/12/2158/1389.png
12,2158,1390,map/tiles/12/2158/1390.png
12,2158,1391,map/tiles/12/2158/1391.png
12,2158,1392,map/tiles/12/2158/1392.png
12,2158,1393,map/tiles/12/2158/1393.png
12,2158,1394,map/tiles/12/2158/1394.png
12,2158,1395,map/tiles/12/2158/1395.png
12,2158,1396,map/tiles/12/2158/1396.png
12,2158,1397,map/tiles/12/2158/1397.png
12,2158,1398,map/tiles/12/2158/1398.png
12,2158,1399,map/tiles/12/2158/1399.png
12,2158,1400,map/tiles/12/2158/1400.png
12,2158,1401,map/tiles/12/2158/1401.png
12,2158,1402,map/tiles/12/2158/1402.png
12,2158,1403,map/tiles/12/2158/1403.png
12,2158,1404,map/tiles/12/2158/1404.png
12,2158,1405,map/tiles/12/2158/1405.png
12,2158,1406,map/tiles/12/2158/1406.png
12,2158,1407,map/tiles/12/2158/1407.png
12,2158,1408,map/tiles/12/2158/1408.png
12,2158,1409,map/tiles/12/2158/1409.png
12,2158,1410,map/tiles/12/2158/1410.png
12,2158,1411,map/tiles/12/2158/1411.png
12,2158,1412,map/tiles/12/2158/1412.png
12,2158,1413,map/tiles/12/2158/1413.png
12,2158,1414,map/tiles/12/2158/1414.png
12,2158,1415,map/tiles/12/2158/1415.png
12,2158,1416,map/tiles/12/2158/1416.png
12,2158,1417,map/tiles/12/2158/1417.png
12,2158,1418,map/tiles/12/2158/1418.png
12,2158,1419,map/tiles/12/2158/1419.png
12,2158,1420,map/tiles/12/2158/1420.png
12,2158,1421,map/tiles/12/2158/1421.png
12,2158,1422,map/tiles/12/2158/1422.png
12,2158,1423,map/tiles/12/2158/1423.png
12,2158,1424,map/tiles/12/2158/1424.png
12,2158,1425,map/tiles/12/2158/1425.png
12,2158,1426,map/tiles/12/2158/1426.png
12,2158,1427,map/tiles/12/2158/1427.png
12,2158,1428,map/tiles/12/2158/1428.png
12,2158,1429,map/tiles/12/2158/1429.png
12,2158,1430,map/tiles/12/2158/1430.png
12,2158,1431,map/tiles/12/2158/1431.png
12,2158,1432,map/tiles/12/2158/1432.png
12,2158,1433,map/tiles/12/2158/1433.png
12,2158,1434,map/tiles/12/2158/1434.png
12,2158,1435,map/tiles/12/2158/1435.png
12,2158,1436,map/tiles/12/2158/1436.png
12,2158,1437,map/tiles/12/2158/1437.png
12,2158,1438,map/tiles/12/2158/1438.png
12,2158,1439,map/tiles/12/2158/1439.png
12,2158,1440,map/tiles/12/2158/1440.png
12,2158,1441,map/tiles/12/2158/1441.png
12,2158,1442,map/tiles/12/2158/1442.png
12,2158,1443,map/tiles/12/2158/1443.png
12,2158,1444,map/tiles/12/2158/1444.png
12,2158,1445,map/tiles/12/2158/1445.png
12,2158,1446,map/tiles/12/2158/1446.png
12,2158,1447,map/tiles/12/2158/1447.png
12,2158,1448,map/tiles/12/2158/1448.png
12,2158,1449,map/tiles/12/2158/1449.png
12,2158,1450,map/tiles/12/2158/1450.png
12,2158,1451,map/tiles/12/2158/1451.png
12,2158,1452,map/tiles/12/2158/1452.png
12,2158,1453,map/tiles/12/2158/1453.png
12,2158,1454,map/tiles/12/2158/1454.png
12,2158,1455,map/tiles/12/2158/1455.png
12,2158,1456,map/tiles/12/2158/1456.png
12,2158,1457,map/tiles/12/2158/1457.png
12,2158,1458,map/tiles/12/2158/1458.png
12,2158,1459,map/tiles/12/2158/1459.png
12,2158,1460,map/tiles/12/2158/1460.png
12,2158,1461,map/tiles/12/2158/1461.png
12,2158,1462,map/tiles/12/2158/1462.png
12,2158,1463,map/tiles/12/2158/1463.png
12,2158,1464,map/tiles/12/2158/1464.png
12,2158,1465,map/tiles/12/2158/1465.png
12,2158,1466,map/tiles/12/2158/1466.png
12,2158,1467,map/tiles/12/2158/1467.png
12,2158,1468,map/tiles/12/2158/1468.png
12,2158,1469,map/tiles/12/2158/1469.png
12,2158,1470,map/tiles/12/2158/1470.png
12,2158,1471,map/tiles/12/2158/1471.png
12,2158,1472,map/tiles/12/2158/1472.png
12,2158,1473,map/tiles/12/2158/1473.png
12,2158,1474,map/tiles/12/2158/1474.png
12,2158,1475,map/tiles/12/2158/1475.png
12,2159,1371,map/tiles/12/2159/1371.png
12,2159,1372,map/tiles/12/2159/1372.png
12,2159,1373,map/tiles/12/2159/1373.png
12,2159,1374,map/tiles/12/2159/1374.png
12,2159,1375,map/tiles/12/2159/1375.png
12,2159,1376,map/tiles/12/2159/1376.png
12,2159,1377,map/tiles/12/2159/1377.png
12,2159,1378,map/tiles/12/2159/1378.png
12,2159,1379,map/tiles/12/2159/1379.png
12,2159,1380,map/tiles/12/2159/1380.png
12,2159,1381,map/tiles/12/2159/1381.png
12,2159,1382,map/tiles/12/2159/1382.png
12,2159,1383,map/tiles/12/2159/1383.png
12,2159,1384,map/tiles/12/2159/1384.png
12,2159,1385,map/tiles/12/2159/1385.png
12,2159,1386,map/tiles/12/2159/1386.png
12,2159,1387,map/tiles/12/2159/1387.png
12,2159,1388,map/tiles/12/2159/1388.png
12,2159,1389,map/tiles/12/2159/1389.png
12,2159,1390,map/tiles/12/2159/1390.png
12,2159,1391,map/tiles/12/2159/1391.png
12,2159,1392,map/tiles/12/2159/1392.png
12,2159,1393,map/tiles/12/2159/1393.png
12,2159,1394,map/tiles/12/2159/1394.png
12,2159,1395,map/tiles/12/2159/1395.png
12,2159,1396,map/tiles/12/2159/1396.png
12,2159,1397,map/tiles/12/2159/1397.png
12,2159,1398,map/tiles/12/2159/1398.png
12,2159,1399,map/tiles/12/2159/1399.png
12,2159,1400,map/tiles/12/2159/1400.png
12,2159,1401,map/tiles/12/2159/1401.png
12,2159,1402,map/tiles/12/2159/1402.png
12,2159,1403,map/tiles/12/2159/1403.png
12,2159,1404,map/tiles/12/2159/1404.png
12,2159,1405,map/tiles/12/2159/1405.png
12,2159,1406,map/tiles/12/2159/1406.png
12,2159,1407,map/tiles/12/2159/1407.png
12,2159,1408,map/tiles/12/2159/1408.png
12,2159,1409,map/tiles/12/2159/1409.png
12,2159,1410,map/tiles/12/2159/1410.png
12,2159,1411,map/tiles/12/2159/1411.png
12,2159,1412,map/tiles/12/2159/1412.png
12,2159,1413,map/tiles/12/2159/1413.png
12,2159,1414,map/tiles/12/2159/1414.png
12,2159,1415,map/tiles/12/2159/1415.png
12,2159,1416,map/tiles/12/2159/1416.png
12,2159,1417,map/tiles/12/2159/1417.png
12,2159,1418,map/tiles/12/2159/1418.png
12,2159,1419,map/tiles/12/2159/1419.png
12,2159,1420,map/tiles/12/2159/1420.png
12,2159,1421,map/tiles/12/2159/1421.png
12,2159,1422,map/tiles/12/2159/1422.png
12,2159,1423,map/tiles/12/2159/1423.png
12,2159,1424,map/tiles/12/2159/1424.png
12,2159,1425,map/tiles/12/2159/1425.png
12,2159,1426,map/tiles/12/2159/1426.png
12,2159,1427,map/tiles/12/2159/1427.png
12,2159,1428,map/tiles/12/2159/1428.png
12,2159,1429,map/tiles/12/2159/1429.png
12,2159,1430,map/tiles/12/2159/1430.png
12,2159,1431,map/tiles/12/2159/1431.png
12,2159,1432,map/tiles/12/2159/1432.png
12,2159,1433,map/tiles/12/2159/1433.png
12,2159,1434,map/tiles/12/2159/1434.png
12,2159,1435,map/tiles/12/2159/1435.png
12,2159,1436,map/tiles/12/2159/1436.png
12,2159,1437,map/tiles/12/2159/1437.png
12,2159,1438,map/tiles/12/2159/1438.png
12,2159,1439,map/tiles/12/2159/1439.png
12,2159,1440,map/tiles/12/2159/1440.png
12,2159,1441,map/tiles/12/2159/1441.png
12,2159,1442,map/tiles/12/2159/1442.png
12,2159,1443,map/tiles/12/2159/1443.png
12,2159,1444,map/tiles/12/2159/1444.png
12,2159,1445,map/tiles/12/2159/1445.png
12,2159,1446,map/tiles/12/2159/1446.png
12,2159,1447,map/tiles/12/2159/1447.png
12,2159,1448,map/tiles/12/2159/1448.png
12,2159,1449,map/tiles/12/2159/1449.png
12,2159,1450,map/tiles/12/2159/1450.png
12,2159,1451,map/tiles/12/2159/1451.png
12,2159,1452,map/tiles/12/2159/1452.png
12,2159,1453,map/tiles/12/2159/1453.png
12,2159,1454,map/tiles/12/2159/1454.png
12,2159,1455,map/tiles/12/2159/1455.png
12,2159,1456,map/tiles/12/2159/1456.png
12,2159,1457,map/tiles/12/2159/1457.png
12,2159,1458,map/tiles/12/2159/1458.png
12,2159,1459,map/tiles/12/2159/1459.png
12,2159,1460,map/tiles/12/2159/1460.png
12,2159,1461,map/tiles/12/2159/1461.png
12,2159,1462,map/tiles/12/2159/1462.png
12,2159,1463,map/tiles/12/2159/1463.png
12,2159,1464,map/tiles/12/2159/1464.png
12,2159,1465,map/tiles/12/2159/1465.png
12,2159,1466,map/tiles/12/2159/1466.png
12,2159,1467,map/tiles/12/2159/1467.png
12,2159,1468,map/tiles/12/2159/1468.png
12,2159,1469,map/tiles/12/2159/1469.png
12,2159,1470,map/tiles/12/2159/1470.png
12,2159,1471,map/tiles/12/2159/1471.png
12,2159,1472,map/tiles/12/2159/1472.png
12,2159,1473,map/tiles/12/2159/1473.png
12,2159,1474,map/tiles/12/2159/1474.png
12,2159,1475,map/tiles/12/2159/1475.png
12,2160,1371,map/tiles/12/2160/1371.png
12,2160,1372,map/tiles/12/2160/1372.png
12,2160,1373,map/tiles/12/2160/1373.png
12,2160,1374,map/tiles/12/2160/1374.png
12,2160,1375,map/tiles/12/2160/1375.png
12,2160,1376,map/tiles/12/2160/1376.png
12,2160,1377,map/tiles/12/2160/1377.png
12,2160,1378,map/tiles/12/2160/1378.png
12,2160,1379,map/tiles/12/2160/1379.png
12,2160,1380,map/tiles/12/2160/1380.png
12,2160,1381,map/tiles/12/2160/1381.png
12,2160,1382,map/tiles/12/2160/1382.png
12,2160,1383,map/tiles/12/2160/1383.png
12,2160,1384,map/tiles/12/2160/1384.png
12,2160,1385,map/tiles/12/2160/1385.png
12,2160,1386,map/tiles/12/2160/1386.png
12,2160,1387,map/tiles/12/2160/1387.png
12,2160,1388,map/tiles/12/2160/1388.png
12,2160,1389,map/tiles/12/2160/1389.png
12,2160,1390,map/tiles/12/2160/1390.png
12,2160,1391,map/tiles/12/2160/1391.png
12,2160,1392,map/tiles/12/2160/1392.png
12,2160,1393,map/tiles/12/2160/1393.png
12,2160,1394,map/tiles/12/2160/1394.png
12,2160,1395,map/tiles/12/2160/1395.png
12,2160,1396,map/tiles/12/2160/1396.png
12,2160,1397,map/tiles/12/2160/1397.png
12,2160,1398,map/tiles/12/2160/1398.png
12,2160,1399,map/tiles/12/2160/1399.png
12,2160,1400,map/tiles/12/2160/1400.png
12,2160,1401,map/tiles/12/2160/1401.png
12,2160,1402,map/tiles/12/2160/1402.png
12,2160,1403,map/tiles/12/2160/1403.png
12,2160,1404,map/tiles/12/2160/1404.png
12,2160,1405,map/tiles/12/2160/1405.png
12,2160,1406,map/tiles/12/2160/1406.png
12,2160,1407,map/tiles/12/2160/1407.png
12,2160,1408,map/tiles/12/2160/1408.png
12,2160,1409,map/tiles/12/2160/1409.png
12,2160,1410,map/tiles/12/2160/1410.png
12,2160,1411,map/tiles/12/2160/1411.png
12,2160,1412,map/tiles/12/2160/1412.png
12,2160,1413,map/tiles/12/2160/1413.png
12,2160,1414,map/tiles/12/2160/1414.png
12,2160,1415,map/tiles/12/2160/1415.png
12,2160,1416,map/tiles/12/2160/1416.png
12,2160,1417,map/tiles/12/2160/1417.png
12,2160,1418,map/tiles/12/2160/1418.png
12,2160,1419,map/tiles/12/2160/1419.png
12,2160,1420,map/tiles/12/2160/1420.png
12,2160,1421,map/tiles/12/2160/1421.png
12,2160,1422,map/tiles/12/2160/1422.png
12,2160,1423,map/tiles/12/2160/1423.png
12,2160,1424,map/tiles/12/2160/1424.png
12,2160,1425,map/tiles/12/2160/1425.png
12,2160,1426,map/tiles/12/2160/1426.png
12,2160,1427,map/tiles/12/2160/1427.png
12,2160,1428,map/tiles/12/2160/1428.png
12,2160,1429,map/tiles/12/2160/1429.png
12,2160,1430,map/tiles/12/2160/1430.png
12,2160,1431,map/tiles/12/2160/1431.png
12,2160,1432,map/tiles/12/2160/1432.png
12,2160,1433,map/tiles/12/2160/1433.png
12,2160,1434,map/tiles/12/2160/1434.png
12,2160,1435,map/tiles/12/2160/1435.png
12,2160,1436,map/tiles/12/2160/1436.png
12,2160,1437,map/tiles/12/2160/1437.png
12,2160,1438,map/tiles/12/2160/1438.png
12,2160,1439,map/tiles/12/2160/1439.png
12,2160,1440,map/tiles/12/2160/1440.png
12,2160,1441,map/tiles/12/2160/1441.png
12,2160,1442,map/tiles/12/2160/1442.png
12,2160,1443,map/tiles/12/2160/1443.png
12,2160,1444,map/tiles/12/2160/1444.png
12,2160,1445,map/tiles/12/2160/1445.png
12,2160,1446,map/tiles/12/2160/1446.png
12,2160,1447,map/tiles/12/2160/1447.png
12,2160,1448,map/tiles/12/2160/1448.png
12,2160,1449,map/tiles/12/2160/1449.png
12,2160,1450,map/tiles/12/2160/1450.png
12,2160,1451,map/tiles/12/2160/1451.png
12,2160,1452,map/tiles/12/2160/1452.png
12,2160,1453,map/tiles/12/2160/1453.png
12,2160,1454,map/tiles/12/2160/1454.png
12,2160,1455,map/tiles/12/2160/1455.png
12,2160,1456,map/tiles/12/2160/1456.png
12,2160,1457,map/tiles/12/2160/1457.png
12,2160,1458,map/tiles/12/2160/1458.png
12,2160,1459,map/tiles/12/2160/1459.png
12,2160,1460,map/tiles/12/2160/1460.png
12,2160,1461,map/tiles/12/2160/1461.png
12,2160,1462,map/tiles/12/2160/1462.png
12,2160,1463,map/tiles/12/2160/1463.png
12,2160,1464,map/tiles/12/2160/1464.png
12,2160,1465,map/tiles/12/2160/1465.png
12,2160,1466,map/tiles/12/2160/1466.png
12,2160,1467,map/tiles/12/2160/1467.png
12,2160,1468,map/tiles/12/2160/1468.png
12,2160,1469,map/tiles/12/2160/1469.png
12,2160,1470,map/tiles/12/2160/1470.png
12,2160,1471,map/tiles/12/2160/1471.png
12,2160,1472,map/tiles/12/2160/1472.png
12,2160,1473,map/tiles/12/2160/1473.png
12,2160,1474,map/tiles/12/2160/1474.png
12,2160,1475,map/tiles/12/2160/1475.png
12,2161,1371,map/tiles/12/2161/1371.png
12,2161,1372,map/tiles/12/2161/1372.png
12,2161,1373,map/tiles/12/2161/1373.png
12,2161,1374,map/tiles/12/2161/1374.png
12,2161,1375,map/tiles/12/2161/1375.png
12,2161,1376,map/tiles/12/2161/1376.png
12,2161,1377,map/tiles/12/2161/1377.png
12,2161,1378,map/tiles/12/2161/1378.png
12,2161,1379,map/tiles/12/2161/1379.png
12,2161,1380,map/tiles/12/2161/1380.png
12,2161,1381,map/tiles/12/2161/1381.png
12,2161,1382,map/tiles/12/2161/1382.png
12,2161,1383,map/tiles/12/2161/1383.png
12,2161,1384,map/tiles/12/2161/1384.png
12,2161,1385,map/tiles/12/2161/1385.png
12,2161,1386,map/tiles/12/2161/1386.png
12,2161,1387,map/tiles/12/2161/1387.png
12,2161,1388,map/tiles/12/2161/1388.png
12,2161,1389,map/tiles/12/2161/1389.png
12,2161,1390,map/tiles/12/2161/1390.png
12,2161,1391,map/tiles/12/2161/1391.png
12,2161,1392,map/tiles/12/2161/1392.png
12,2161,1393,map/tiles/12/2161/1393.png
12,2161,1394,map/tiles/12/2161/1394.png
12,2161,1395,map/tiles/12/2161/1395.png
12,2161,1396,map/tiles/12/2161/1396.png
12,2161,1397,map/tiles/12/2161/1397.png
12,2161,1398,map/tiles/12/2161/1398.png
12,2161,1399,map/tiles/12/2161/1399.png
12,2161,1400,map/tiles/12/2161/1400.png
12,2161,1401,map/tiles/12/2161/1401.png
12,2161,1402,map/tiles/12/2161/1402.png
12,2161,1403,map/tiles/12/2161/1403.png
12,2161,1404,map/tiles/12/2161/1404.png
12,2161,1405,map/tiles/12/2161/1405.png
12,2161,1406,map/tiles/12/2161/1406.png
12,2161,1407,map/tiles/12/2161/1407.png
12,2161,1408,map/tiles/12/2161/1408.png
12,2161,1409,map/tiles/12/2161/1409.png
12,2161,1410,map/tiles/12/2161/1410.png
12,2161,1411,map/tiles/12/2161/1411.png
12,2161,1412,map/tiles/12/2161/1412.png
12,2161,1413,map/tiles/12/2161/1413.png
12,2161,1414,map/tiles/12/2161/1414.png
12,2161,1415,map/tiles/12/2161/1415.png
12,2161,1416,map/tiles/12/2161/1416.png
12,2161,1417,map/tiles/12/2161/1417.png
12,2161,1418,map/tiles/12/2161/1418.png
12,2161,1419,map/tiles/12/2161/1419.png
12,2161,1420,map/tiles/12/2161/1420.png
12,2161,1421,map/tiles/12/2161/1421.png
12,2161,1422,map/tiles/12/2161/1422.png
12,2161,1423,map/tiles/12/2161/1423.png
12,2161,1424,map/tiles/12/2161/1424.png
12,2161,1425,map/tiles/12/2161/1425.png
12,2161,1426,map/tiles/12/2161/1426.png
12,2161,1427,map/tiles/12/2161/1427.png
12,2161,1428,map/tiles/12/2161/1428.png
12,2161,1429,map/tiles/12/2161/1429.png
12,2161,1430,map/tiles/12/2161/1430.png
12,2161,1431,map/tiles/12/2161/1431.png
12,2161,1432,map/tiles/12/2161/1432.png
12,2161,1433,map/tiles/12/2161/1433.png
12,2161,1434,map/tiles/12/2161/1434.png
12,2161,1435,map/tiles/12/2161/1435.png
12,2161,1436,map/tiles/12/2161/1436.png
12,2161,1437,map/tiles/12/2161/1437.png
12,2161,1438,map/tiles/12/2161/1438.png
12,2161,1439,map/tiles/12/2161/1439.png
12,2161,1440,map/tiles/12/2161/1440.png
12,2161,1441,map/tiles/12/2161/1441.png
12,2161,1442,map/tiles/12/2161/1442.png
12,2161,1443,map/tiles/12/2161/1443.png
12,2161,1444,map/tiles/12/2161/1444.png
12,2161,1445,map/tiles/12/2161/1445.png
12,2161,1446,map/tiles/12/2161/1446.png
12,2161,1447,map/tiles/12/2161/1447.png
12,2161,1448,map/tiles/12/2161/1448.png
12,2161,1449,map/tiles/12/2161/1449.png
12,2161,1450,map/tiles/12/2161/1450.png
12,2161,1451,map/tiles/12/2161/1451.png
12,2161,1452,map/tiles/12/2161/1452.png
12,2161,1453,map/tiles/12/2161/1453.png
12,2161,1454,map/tiles/12/2161/1454.png
12,2161,1455,map/tiles/12/2161/1455.png
12,2161,1456,map/tiles/12/2161/1456.png
12,2161,1457,map/tiles/12/2161/1457.png
12,2161,1458,map/tiles/12/2161/1458.png
12,2161,1459,map/tiles/12/2161/1459.png
12,2161,1460,map/tiles/12/2161/1460.png
12,2161,1461,map/tiles/12/2161/1461.png
12,2161,1462,map/tiles/12/2161/1462.png
12,2161,1463,map/tiles/12/2161/1463.png
12,2161,1464,map/tiles/12/2161/1464.png
12,2161,1465,map/tiles/12/2161/1465.png
12,2161,1466,map/tiles/12/2161/1466.png
12,2161,1467,map/tiles/12/2161/1467.png
12,2161,1468,map/tiles/12/2161/1468.png
12,2161,1469,map/tiles/12/2161/1469.png
12,2161,1470,map/tiles/12/2161/1470.png
12,2161,1471,map/tiles/12/2161/1471.png
12,2161,1472,map/tiles/12/2161/1472.png
12,2161,1473,map/tiles/12/2161/1473.png
12,2161,1474,map/tiles/12/2161/1474.png
12,2161,1475,map/tiles/12/2161/1475.png
12,2162,1371,map/tiles/12/2162/1371.png
12,2162,1372,map/tiles/12/2162/1372.png
12,2162,1373,map/tiles/12/2162/1373.png
12,2162,1374,map/tiles/12/2162/1374.png
12,2162,1375,map/tiles/12/2162/1375.png
12,2162,1376,map/tiles/12/2162/1376.png
12,2162,1377,map/tiles/12/2162/1377.png
12,2162,1378,map/tiles/12/2162/1378.png
12,2162,1379,map/tiles/12/2162/1379.png
12,2162,1380,map/tiles/12/2162/1380.png
12,2162,1381,map/tiles/12/2162/1381.png
12,2162,1382,map/tiles/12/2162/1382.png
12,2162,1383,map/tiles/12/2162/1383.png
12,2162,1384,map/tiles/12/2162/1384.png
12,2162,1385,map/tiles/12/2162/1385.png
12,2162,1386,map/tiles/12/2162/1386.png
12,2162,1387,map/tiles/12/2162/1387.png
12,2162,1388,map/tiles/12/2162/1388.png
12,2162,1389,map/tiles/12/2162/1389.png
12,2162,1390,map/tiles/12/2162/1390.png
12,2162,1391,map/tiles/12/2162/1391.png
12,2162,1392,map/tiles/12/2162/1392.png
12,2162,1393,map/tiles/12/2162/1393.png
12,2162,1394,map/tiles/12/2162/1394.png
12,2162,1395,map/tiles/12/2162/1395.png
12,2162,1396,map/tiles/12/2162/1396.png
12,2162,1397,map/tiles/12/2162/1397.png
12,2162,1398,map/tiles/12/2162/1398.png
12,2162,1399,map/tiles/12/2162/1399.png
12,2162,1400,map/tiles/12/2162/1400.png
12,2162,1401,map/tiles/12/2162/1401.png
12,2162,1402,map/tiles/12/2162/1402.png
12,2162,1403,map/tiles/12/2162/1403.png
12,2162,1404,map/tiles/12/2162/1404.png
12,2162,1405,map/tiles/12/2162/1405.png
12,2162,1406,map/tiles/12/2162/1406.png
12,2162,1407,map/tiles/12/2162/1407.png
12,2162,1408,map/tiles/12/2162/1408.png
12,2162,1409,map/tiles/12/2162/1409.png
12,2162,1410,map/tiles/12/2162/1410.png
12,2162,1411,map/tiles/12/2162/1411.png
12,2162,1412,map/tiles/12/2162/1412.png
12,2162,1413,map/tiles/12/2162/1413.png
12,2162,1414,map/tiles/12/2162/1414.png
12,2162,1415,map/tiles/12/2162/1415.png
12,2162,1416,map/tiles/12/2162/1416.png
12,2162,1417,map/tiles/12/2162/1417.png
12,2162,1418,map/tiles/12/2162/1418.png
12,2162,1419,map/tiles/12/2162/1419.png
12,2162,1420,map/tiles/12/2162/1420.png
12,2162,1421,map/tiles/12/2162/1421.png
12,2162,1422,map/tiles/12/2162/1422.png
12,2162,1423,map/tiles/12/2162/1423.png
12,2162,1424,map/tiles/12/2162/1424.png
12,2162,1425,map/tiles/12/2162/1425.png
12,2162,1426,map/tiles/12/2162/1426.png
12,2162,1427,map/tiles/12/2162/1427.png
12,2162,1428,map/tiles/12/2162/1428.png
12,2162,1429,map/tiles/12/2162/1429.png
12,2162,1430,map/tiles/12/2162/1430.png
12,2162,1431,map/tiles/12/2162/1431.png
12,2162,1432,map/tiles/12/2162/1432.png
12,2162,1433,map/tiles/12/2162/1433.png
12,2162,1434,map/tiles/12/2162/1434.png
12,2162,1435,map/tiles/12/2162/1435.png
12,2162,1436,map/tiles/12/2162/1436.png
12,2162,1437,map/tiles/12/2162/1437.png
12,2162,1438,map/tiles/12/2162/1438.png
12,2162,1439,map/tiles/12/2162/1439.png
12,2162,1440,map/tiles/12/2162/1440.png
12,2162,1441,map/tiles/12/2162/1441.png
12,2162,1442,map/tiles/12/2162/1442.png
12,2162,1443,map/tiles/12/2162/1443.png
12,2162,1444,map/tiles/12/2162/1444.png
12,2162,1445,map/tiles/12/2162/1445.png
12,2162,1446,map/tiles/12/2162/1446.png
12,2162,1447,map/tiles/12/2162/1447.png
12,2162,1448,map/tiles/12/2162/1448.png
12,2162,1449,map/tiles/12/2162/1449.png
12,2162,1450,map/tiles/12/2162/1450.png
12,2162,1451,map/tiles/12/2162/1451.png
12,2162,1452,map/tiles/12/2162/1452.png
12,2162,1453,map/tiles/12/2162/1453.png
12,2162,1454,map/tiles/12/2162/1454.png
12,2162,1455,map/tiles/12/2162/1455.png
12,2162,1456,map/tiles/12/2162/1456.png
12,2162,1457,map/tiles/12/2162/1457.png
12,2162,1458,map/tiles/12/2162/1458.png
12,2162,1459,map/tiles/12/2162/1459.png
12,2162,1460,map/tiles/12/2162/1460.png
12,2162,1461,map/tiles/12/2162/1461.png
12,2162,1462,map/tiles/12/2162/1462.png
12,2162,1463,map/tiles/12/2162/1463.png
12,2162,1464,map/tiles/12/2162/1464.png
12,2162,1465,map/tiles/12/2162/1465.png
12,2162,1466,map/tiles/12/2162/1466.png
12,2162,1467,map/tiles/12/2162/1467.png
12,2162,1468,map/tiles/12/2162/1468.png
12,2162,1469,map/tiles/12/2162/1469.png
12,2162,1470,map/tiles/12/2162/1470.png
12,2162,1471,map/tiles/12/2162/1471.png
12,2162,1472,map/tiles/12/2162/1472.png
12,2162,1473,map/tiles/12/2162/1473.png
12,2162,1474,map/tiles/12/2162/1474.png
12,2162,1475,map/tiles/12/2162/1475.png
12,2163,1371,map/tiles/12/2163/1371.png
12,2163,1372,map/tiles/12/2163/1372.png
12,2163,1373,map/tiles/12/2163/1373.png
12,2163,1374,map/tiles/12/2163/1374.png
12,2163,1375,map/tiles/12/2163/1375.png
12,2163,1376,map/tiles/12/2163/1376.png
12,2163,1377,map/tiles/12/2163/1377.png
12,2163,1378,map/tiles/12/2163/1378.png
12,2163,1379,map/tiles/12/2163/1379.png
12,2163,1380,map/tiles/12/2163/1380.png
12,2163,1381,map/tiles/12/2163/1381.png
12,2163,1382,map/tiles/12/2163/1382.png
12,2163,1383,map/tiles/12/2163/1383.png
12,2163,1384,map/tiles/12/2163/1384.png
12,2163,1385,map/tiles/12/2163/1385.png
12,2163,1386,map/tiles/12/2163/1386.png
12,2163,1387,map/tiles/12/2163/1387.png
12,2163,1388,map/tiles/12/2163/1388.png
12,2163,1389,map/tiles/12/2163/1389.png
12,2163,1390,map/tiles/12/2163/1390.png
12,2163,1391,map/tiles/12/2163/1391.png
12,2163,1392,map/tiles/12/2163/1392.png
12,2163,1393,map/tiles/12/2163/1393.png
12,2163,1394,map/tiles/12/2163/1394.png
12,2163,1395,map/tiles/12/2163/1395.png
12,2163,1396,map/tiles/12/2163/1396.png
12,2163,1397,map/tiles/12/2163/1397.png
12,2163,1398,map/tiles/12/2163/1398.png
12,2163,1399,map/tiles/12/2163/1399.png
12,2163,1400,map/tiles/12/2163/1400.png
12,2163,1401,map/tiles/12/2163/1401.png
12,2163,1402,map/tiles/12/2163/1402.png
12,2163,1403,map/tiles/12/2163/1403.png
12,2163,1404,map/tiles/12/2163/1404.png
12,2163,1405,map/tiles/12/2163/1405.png
12,2163,1406,map/tiles/12/2163/1406.png
12,2163,1407,map/tiles/12/2163/1407.png
12,2163,1408,map/tiles/12/2163/1408.png
12,2163,1409,map/tiles/12/2163/1409.png
12,2163,1410,map/tiles/12/2163/1410.png
12,2163,1411,map/tiles/12/2163/1411.png
12,2163,1412,map/tiles/12/2163/1412.png
12,2163,1413,map/tiles/12/2163/1413.png
12,2163,1414,map/tiles/12/2163/1414.png
12,2163,1415,map/tiles/12/2163/1415.png
12,2163,1416,map/tiles/12/2163/1416.png
12,2163,1417,map/tiles/12/2163/1417.png
12,2163,1418,map/tiles/12/2163/1418.png
12,2163,1419,map/tiles/12/2163/1419.png
12,2163,1420,map/tiles/12/2163/1420.png
12,2163,1421,map/tiles/12/2163/1421.png
12,2163,1422,map/tiles/12/2163/1422.png
12,2163,1423,map/tiles/12/2163/1423.png
12,2163,1424,map/tiles/12/2163/1424.png
12,2163,1425,map/tiles/12/2163/1425.png
12,2163,1426,map/tiles/12/2163/1426.png
12,2163,1427,map/tiles/12/2163/1427.png
12,2163,1428,map/tiles/12/2163/1428.png
12,2163,1429,map/tiles/12/2163/1429.png
12,2163,1430,map/tiles/12/2163/1430.png
12,2163,1431,map/tiles/12/2163/1431.png
12,2163,1432,map/tiles/12/2163/1432.png
12,2163,1433,map/tiles/12/2163/1433.png
12,2163,1434,map/tiles/12/2163/1434.png
12,2163,1435,map/tiles/12/2163/1435.png
12,2163,1436,map/tiles/12/2163/1436.png
12,2163,1437,map/tiles/12/2163/1437.png
12,2163,1438,map/tiles/12/2163/1438.png
12,2163,1439,map/tiles/12/2163/1439.png
12,2163,1440,map/tiles/12/2163/1440.png
12,2163,1441,map/tiles/12/2163/1441.png
12,2163,1442,map/tiles/12/2163/1442.png
12,2163,1443,map/tiles/12/2163/1443.png
12,2163,1444,map/tiles/12/2163/1444.png
12,2163,1445,map/tiles/12/2163/1445.png
12,2163,1446,map/tiles/12/2163/1446.png
12,2163,1447,map/tiles/12/2163/1447.png
12,2163,1448,map/tiles/12/2163/1448.png
12,2163,1449,map/tiles/12/2163/1449.png
12,2163,1450,map/tiles/12/2163/1450.png
12,2163,1451,map/tiles/12/2163/1451.png
12,2163,1452,map/tiles/12/2163/1452.png
12,2163,1453,map/tiles/12/2163/1453.png
12,2163,1454,map/tiles/12/2163/1454.png
12,2163,1455,map/tiles/12/2163/1455.png
12,2163,1456,map/tiles/12/2163/1456.png
12,2163,1457,map/tiles/12/2163/1457.png
12,2163,1458,map/tiles/12/2163/1458.png
12,2163,1459,map/tiles/12/2163/1459.png
12,2163,1460,map/tiles/12/2163/1460.png
12,2163,1461,map/tiles/12/2163/1461.png
12,2163,1462,map/tiles/12/2163/1462.png
12,2163,1463,map/tiles/12/2163/1463.png
12,2163,1464,map/tiles/12/2163/1464.png
12,2163,1465,map/tiles/12/2163/1465.png
12,2163,1466,map/tiles/12/2163/1466.png
12,2163,1467,map/tiles/12/2163/1467.png
12,2163,1468,map/tiles/12/2163/1468.png
12,2163,1469,map/tiles/12/2163/1469.png
12,2163,1470,map/tiles/12/2163/1470.png
12,2163,1471,map/tiles/12/2163/1471.png
12,2163,1472,map/tiles/12/2163/1472.png
12,2163,1473,map/tiles/12/2163/1473.png
12,2163,1474,map/tiles/12/2163/1474.png
12,2163,1475,map/tiles/12/2163/1475.png
12,2164,1371,map/tiles/12/2164/1371.png
12,2164,1372,map/tiles/12/2164/1372.png
12,2164,1373,map/tiles/12/2164/1373.png
12,2164,1374,map/tiles/12/2164/1374.png
12,2164,1375,map/tiles/12/2164/1375.png
12,2164,1376,map/tiles/12/2164/1376.png
12,2164,1377,map/tiles/12/2164/1377.png
12,2164,1378,map/tiles/12/2164/1378.png
12,2164,1379,map/tiles/12/2164/1379.png
12,2164,1380,map/tiles/12/2164/1380.png
12,2164,1381,map/tiles/12/2164/1381.png
12,2164,1382,map/tiles/12/2164/1382.png
12,2164,1383,map/tiles/12/2164/1383.png
12,2164,1384,map/tiles/12/2164/1384.png
12,2164,1385,map/tiles/12/2164/1385.png
12,2164,1386,map/tiles/12/2164/1386.png
12,2164,1387,map/tiles/12/2164/1387.png
12,2164,1388,map/tiles/12/2164/1388.png
12,2164,1389,map/tiles/12/2164/1389.png
12,2164,1390,map/tiles/12/2164/1390.png
12,2164,1391,map/tiles/12/2164/1391.png
12,2164,1392,map/tiles/12/2164/1392.png
12,2164,1393,map/tiles/12/2164/1393.png
12,2164,1394,map/tiles/12/2164/1394.png
12,2164,1395,map/tiles/12/2164/1395.png
12,2164,1396,map/tiles/12/2164/1396.png
12,2164,1397,map/tiles/12/2164/1397.png
12,2164,1398,map/tiles/12/2164/1398.png
12,2164,1399,map/tiles/12/2164/1399.png
12,2164,1400,map/tiles/12/2164/1400.png
12,2164,1401,map/tiles/12/2164/1401.png
12,2164,1402,map/tiles/12/2164/1402.png
12,2164,1403,map/tiles/12/2164/1403.png
12,2164,1404,map/tiles/12/2164/1404.png
12,2164,1405,map/tiles/12/2164/1405.png
12,2164,1406,map/tiles/12/2164/1406.png
12,2164,1407,map/tiles/12/2164/1407.png
12,2164,1408,map/tiles/12/2164/1408.png
12,2164,1409,map/tiles/12/2164/1409.png
12,2164,1410,map/tiles/12/2164/1410.png
12,2164,1411,map/tiles/12/2164/1411.png
12,2164,1412,map/tiles/12/2164/1412.png
12,2164,1413,map/tiles/12/2164/1413.png
12,2164,1414,map/tiles/12/2164/1414.png
12,2164,1415,map/tiles/12/2164/1415.png
12,2164,1416,map/tiles/12/2164/1416.png
12,2164,1417,map/tiles/12/2164/1417.png
12,2164,1418,map/tiles/12/2164/1418.png
12,2164,1419,map/tiles/12/2164/1419.png
12,2164,1420,map/tiles/12/2164/1420.png
12,2164,1421,map/tiles/12/2164/1421.png
12,2164,1422,map/tiles/12/2164/1422.png
12,2164,1423,map/tiles/12/2164/1423.png
12,2164,1424,map/tiles/12/2164/1424.png
12,2164,1425,map/tiles/12/2164/1425.png
12,2164,1426,map/tiles/12/2164/1426.png
12,2164,1427,map/tiles/12/2164/1427.png
12,2164,1428,map/tiles/12/2164/1428.png
12,2164,1429,map/tiles/12/2164/1429.png
12,2164,1430,map/tiles/12/2164/1430.png
12,2164,1431,map/tiles/12/2164/1431.png
12,2164,1432,map/tiles/12/2164/1432.png
12,2164,1433,map/tiles/12/2164/1433.png
12,2164,1434,map/tiles/12/2164/1434.png
12,2164,1435,map/tiles/12/2164/1435.png
12,2164,1436,map/tiles/12/2164/1436.png
12,2164,1437,map/tiles/12/2164/1437.png
12,2164,1438,map/tiles/12/2164/1438.png
12,2164,1439,map/tiles/12/2164/1439.png
12,2164,1440,map/tiles/12/2164/1440.png
12,2164,1441,map/tiles/12/2164/1441.png
12,2164,1442,map/tiles/12/2164/1442.png
12,2164,1443,map/tiles/12/2164/1443.png
12,2164,1444,map/tiles/12/2164/1444.png
12,2164,1445,map/tiles/12/2164/1445.png
12,2164,1446,map/tiles/12/2164/1446.png
12,2164,1447,map/tiles/12/2164/1447.png
12,2164,1448,map/tiles/12/2164/1448.png
12,2164,1449,map/tiles/12/2164/1449.png
12,2164,1450,map/tiles/12/2164/1450.png
12,2164,1451,map/tiles/12/2164/1451.png
12,2164,1452,map/tiles/12/2164/1452.png
12,2164,1453,map/tiles/12/2164/1453.png
12,2164,1454,map/tiles/12/2164/1454.png
12,2164,1455,map/tiles/12/2164/1455.png
12,2164,1456,map/tiles/12/2164/1456.png
12,2164,1457,map/tiles/12/2164/1457.png
12,2164,1458,map/tiles/12/2164/1458.png
12,2164,1459,map/tiles/12/2164/1459.png
12,2164,1460,map/tiles/12/2164/1460.png
12,2164,1461,map/tiles/12/2164/1461.png
12,2164,1462,map/tiles/12/2164/1462.png
12,2164,1463,map/tiles/12/2164/1463.png
12,2164,1464,map/tiles/12/2164/1464.png
12,2164,1465,map/tiles/12/2164/1465.png
12,2164,1466,map/tiles/12/2164/1466.png
12,2164,1467,map/tiles/12/2164/1467.png
12,2164,1468,map/tiles/12/2164/1468.png
12,2164,1469,map/tiles/12/2164/1469.png
12,2164,1470,map/tiles/12/2164/1470.png
12,2164,1471,map/tiles/12/2164/1471.png
12,2164,1472,map/tiles/12/2164/1472.png
12,2164,1473,map/tiles/12/2164/1473.png
12,2164,1474,map/tiles/12/2164/1474.png
12,2164,1475,map/tiles/12/2164/1475.png
12,2165,1371,map/tiles/12/2165/1371.png
12,2165,1372,map/tiles/12/2165/1372.png
12,2165,1373,map/tiles/12/2165/1373.png
12,2165,1374,map/tiles/12/2165/1374.png
12,2165,1375,map/tiles/12/2165/1375.png
12,2165,1376,map/tiles/12/2165/1376.png
12,2165,1377,map/tiles/12/2165/1377.png
12,2165,1378,map/tiles/12/2165/1378.png
12,2165,1379,map/tiles/12/2165/1379.png
12,2165,1380,map/tiles/12/2165/1380.png
12,2165,1381,map/tiles/12/2165/1381.png
12,2165,1382,map/tiles/12/2165/1382.png
12,2165,1383,map/tiles/12/2165/1383.png
12,2165,1384,map/tiles/12/2165/1384.png
12,2165,1385,map/tiles/12/2165/1385.png
12,2165,1386,map/tiles/12/2165/1386.png
12,2165,1387,map/tiles/12/2165/1387.png
12,2165,1388,map/tiles/12/2165/1388.png
12,2165,1389,map/tiles/12/2165/1389.png
12,2165,1390,map/tiles/12/2165/1390.png
12,2165,1391,map/tiles/12/2165/1391.png
12,2165,1392,map/tiles/12/2165/1392.png
12,2165,1393,map/tiles/12/2165/1393.png
12,2165,1394,map/tiles/12/2165/1394.png
12,2165,1395,map/tiles/12/2165/1395.png
12,2165,1396,map/tiles/12/2165/1396.png
12,2165,1397,map/tiles/12/2165/1397.png
12,2165,1398,map/tiles/12/2165/1398.png
12,2165,1399,map/tiles/12/2165/1399.png
12,2165,1400,map/tiles/12/2165/1400.png
12,2165,1401,map/tiles/12/2165/1401.png
12,2165,1402,map/tiles/12/2165/1402.png
12,2165,1403,map/tiles/12/2165/1403.png
12,2165,1404,map/tiles/12/2165/1404.png
12,2165,1405,map/tiles/12/2165/1405.png
12,2165,1406,map/tiles/12/2165/1406.png
12,2165,1407,map/tiles/12/2165/1407.png
12,2165,1408,map/tiles/12/2165/1408.png
12,2165,1409,map/tiles/12/2165/1409.png
12,2165,1410,map/tiles/12/2165/1410.png
12,2165,1411,map/tiles/12/2165/1411.png
12,2165,1412,map/tiles/12/2165/1412.png
12,2165,1413,map/tiles/12/2165/1413.png
12,2165,1414,map/tiles/12/2165/1414.png
12,2165,1415,map/tiles/12/2165/1415.png
12,2165,1416,map/tiles/12/2165/1416.png
12,2165,1417,map/tiles/12/2165/1417.png
12,2165,1418,map/tiles/12/2165/1418.png
12,2165,1419,map/tiles/12/2165/1419.png
12,2165,1420,map/tiles/12/2165/1420.png
12,2165,1421,map/tiles/12/2165/1421.png
12,2165,1422,map/tiles/12/2165/1422.png
12,2165,1423,map/tiles/12/2165/1423.png
12,2165,1424,map/tiles/12/2165/1424.png
12,2165,1425,map/tiles/12/2165/1425.png
12,2165,1426,map/tiles/12/2165/1426.png
12,2165,1427,map/tiles/12/2165/1427.png
12,2165,1428,map/tiles/12/2165/1428.png
12,2165,1429,map/tiles/12/2165/1429.png
12,2165,1430,map/tiles/12/2165/1430.png
12,2165,1431,map/tiles/12/2165/1431.png
12,2165,1432,map/tiles/12/2165/1432.png
12,2165,1433,map/tiles/12/2165/1433.png
12,2165,1434,map/tiles/12/2165/1434.png
12,2165,1435,map/tiles/12/2165/1435.png
12,2165,1436,map/tiles/12/2165/1436.png
12,2165,1437,map/tiles/12/2165/1437.png
12,2165,1438,map/tiles/12/2165/1438.png
12,2165,1439,map/tiles/12/2165/1439.png
12,2165,1440,map/tiles/12/2165/1440.png
12,2165,1441,map/tiles/12/2165/1441.png
12,2165,1442,map/tiles/12/2165/1442.png
12,2165,1443,map/tiles/12/2165/1443.png
12,2165,1444,map/tiles/12/2165/1444.png
12,2165,1445,map/tiles/12/2165/1445.png
12,2165,1446,map/tiles/12/2165/1446.png
12,2165,1447,map/tiles/12/2165/1447.png
12,2165,1448,map/tiles/12/2165/1448.png
12,2165,1449,map/tiles/12/2165/1449.png
12,2165,1450,map/tiles/12/2165/1450.png
12,2165,1451,map/tiles/12/2165/1451.png
12,2165,1452,map/tiles/12/2165/1452.png
12,2165,1453,map/tiles/12/2165/1453.png
12,2165,1454,map/tiles/12/2165/1454.png
12,2165,1455,map/tiles/12/2165/1455.png
12,2165,1456,map/tiles/12/2165/1456.png
12,2165,1457,map/tiles/12/2165/1457.png
12,2165,1458,map/tiles/12/2165/1458.png
12,2165,1459,map/tiles/12/2165/1459.png
12,2165,1460,map/tiles/12/2165/1460.png
12,2165,1461,map/tiles/12/2165/1461.png
12,2165,1462,map/tiles/12/2165/1462.png
12,2165,1463,map/tiles/12/2165/1463.png
12,2165,1464,map/tiles/12/2165/1464.png
12,2165,1465,map/tiles/12/2165/1465.png
12,2165,1466,map/tiles/12/2165/1466.png
12,2165,1467,map/tiles/12/2165/1467.png
12,2165,1468,map/tiles/12/2165/1468.png
12,2165,1469,map/tiles/12/2165/1469.png
12,2165,1470,map/tiles/12/2165/1470.png
12,2165,1471,map/tiles/12/2165/1471.png
12,2165,1472,map/tiles/12/2165/1472.png
12,2165,1473,map/tiles/12/2165/1473.png
12,2165,1474,map/tiles/12/2165/1474.png
12,2165,1475,map/tiles/12/2165/1475.png
12,2166,1371,map/tiles/12/2166/1371.png
12,2166,1372,map/tiles/12/2166/1372.png
12,2166,1373,map/tiles/12/2166/1373.png
12,2166,1374,map/tiles/12/2166/1374.png
12,2166,1375,map/tiles/12/2166/1375.png
12,2166,1376,map/tiles/12/2166/1376.png
12,2166,1377,map/tiles/12/2166/1377.png
12,2166,1378,map/tiles/12/2166/1378.png
12,2166,1379,map/tiles/12/2166/1379.png
12,2166,1380,map/tiles/12/2166/1380.png
12,2166,1381,map/tiles/12/2166/1381.png
12,2166,1382,map/tiles/12/2166/1382.png
12,2166,1383,map/tiles/12/2166/1383.png
12,2166,1384,map/tiles/12/2166/1384.png
12,2166,1385,map/tiles/12/2166/1385.png
12,2166,1386,map/tiles/12/2166/1386.png
12,2166,1387,map/tiles/12/2166/1387.png
12,2166,1388,map/tiles/12/2166/1388.png
12,2166,1389,map/tiles/12/2166/1389.png
12,2166,1390,map/tiles/12/2166/1390.png
12,2166,1391,map/tiles/12/2166/1391.png
12,2166,1392,map/tiles/12/2166/1392.png
12,2166,1393,map/tiles/12/2166/1393.png
12,2166,1394,map/tiles/12/2166/1394.png
12,2166,1395,map/tiles/12/2166/1395.png
12,2166,1396,map/tiles/12/2166/1396.png
12,2166,1397,map/tiles/12/2166/1397.png
12,2166,1398,map/tiles/12/2166/1398.png
12,2166,1399,map/tiles/12/2166/1399.png
12,2166,1400,map/tiles/12/2166/1400.png
12,2166,1401,map/tiles/12/2166/1401.png
12,2166,1402,map/tiles/12/2166/1402.png
12,2166,1403,map/tiles/12/2166/1403.png
12,2166,1404,map/tiles/12/2166/1404.png
12,2166,1405,map/tiles/12/2166/1405.png
12,2166,1406,map/tiles/12/2166/1406.png
12,2166,1407,map/tiles/12/2166/1407.png
12,2166,1408,map/tiles/12/2166/1408.png
12,2166,1409,map/tiles/12/2166/1409.png
12,2166,1410,map/tiles/12/2166/1410.png
12,2166,1411,map/tiles/12/2166/1411.png
12,2166,1412,map/tiles/12/2166/1412.png
12,2166,1413,map/tiles/12/2166/1413.png
12,2166,1414,map/tiles/12/2166/1414.png
12,2166,1415,map/tiles/12/2166/1415.png
12,2166,1416,map/tiles/12/2166/1416.png
12,2166,1417,map/tiles/12/2166/1417.png
12,2166,1418,map/tiles/12/2166/1418.png
12,2166,1419,map/tiles/12/2166/1419.png
12,2166,1420,map/tiles/12/2166/1420.png
12,2166,1421,map/tiles/12/2166/1421.png
12,2166,1422,map/tiles/12/2166/1422.png
12,2166,1423,map/tiles/12/2166/1423.png
12,2166,1424,map/tiles/12/2166/1424.png
12,2166,1425,map/tiles/12/2166/1425.png
12,2166,1426,map/tiles/12/2166/1426.png
12,2166,1427,map/tiles/12/2166/1427.png
12,2166,1428,map/tiles/12/2166/1428.png
12,2166,1429,map/tiles/12/2166/1429.png
12,2166,1430,map/tiles/12/2166/1430.png
12,2166,1431,map/tiles/12/2166/1431.png
12,2166,1432,map/tiles/12/2166/1432.png
12,2166,1433,map/tiles/12/2166/1433.png
12,2166,1434,map/tiles/12/2166/1434.png
12,2166,1435,map/tiles/12/2166/1435.png
12,2166,1436,map/tiles/12/2166/1436.png
12,2166,1437,map/tiles/12/2166/1437.png
12,2166,1438,map/tiles/12/2166/1438.png
12,2166,1439,map/tiles/12/2166/1439.png
12,2166,1440,map/tiles/12/2166/1440.png
12,2166,1441,map/tiles/12/2166/1441.png
12,2166,1442,map/tiles/12/2166/1442.png
12,2166,1443,map/tiles/12/2166/1443.png
12,2166,1444,map/tiles/12/2166/1444.png
12,2166,1445,map/tiles/12/2166/1445.png
12,2166,1446,map/tiles/12/2166/1446.png
12,2166,1447,map/tiles/12/2166/1447.png
12,2166,1448,map/tiles/12/2166/1448.png
12,2166,1449,map/tiles/12/2166/1449.png
12,2166,1450,map/tiles/12/2166/1450.png
12,2166,1451,map/tiles/12/2166/1451.png
12,2166,1452,map/tiles/12/2166/1452.png
12,2166,1453,map/tiles/12/2166/1453.png
12,2166,1454,map/tiles/12/2166/1454.png
12,2166,1455,map/tiles/12/2166/1455.png
12,2166,1456,map/tiles/12/2166/1456.png
12,2166,1457,map/tiles/12/2166/1457.png
12,2166,1458,map/tiles/12/2166/1458.png
12,2166,1459,map/tiles/12/2166/1459.png
12,2166,1460,map/tiles/12/2166/1460.png
12,2166,1461,map/tiles/12/2166/1461.png
12,2166,1462,map/tiles/12/2166/1462.png
12,2166,1463,map/tiles/12/2166/1463.png
12,2166,1464,map/tiles/12/2166/1464.png
12,2166,1465,map/tiles/12/2166/1465.png
12,2166,1466,map/tiles/12/2166/1466.png
12,2166,1467,map/tiles/12/2166/1467.png
12,2166,1468,map/tiles/12/2166/1468.png
12,2166,1469,map/tiles/12/2166/1469.png
12,2166,1470,map/tiles/12/2166/1470.png
12,2166,1471,map/tiles/12/2166/1471.png
12,2166,1472,map/tiles/12/2166/1472.png
12,2166,1473,map/tiles/12/2166/1473.png
12,2166,1474,map/tiles/12/2166/1474.png
12,2166,1475,map/tiles/12/2166/1475.png
12,2167,1371,map/tiles/12/2167/1371.png
12,2167,1372,map/tiles/12/2167/1372.png
12,2167,1373,map/tiles/12/2167/1373.png
12,2167,1374,map/tiles/12/2167/1374.png
12,2167,1375,map/tiles/12/2167/1375.png
12,2167,1376,map/tiles/12/2167/1376.png
12,2167,1377,map/tiles/12/2167/1377.png
12,2167,1378,map/tiles/12/2167/1378.png
12,2167,1379,map/tiles/12/2167/1379.png
12,2167,1380,map/tiles/12/2167/1380.png
12,2167,1381,map/tiles/12/2167/1381.png
12,2167,1382,map/tiles/12/2167/1382.png
12,2167,1383,map/tiles/12/2167/1383.png
12,2167,1384,map/tiles/12/2167/1384.png
12,2167,1385,map/tiles/12/2167/1385.png
12,2167,1386,map/tiles/12/2167/1386.png
12,2167,1387,map/tiles/12/2167/1387.png
12,2167,1388,map/tiles/12/2167/1388.png
12,2167,1389,map/tiles/12/2167/1389.png
12,2167,1390,map/tiles/12/2167/1390.png
12,2167,1391,map/tiles/12/2167/1391.png
12,2167,1392,map/tiles/12/2167/1392.png
12,2167,1393,map/tiles/12/2167/1393.png
12,2167,1394,map/tiles/12/2167/1394.png
12,2167,1395,map/tiles/12/2167/1395.png
12,2167,1396,map/tiles/12/2167/1396.png
12,2167,1397,map/tiles/12/2167/1397.png
12,2167,1398,map/tiles/12/2167/1398.png
12,2167,1399,map/tiles/12/2167/1399.png
12,2167,1400,map/tiles/12/2167/1400.png
12,2167,1401,map/tiles/12/2167/1401.png
12,2167,1402,map/tiles/12/2167/1402.png
12,2167,1403,map/tiles/12/2167/1403.png
12,2167,1404,map/tiles/12/2167/1404.png
12,2167,1405,map/tiles/12/2167/1405.png
12,2167,1406,map/tiles/12/2167/1406.png
12,2167,1407,map/tiles/12/2167/1407.png
12,2167,1408,map/tiles/12/2167/1408.png
12,2167,1409,map/tiles/12/2167/1409.png
12,2167,1410,map/tiles/12/2167/1410.png
12,2167,1411,map/tiles/12/2167/1411.png
12,2167,1412,map/tiles/12/2167/1412.png
12,2167,1413,map/tiles/12/2167/1413.png
12,2167,1414,map/tiles/12/2167/1414.png
12,2167,1415,map/tiles/12/2167/1415.png
12,2167,1416,map/tiles/12/2167/1416.png
12,2167,1417,map/tiles/12/2167/1417.png
12,2167,1418,map/tiles/12/2167/1418.png
12,2167,1419,map/tiles/12/2167/1419.png
12,2167,1420,map/tiles/12/2167/1420.png
12,2167,1421,map/tiles/12/2167/1421.png
12,2167,1422,map/tiles/12/2167/1422.png
12,2167,1423,map/tiles/12/2167/1423.png
12,2167,1424,map/tiles/12/2167/1424.png
12,2167,1425,map/tiles/12/2167/1425.png
12,2167,1426,map/tiles/12/2167/1426.png
12,2167,1427,map/tiles/12/2167/1427.png
12,2167,1428,map/tiles/12/2167/1428.png
12,2167,1429,map/tiles/12/2167/1429.png
12,2167,1430,map/tiles/12/2167/1430.png
12,2167,1431,map/tiles/12/2167/1431.png
12,2167,1432,map/tiles/12/2167/1432.png
12,2167,1433,map/tiles/12/2167/1433.png
12,2167,1434,map/tiles/12/2167/1434.png
12,2167,1435,map/tiles/12/2167/1435.png
12,2167,1436,map/tiles/12/2167/1436.png
12,2167,1437,map/tiles/12/2167/1437.png
12,2167,1438,map/tiles/12/2167/1438.png
12,2167,1439,map/tiles/12/2167/1439.png
12,2167,1440,map/tiles/12/2167/1440.png
12,2167,1441,map/tiles/12/2167/1441.png
12,2167,1442,map/tiles/12/2167/1442.png
12,2167,1443,map/tiles/12/2167/1443.png
12,2167,1444,map/tiles/12/2167/1444.png
12,2167,1445,map/tiles/12/2167/1445.png
12,2167,1446,map/tiles/12/2167/1446.png
12,2167,1447,map/tiles/12/2167/1447.png
12,2167,1448,map/tiles/12/2167/1448.png
12,2167,1449,map/tiles/12/2167/1449.png
12,2167,1450,map/tiles/12/2167/1450.png
12,2167,1451,map/tiles/12/2167/1451.png
12,2167,1452,map/tiles/12/2167/1452.png
12,2167,1453,map/tiles/12/2167/1453.png
12,2167,1454,map/tiles/12/2167/1454.png
12,2167,1455,map/tiles/12/2167/1455.png
12,2167,1456,map/tiles/12/2167/1456.png
12,2167,1457,map/tiles/12/2167/1457.png
12,2167,1458,map/tiles/12/2167/1458.png
12,2167,1459,map/tiles/12/2167/1459.png
12,2167,1460,map/tiles/12/2167/1460.png
12,2167,1461,map/tiles/12/2167/1461.png
12,2167,1462,map/tiles/12/2167/1462.png
12,2167,1463,map/tiles/12/2167/1463.png
12,2167,1464,map/tiles/12/2167/1464.png
12,2167,1465,map/tiles/12/2167/1465.png
12,2167,1466,map/tiles/12/2167/1466.png
12,2167,1467,map/tiles/12/2167/1467.png
12,2167,1468,map/tiles/12/2167/1468.png
12,2167,1469,map/tiles/12/2167/1469.png
12,2167,1470,map/tiles/12/2167/1470.png
12,2167,1471,map/tiles/12/2167/1471.png
12,2167,1472,map/tiles/12/2167/1472.png
12,2167,1473,map/tiles/12/2167/1473.png
12,2167,1474,map/tiles/12/2167/1474.png
12,2167,1475,map/tiles/12/2167/1475.png
12,2168,1371,map/tiles/12/2168/1371.png
12,2168,1372,map/tiles/12/2168/1372.png
12,2168,1373,map/tiles/12/2168/1373.png
12,2168,1374,map/tiles/12/2168/1374.png
12,2168,1375,map/tiles/12/2168/1375.png
12,2168,1376,map/tiles/12/2168/1376.png
12,2168,1377,map/tiles/12/2168/1377.png
12,2168,1378,map/tiles/12/2168/1378.png
12,2168,1379,map/tiles/12/2168/1379.png
12,2168,1380,map/tiles/12/2168/1380.png
12,2168,1381,map/tiles/12/2168/1381.png
12,2168,1382,map/tiles/12/2168/1382.png
12,2168,1383,map/tiles/12/2168/1383.png
12,2168,1384,map/tiles/12/2168/1384.png
12,2168,1385,map/tiles/12/2168/1385.png
12,2168,1386,map/tiles/12/2168/1386.png
12,2168,1387,map/tiles/12/2168/1387.png
12,2168,1388,map/tiles/12/2168/1388.png
12,2168,1389,map/tiles/12/2168/1389.png
12,2168,1390,map/tiles/12/2168/1390.png
12,2168,1391,map/tiles/12/2168/1391.png
12,2168,1392,map/tiles/12/2168/1392.png
12,2168,1393,map/tiles/12/2168/1393.png
12,2168,1394,map/tiles/12/2168/1394.png
12,2168,1395,map/tiles/12/2168/1395.png
12,2168,1396,map/tiles/12/2168/1396.png
12,2168,1397,map/tiles/12/2168/1397.png
12,2168,1398,map/tiles/12/2168/1398.png
12,2168,1399,map/tiles/12/2168/1399.png
12,2168,1400,map/tiles/12/2168/1400.png
12,2168,1401,map/tiles/12/2168/1401.png
12,2168,1402,map/tiles/12/2168/1402.png
12,2168,1403,map/tiles/12/2168/1403.png
12,2168,1404,map/tiles/12/2168/1404.png
12,2168,1405,map/tiles/12/2168/1405.png
12,2168,1406,map/tiles/12/2168/1406.png
12,2168,1407,map/tiles/12/2168/1407.png
12,2168,1408,map/tiles/12/2168/1408.png
12,2168,1409,map/tiles/12/2168/1409.png
12,2168,1410,map/tiles/12/2168/1410.png
12,2168,1411,map/tiles/12/2168/1411.png
12,2168,1412,map/tiles/12/2168/1412.png
12,2168,1413,map/tiles/12/2168/1413.png
12,2168,1414,map/tiles/12/2168/1414.png
12,2168,1415,map/tiles/12/2168/1415.png
12,2168,1416,map/tiles/12/2168/1416.png
12,2168,1417,map/tiles/12/2168/1417.png
12,2168,1418,map/tiles/12/2168/1418.png
12,2168,1419,map/tiles/12/2168/1419.png
12,2168,1420,map/tiles/12/2168/1420.png
12,2168,1421,map/tiles/12/2168/1421.png
12,2168,1422,map/tiles/12/2168/1422.png
12,2168,1423,map/tiles/12/2168/1423.png
12,2168,1424,map/tiles/12/2168/1424.png
12,2168,1425,map/tiles/12/2168/1425.png
12,2168,1426,map/tiles/12/2168/1426.png
12,2168,1427,map/tiles/12/2168/1427.png
12,2168,1428,map/tiles/12/2168/1428.png
12,2168,1429,map/tiles/12/2168/1429.png
12,2168,1430,map/tiles/12/2168/1430.png
12,2168,1431,map/tiles/12/2168/1431.png
12,2168,1432,map/tiles/12/2168/1432.png
12,2168,1433,map/tiles/12/2168/1433.png
12,2168,1434,map/tiles/12/2168/1434.png
12,2168,1435,map/tiles/12/2168/1435.png
12,2168,1436,map/tiles/12/2168/1436.png
12,2168,1437,map/tiles/12/2168/1437.png
12,2168,1438,map/tiles/12/2168/1438.png
12,2168,1439,map/tiles/12/2168/1439.png
12,2168,1440,map/tiles/12/2168/1440.png
12,2168,1441,map/tiles/12/2168/1441.png
12,2168,1442,map/tiles/12/2168/1442.png
12,2168,1443,map/tiles/12/2168/1443.png
12,2168,1444,map/tiles/12/2168/1444.png
12,2168,1445,map/tiles/12/2168/1445.png
12,2168,1446,map/tiles/12/2168/1446.png
12,2168,1447,map/tiles/12/2168/1447.png
12,2168,1448,map/tiles/12/2168/1448.png
12,2168,1449,map/tiles/12/2168/1449.png
12,2168,1450,map/tiles/12/2168/1450.png
12,2168,1451,map/tiles/12/2168/1451.png
12,2168,1452,map/tiles/12/2168/1452.png
12,2168,1453,map/tiles/12/2168/1453.png
12,2168,1454,map/tiles/12/2168/1454.png
12,2168,1455,map/tiles/12/2168/1455.png
12,2168,1456,map/tiles/12/2168/1456.png
12,2168,1457,map/tiles/12/2168/1457.png
12,2168,1458,map/tiles/12/2168/1458.png
12,2168,1459,map/tiles/12/2168/1459.png
12,2168,1460,map/tiles/12/2168/1460.png
12,2168,1461,map/tiles/12/2168/1461.png
12,2168,1462,map/tiles/12/2168/1462.png
12,2168,1463,map/tiles/12/2168/1463.png
12,2168,1464,map/tiles/12/2168/1464.png
12,2168,1465,map/tiles/12/2168/1465.png
12,2168,1466,map/tiles/12/2168/1466.png
12,2168,1467,map/tiles/12/2168/1467.png
12,2168,1468,map/tiles/12/2168/1468.png
12,2168,1469,map/tiles/12/2168/1469.png
12,2168,1470,map/tiles/12/2168/1470.png
12,2168,1471,map/tiles/12/2168/1471.png
12,2168,1472,map/tiles/12/2168/1472.png
12,2168,1473,map/tiles/12/2168/1473.png
12,2168,1474,map/tiles/12/2168/1474.png
12,2168,1475,map/tiles/12/2168/1475.png
12,2169,1371,map/tiles/12/2169/1371.png
12,2169,1372,map/tiles/12/2169/1372.png
12,2169,1373,map/tiles/12/2169/1373.png
12,2169,1374,map/tiles/12/2169/1374.png
12,2169,1375,map/tiles/12/2169/1375.png
12,2169,1376,map/tiles/12/2169/1376.png
12,2169,1377,map/tiles/12/2169/1377.png
12,2169,1378,map/tiles/12/2169/1378.png
12,2169,1379,map/tiles/12/2169/1379.png
12,2169,1380,map/tiles/12/2169/1380.png
12,2169,1381,map/tiles/12/2169/1381.png
12,2169,1382,map/tiles/12/2169/1382.png
12,2169,1383,map/tiles/12/2169/1383.png
12,2169,1384,map/tiles/12/2169/1384.png
12,2169,1385,map/tiles/12/2169/1385.png
12,2169,1386,map/tiles/12/2169/1386.png
12,2169,1387,map/tiles/12/2169/1387.png
12,2169,1388,map/tiles/12/2169/1388.png
12,2169,1389,map/tiles/12/2169/1389.png
12,2169,1390,map/tiles/12/2169/1390.png
12,2169,1391,map/tiles/12/2169/1391.png
12,2169,1392,map/tiles/12/2169/1392.png
12,2169,1393,map/tiles/12/2169/1393.png
12,2169,1394,map/tiles/12/2169/1394.png
12,2169,1395,map/tiles/12/2169/1395.png
12,2169,1396,map/tiles/12/2169/1396.png
12,2169,1397,map/tiles/12/2169/1397.png
12,2169,1398,map/tiles/12/2169/1398.png
12,2169,1399,map/tiles/12/2169/1399.png
12,2169,1400,map/tiles/12/2169/1400.png
12,2169,1401,map/tiles/12/2169/1401.png
12,2169,1402,map/tiles/12/2169/1402.png
12,2169,1403,map/tiles/12/2169/1403.png
12,2169,1404,map/tiles/12/2169/1404.png
12,2169,1405,map/tiles/12/2169/1405.png
12,2169,1406,map/tiles/12/2169/1406.png
12,2169,1407,map/tiles/12/2169/1407.png
12,2169,1408,map/tiles/12/2169/1408.png
12,2169,1409,map/tiles/12/2169/1409.png
12,2169,1410,map/tiles/12/2169/1410.png
12,2169,1411,map/tiles/12/2169/1411.png
12,2169,1412,map/tiles/12/2169/1412.png
12,2169,1413,map/tiles/12/2169/1413.png
12,2169,1414,map/tiles/12/2169/1414.png
12,2169,1415,map/tiles/12/2169/1415.png
12,2169,1416,map/tiles/12/2169/1416.png
12,2169,1417,map/tiles/12/2169/1417.png
12,2169,1418,map/tiles/12/2169/1418.png
12,2169,1419,map/tiles/12/2169/1419.png
12,2169,1420,map/tiles/12/2169/1420.png
12,2169,1421,map/tiles/12/2169/1421.png
12,2169,1422,map/tiles/12/2169/1422.png
12,2169,1423,map/tiles/12/2169/1423.png
12,2169,1424,map/tiles/12/2169/1424.png
12,2169,1425,map/tiles/12/2169/1425.png
12,2169,1426,map/tiles/12/2169/1426.png
12,2169,1427,map/tiles/12/2169/1427.png
12,2169,1428,map/tiles/12/2169/1428.png
12,2169,1429,map/tiles/12/2169/1429.png
12,2169,1430,map/tiles/12/2169/1430.png
12,2169,1431,map/tiles/12/2169/1431.png
12,2169,1432,map/tiles/12/2169/1432.png
12,2169,1433,map/tiles/12/2169/1433.png
12,2169,1434,map/tiles/12/2169/1434.png
12,2169,1435,map/tiles/12/2169/1435.png
12,2169,1436,map/tiles/12/2169/1436.png
12,2169,1437,map/tiles/12/2169/1437.png
12,2169,1438,map/tiles/12/2169/1438.png
12,2169,1439,map/tiles/12/2169/1439.png
12,2169,1440,map/tiles/12/2169/1440.png
12,2169,1441,map/tiles/12/2169/1441.png
12,2169,1442,map/tiles/12/2169/1442.png
12,2169,1443,map/tiles/12/2169/1443.png
12,2169,1444,map/tiles/12/2169/1444.png
12,2169,1445,map/tiles/12/2169/1445.png
12,2169,1446,map/tiles/12/2169/1446.png
12,2169,1447,map/tiles/12/2169/1447.png
12,2169,1448,map/tiles/12/2169/1448.png
12,2169,1449,map/tiles/12/2169/1449.png
12,2169,1450,map/tiles/12/2169/1450.png
12,2169,1451,map/tiles/12/2169/1451.png
12,2169,1452,map/tiles/12/2169/1452.png
12,2169,1453,map/tiles/12/2169/1453.png
12,2169,1454,map/tiles/12/2169/1454.png
12,2169,1455,map/tiles/12/2169/1455.png
12,2169,1456,map/tiles/12/2169/1456.png
12,2169,1457,map/tiles/12/2169/1457.png
12,2169,1458,map/tiles/12/2169/1458.png
12,2169,1459,map/tiles/12/2169/1459.png
12,2169,1460,map/tiles/12/2169/1460.png
12,2169,1461,map/tiles/12/2169/1461.png
12,2169,1462,map/tiles/12/2169/1462.png
12,2169,1463,map/tiles/12/2169/1463.png
12,2169,1464,map/tiles/12/2169/1464.png
12,2169,1465,map/tiles/12/2169/1465.png
12,2169,1466,map/tiles/12/2169/1466.png
12,2169,1467,map/tiles/12/2169/1467.png
12,2169,1468,map/tiles/12/2169/1468.png
12,2169,1469,map/tiles/12/2169/1469.png
12,2169,1470,map/tiles/12/2169/1470.png
12,2169,1471,map/tiles/12/2169/1471.png
12,2169,1472,map/tiles/12/2169/1472.png
12,2169,1473,map/tiles/12/2169/1473.png
12,2169,1474,map/tiles/12/2169/1474.png
12,2169,1475,map/tiles/12/2169/1475.png
12,2170,1371,map/tiles/12/2170/1371.png
12,2170,1372,map/tiles/12/2170/1372.png
12,2170,1373,map/tiles/12/2170/1373.png
12,2170,1374,map/tiles/12/2170/1374.png
12,2170,1375,map/tiles/12/2170/1375.png
12,2170,1376,map/tiles/12/2170/1376.png
12,2170,1377,map/tiles/12/2170/1377.png
12,2170,1378,map/tiles/12/2170/1378.png
12,2170,1379,map/tiles/12/2170/1379.png
12,2170,1380,map/tiles/12/2170/1380.png
12,2170,1381,map/tiles/12/2170/1381.png
12,2170,1382,map/tiles/12/2170/1382.png
12,2170,1383,map/tiles/12/2170/1383.png
12,2170,1384,map/tiles/12/2170/1384.png
12,2170,1385,map/tiles/12/2170/1385.png
12,2170,1386,map/tiles/12/2170/1386.png
12,2170,1387,map/tiles/12/2170/1387.png
12,2170,1388,map/tiles/12/2170/1388.png
12,2170,1389,map/tiles/12/2170/1389.png
12,2170,1390,map/tiles/12/2170/1390.png
12,2170,1391,map/tiles/12/2170/1391.png
12,2170,1392,map/tiles/12/2170/1392.png
12,2170,1393,map/tiles/12/2170/1393.png
12,2170,1394,map/tiles/12/2170/1394.png
12,2170,1395,map/tiles/12/2170/1395.png
12,2170,1396,map/tiles/12/2170/1396.png
12,2170,1397,map/tiles/12/2170/1397.png
12,2170,1398,map/tiles/12/2170/1398.png
12,2170,1399,map/tiles/12/2170/1399.png
12,2170,1400,map/tiles/12/2170/1400.png
12,2170,1401,map/tiles/12/2170/1401.png
12,2170,1402,map/tiles/12/2170/1402.png
12,2170,1403,map/tiles/12/2170/1403.png
12,2170,1404,map/tiles/12/2170/1404.png
12,2170,1405,map/tiles/12/2170/1405.png
12,2170,1406,map/tiles/12/2170/1406.png
12,2170,1407,map/tiles/12/2170/1407.png
12,2170,1408,map/tiles/12/2170/1408.png
12,2170,1409,map/tiles/12/2170/1409.png
12,2170,1410,map/tiles/12/2170/1410.png
12,2170,1411,map/tiles/12/2170/1411.png
12,2170,1412,map/tiles/12/2170/1412.png
12,2170,1413,map/tiles/12/2170/1413.png
12,2170,1414,map/tiles/12/2170/1414.png
12,2170,1415,map/tiles/12/2170/1415.png
12,2170,1416,map/tiles/12/2170/1416.png
12,2170,1417,map/tiles/12/2170/1417.png
12,2170,1418,map/tiles/12/2170/1418.png
12,2170,1419,map/tiles/12/2170/1419.png
12,2170,1420,map/tiles/12/2170/1420.png
12,2170,1421,map/tiles/12/2170/1421.png
12,2170,1422,map/tiles/12/2170/1422.png
12,2170,1423,map/tiles/12/2170/1423.png
12,2170,1424,map/tiles/12/2170/1424.png
12,2170,1425,map/tiles/12/2170/1425.png
12,2170,1426,map/tiles/12/2170/1426.png
12,2170,1427,map/tiles/12/2170/1427.png
12,2170,1428,map/tiles/12/2170/1428.png
12,2170,1429,map/tiles/12/2170/1429.png
12,2170,1430,map/tiles/12/2170/1430.png
12,2170,1431,map/tiles/12/2170/1431.png
12,2170,1432,map/tiles/12/2170/1432.png
12,2170,1433,map/tiles/12/2170/1433.png
12,2170,1434,map/tiles/12/2170/1434.png
12,2170,1435,map/tiles/12/2170/1435.png
12,2170,1436,map/tiles/12/2170/1436.png
12,2170,1437,map/tiles/12/2170/1437.png
12,2170,1438,map/tiles/12/2170/1438.png
12,2170,1439,map/tiles/12/2170/1439.png
12,2170,1440,map/tiles/12/2170/1440.png
12,2170,1441,map/tiles/12/2170/1441.png
12,2170,1442,map/tiles/12/2170/1442.png
12,2170,1443,map/tiles/12/2170/1443.png
12,2170,1444,map/tiles/12/2170/1444.png
12,2170,1445,map/tiles/12/2170/1445.png
12,2170,1446,map/tiles/12/2170/1446.png
12,2170,1447,map/tiles/12/2170/1447.png
12,2170,1448,map/tiles/12/2170/1448.png
12,2170,1449,map/tiles/12/2170/1449.png
12,2170,1450,map/tiles/12/2170/1450.png
12,2170,1451,map/tiles/12/2170/1451.png
12,2170,1452,map/tiles/12/2170/1452.png
12,2170,1453,map/tiles/12/2170/1453.png
12,2170,1454,map/tiles/12/2170/1454.png
12,2170,1455,map/tiles/12/2170/1455.png
12,2170,1456,map/tiles/12/2170/1456.png
12,2170,1457,map/tiles/12/2170/1457.png
12,2170,1458,map/tiles/12/2170/1458.png
12,2170,1459,map/tiles/12/2170/1459.png
12,2170,1460,map/tiles/12/2170/1460.png
12,2170,1461,map/tiles/12/2170/1461.png
12,2170,1462,map/tiles/12/2170/1462.png
12,2170,1463,map/tiles/12/2170/1463.png
12,2170,1464,map/tiles/12/2170/1464.png
12,2170,1465,map/tiles/12/2170/1465.png
12,2170,1466,map/tiles/12/2170/1466.png
12,2170,1467,map/tiles/12/2170/1467.png
12,2170,1468,map/tiles/12/2170/1468.png
12,2170,1469,map/tiles/12/2170/1469.png
12,2170,1470,map/tiles/12/2170/1470.png
12,2170,1471,map/tiles/12/2170/1471.png
12,2170,1472,map/tiles/12/2170/1472.png
12,2170,1473,map/tiles/12/2170/1473.png
12,2170,1474,map/tiles/12/2170/1474.png
12,2170,1475,map/tiles/12/2170/1475.png
12,2171,1371,map/tiles/12/2171/1371.png
12,2171,1372,map/tiles/12/2171/1372.png
12,2171,1373,map/tiles/12/2171/1373.png
12,2171,1374,map/tiles/12/2171/1374.png
12,2171,1375,map/tiles/12/2171/1375.png
12,2171,1376,map/tiles/12/2171/1376.png
12,2171,1377,map/tiles/12/2171/1377.png
12,2171,1378,map/tiles/12/2171/1378.png
12,2171,1379,map/tiles/12/2171/1379.png
12,2171,1380,map/tiles/12/2171/1380.png
12,2171,1381,map/tiles/12/2171/1381.png
12,2171,1382,map/tiles/12/2171/1382.png
12,2171,1383,map/tiles/12/2171/1383.png
12,2171,1384,map/tiles/12/2171/1384.png
12,2171,1385,map/tiles/12/2171/1385.png
12,2171,1386,map/tiles/12/2171/1386.png
12,2171,1387,map/tiles/12/2171/1387.png
12,2171,1388,map/tiles/12/2171/1388.png
12,2171,1389,map/tiles/12/2171/1389.png
12,2171,1390,map/tiles/12/2171/1390.png
12,2171,1391,map/tiles/12/2171/1391.png
12,2171,1392,map/tiles/12/2171/1392.png
12,2171,1393,map/tiles/12/2171/1393.png
12,2171,1394,map/tiles/12/2171/1394.png
12,2171,1395,map/tiles/12/2171/1395.png
12,2171,1396,map/tiles/12/2171/1396.png
12,2171,1397,map/tiles/12/2171/1397.png
12,2171,1398,map/tiles/12/2171/1398.png
12,2171,1399,map/tiles/12/2171/1399.png
12,2171,1400,map/tiles/12/2171/1400.png
12,2171,1401,map/tiles/12/2171/1401.png
12,2171,1402,map/tiles/12/2171/1402.png
12,2171,1403,map/tiles/12/2171/1403.png
12,2171,1404,map/tiles/12/2171/1404.png
12,2171,1405,map/tiles/12/2171/1405.png
12,2171,1406,map/tiles/12/2171/1406.png
12,2171,1407,map/tiles/12/2171/1407.png
12,2171,1408,map/tiles/12/2171/1408.png
12,2171,1409,map/tiles/12/2171/1409.png
12,2171,1410,map/tiles/12/2171/1410.png
12,2171,1411,map/tiles/12/2171/1411.png
12,2171,1412,map/tiles/12/2171/1412.png
12,2171,1413,map/tiles/12/2171/1413.png
12,2171,1414,map/tiles/12/2171/1414.png
12,2171,1415,map/tiles/12/2171/1415.png
12,2171,1416,map/tiles/12/2171/1416.png
12,2171,1417,map/tiles/12/2171/1417.png
12,2171,1418,map/tiles/12/2171/1418.png
12,2171,1419,map/tiles/12/2171/1419.png
12,2171,1420,map/tiles/12/2171/1420.png
12,2171,1421,map/tiles/12/2171/1421.png
12,2171,1422,map/tiles/12/2171/1422.png
12,2171,1423,map/tiles/12/2171/1423.png
12,2171,1424,map/tiles/12/2171/1424.png
12,2171,1425,map/tiles/12/2171/1425.png
12,2171,1426,map/tiles/12/2171/1426.png
12,2171,1427,map/tiles/12/2171/1427.png
12,2171,1428,map/tiles/12/2171/1428.png
12,2171,1429,map/tiles/12/2171/1429.png
12,2171,1430,map/tiles/12/2171/1430.png
12,2171,1431,map/tiles/12/2171/1431.png
12,2171,1432,map/tiles/12/2171/1432.png
12,2171,1433,map/tiles/12/2171/1433.png
12,2171,1434,map/tiles/12/2171/1434.png
12,2171,1435,map/tiles/12/2171/1435.png
12,2171,1436,map/tiles/12/2171/1436.png
12,2171,1437,map/tiles/12/2171/1437.png
12,2171,1438,map/tiles/12/2171/1438.png
12,2171,1439,map/tiles/12/2171/1439.png
12,2171,1440,map/tiles/12/2171/1440.png
12,2171,1441,map/tiles/12/2171/1441.png
12,2171,1442,map/tiles/12/2171/1442.png
12,2171,1443,map/tiles/12/2171/1443.png
12,2171,1444,map/tiles/12/2171/1444.png
12,2171,1445,map/tiles/12/2171/1445.png
12,2171,1446,map/tiles/12/2171/1446.png
12,2171,1447,map/tiles/12/2171/1447.png
12,2171,1448,map/tiles/12/2171/1448.png
12,2171,1449,map/tiles/12/2171/1449.png
12,2171,1450,map/tiles/12/2171/1450.png
12,2171,1451,map/tiles/12/2171/1451.png
12,2171,1452,map/tiles/12/2171/1452.png
12,2171,1453,map/tiles/12/2171/1453.png
12,2171,1454,map/tiles/12/2171/1454.png
12,2171,1455,map/tiles/12/2171/1455.png
12,2171,1456,map/tiles/12/2171/1456.png
12,2171,1457,map/tiles/12/2171/1457.png
12,2171,1458,map/tiles/12/2171/1458.png
12,2171,1459,map/tiles/12/2171/1459.png
12,2171,1460,map/tiles/12/2171/1460.png
12,2171,1461,map/tiles/12/2171/1461.png
12,2171,1462,map/tiles/12/2171/1462.png
12,2171,1463,map/tiles/12/2171/1463.png
12,2171,1464,map/tiles/12/2171/1464.png
12,2171,1465,map/tiles/12/2171/1465.png
12,2171,1466,map/tiles/12/2171/1466.png
12,2171,1467,map/tiles/12/2171/1467.png
12,2171,1468,map/tiles/12/2171/1468.png
12,2171,1469,map/tiles/12/2171/1469.png
12,2171,1470,map/tiles/12/2171/1470.png
12,2171,1471,map/tiles/12/2171/1471.png
12,2171,1472,map/tiles/12/2171/1472.png
12,2171,1473,map/tiles/12/2171/1473.png
12,2171,1474,map/tiles/12/2171/1474.png
12,2171,1475,map/tiles/12/2171/1475.png
12,2172,1371,map/tiles/12/2172/1371.png
12,2172,1372,map/tiles/12/2172/1372.png
12,2172,1373,map/tiles/12/2172/1373.png
12,2172,1374,map/tiles/12/2172/1374.png
12,2172,1375,map/tiles/12/2172/1375.png
12,2172,1376,map/tiles/12/2172/1376.png
12,2172,1377,map/tiles/12/2172/1377.png
12,2172,1378,map/tiles/12/2172/1378.png
12,2172,1379,map/tiles/12/2172/1379.png
12,2172,1380,map/tiles/12/2172/1380.png
12,2172,1381,map/tiles/12/2172/1381.png
12,2172,1382,map/tiles/12/2172/1382.png
12,2172,1383,map/tiles/12/2172/1383.png
12,2172,1384,map/tiles/12/2172/1384.png
12,2172,1385,map/tiles/12/2172/1385.png
12,2172,1386,map/tiles/12/2172/1386.png
12,2172,1387,map/tiles/12/2172/1387.png
12,2172,1388,map/tiles/12/2172/1388.png
12,2172,1389,map/tiles/12/2172/1389.png
12,2172,1390,map/tiles/12/2172/1390.png
12,2172,1391,map/tiles/12/2172/1391.png
12,2172,1392,map/tiles/12/2172/1392.png
12,2172,1393,map/tiles/12/2172/1393.png
12,2172,1394,map/tiles/12/2172/1394.png
12,2172,1395,map/tiles/12/2172/1395.png
12,2172,1396,map/tiles/12/2172/1396.png
12,2172,1397,map/tiles/12/2172/1397.png
12,2172,1398,map/tiles/12/2172/1398.png
12,2172,1399,map/tiles/12/2172/1399.png
12,2172,1400,map/tiles/12/2172/1400.png
12,2172,1401,map/tiles/12/2172/1401.png
12,2172,1402,map/tiles/12/2172/1402.png
12,2172,1403,map/tiles/12/2172/1403.png
12,2172,1404,map/tiles/12/2172/1404.png
12,2172,1405,map/tiles/12/2172/1405.png
12,2172,1406,map/tiles/12/2172/1406.png
12,2172,1407,map/tiles/12/2172/1407.png
12,2172,1408,map/tiles/12/2172/1408.png
12,2172,1409,map/tiles/12/2172/1409.png
12,2172,1410,map/tiles/12/2172/1410.png
12,2172,1411,map/tiles/12/2172/1411.png
12,2172,1412,map/tiles/12/2172/1412.png
12,2172,1413,map/tiles/12/2172/1413.png
12,2172,1414,map/tiles/12/2172/1414.png
12,2172,1415,map/tiles/12/2172/1415.png
12,2172,1416,map/tiles/12/2172/1416.png
12,2172,1417,map/tiles/12/2172/1417.png
12,2172,1418,map/tiles/12/2172/1418.png
12,2172,1419,map/tiles/12/2172/1419.png
12,2172,1420,map/tiles/12/2172/1420.png
12,2172,1421,map/tiles/12/2172/1421.png
12,2172,1422,map/tiles/12/2172/1422.png
12,2172,1423,map/tiles/12/2172/1423.png
12,2172,1424,map/tiles/12/2172/1424.png
12,2172,1425,map/tiles/12/2172/1425.png
12,2172,1426,map/tiles/12/2172/1426.png
12,2172,1427,map/tiles/12/2172/1427.png
12,2172,1428,map/tiles/12/2172/1428.png
12,2172,1429,map/tiles/12/2172/1429.png
12,2172,1430,map/tiles/12/2172/1430.png
12,2172,1431,map/tiles/12/2172/1431.png
12,2172,1432,map/tiles/12/2172/1432.png
12,2172,1433,map/tiles/12/2172/1433.png
12,2172,1434,map/tiles/12/2172/1434.png
12,2172,1435,map/tiles/12/2172/1435.png
12,2172,1436,map/tiles/12/2172/1436.png
12,2172,1437,map/tiles/12/2172/1437.png
12,2172,1438,map/tiles/12/2172/1438.png
12,2172,1439,map/tiles/12/2172/1439.png
12,2172,1440,map/tiles/12/2172/1440.png
12,2172,1441,map/tiles/12/2172/1441.png
12,2172,1442,map/tiles/12/2172/1442.png
12,2172,1443,map/tiles/12/2172/1443.png
12,2172,1444,map/tiles/12/2172/1444.png
12,2172,1445,map/tiles/12/2172/1445.png
12,2172,1446,map/tiles/12/2172/1446.png
12,2172,1447,map/tiles/12/2172/1447.png
12,2172,1448,map/tiles/12/2172/1448.png
12,2172,1449,map/tiles/12/2172/1449.png
12,2172,1450,map/tiles/12/2172/1450.png
12,2172,1451,map/tiles/12/2172/1451.png
12,2172,1452,map/tiles/12/2172/1452.png
12,2172,1453,map/tiles/12/2172/1453.png
12,2172,1454,map/tiles/12/2172/1454.png
12,2172,1455,map/tiles/12/2172/1455.png
12,2172,1456,map/tiles/12/2172/1456.png
12,2172,1457,map/tiles/12/2172/1457.png
12,2172,1458,map/tiles/12/2172/1458.png
12,2172,1459,map/tiles/12/2172/1459.png
12,2172,1460,map/tiles/12/2172/1460.png
12,2172,1461,map/tiles/12/2172/1461.png
12,2172,1462,map/tiles/12/2172/1462.png
12,2172,1463,map/tiles/12/2172/1463.png
12,2172,1464,map/tiles/12/2172/1464.png
12,2172,1465,map/tiles/12/2172/1465.png
12,2172,1466,map/tiles/12/2172/1466.png
12,2172,1467,map/tiles/12/2172/1467.png
12,2172,1468,map/tiles/12/2172/1468.png
12,2172,1469,map/tiles/12/2172/1469.png
12,2172,1470,map/tiles/12/2172/1470.png
12,2172,1471,map/tiles/12/2172/1471.png
12,2172,1472,map/tiles/12/2172/1472.png
12,2172,1473,map/tiles/12/2172/1473.png
12,2172,1474,map/tiles/12/2172/1474.png
12,2172,1475,map/tiles/12/2172/1475.png
